parameters {

int BmiModel3BootstrapOffset = 0;            //EN First bootstrap replicate to be used
int BmiModel3BootstrapIndexMultiplier = 0;   //EN Allow the use of bootstrap replicates (1) or not (0)

double BMI_Age_group10_t [SEX][BOOTSTRAP_INDEX_39][AR_ORDER_INDEX_4][AGE_GROUP3080 ]={
0.0275389265 ,
0.0257094549 ,
0.0262517509 ,
0.0260560525 ,
0.0244193031 ,
0.0119200378 ,
0 ,
0.040899373 ,
0.0360090667 ,
0.0345953107 ,
0.0326907175 ,
0.028145666 ,
0.0149044154 ,
0 ,
0.0505214003 ,
0.0421645695 ,
0.0401162886 ,
0.0373318259 ,
0.0321490474 ,
0.0188264777 ,
0 ,
0.0541246163 ,
0.0453438766 ,
0.0417852872 ,
0.0395005543 ,
0.0330850152 ,
0.0197863997 ,
0 ,
0.0261914958 ,
0.0254642101 ,
0.0254407146 ,
0.0240379051 ,
0.0232323579 ,
0.0098302677 ,
0 ,
0.0371153226 ,
0.0364516656 ,
0.0326495534 ,
0.0297995385 ,
0.0253764968 ,
0.0128332704 ,
0 ,
0.0443178456 ,
0.0416421816 ,
0.0380979538 ,
0.034266373 ,
0.0283197124 ,
0.0152906023 ,
0 ,
0.0490753399 ,
0.0456399073 ,
0.039784182 ,
0.036203511 ,
0.0301498023 ,
0.0160463569 ,
0 ,
0.0259824396 ,
0.0255773727 ,
0.0234738641 ,
0.0242164207 ,
0.0240762225 ,
0.0098678857 ,
0 ,
0.0387537371 ,
0.0342857467 ,
0.0308640176 ,
0.0307371444 ,
0.0260171727 ,
0.0120990428 ,
0 ,
0.0474848779 ,
0.0397484882 ,
0.0367896671 ,
0.0363404186 ,
0.0308424228 ,
0.0158251332 ,
0 ,
0.0472356545 ,
0.0445565348 ,
0.0374380605 ,
0.0368749519 ,
0.0296393622 ,
0.0155964908 ,
0 ,
0.0275575296 ,
0.0256708553 ,
0.0242846131 ,
0.024744519 ,
0.0232753326 ,
0.0088550409 ,
0 ,
0.0406186131 ,
0.0368688551 ,
0.0331696567 ,
0.032222239 ,
0.0268622799 ,
0.0142497988 ,
0 ,
0.0516155892 ,
0.0461863797 ,
0.041225422 ,
0.0382793199 ,
0.0311318275 ,
0.0194323312 ,
0 ,
0.0577111067 ,
0.0495766058 ,
0.0440630994 ,
0.0421600064 ,
0.0338477943 ,
0.021011499 ,
0 ,
0.0268106114 ,
0.0291144034 ,
0.0264987837 ,
0.0259897065 ,
0.0274782829 ,
0.0127669734 ,
0 ,
0.0384556485 ,
0.0365311043 ,
0.0324855688 ,
0.0312245101 ,
0.0299950508 ,
0.0140975289 ,
0 ,
0.0469626631 ,
0.0433251201 ,
0.0390460171 ,
0.0357379839 ,
0.0345631701 ,
0.0195021272 ,
0 ,
0.0479399437 ,
0.0448445331 ,
0.0393625498 ,
0.0349860792 ,
0.0334512547 ,
0.0197742119 ,
0 ,
0.0234659046 ,
0.0231241602 ,
0.023239344 ,
0.0232108702 ,
0.0199200006 ,
0.008383987 ,
0 ,
0.036569634 ,
0.0340580188 ,
0.0318421423 ,
0.0297530191 ,
0.0231921733 ,
0.0091249037 ,
0 ,
0.0484136465 ,
0.0453729368 ,
0.0410845666 ,
0.0367099242 ,
0.0295358076 ,
0.0144757782 ,
0 ,
0.0503235746 ,
0.0488185556 ,
0.0404065428 ,
0.0387967588 ,
0.0293743584 ,
0.0126636877 ,
0 ,
0.0294755285 ,
0.0267148188 ,
0.0285693692 ,
0.0258834555 ,
0.0250871306 ,
0.0143471309 ,
0 ,
0.0406274672 ,
0.0361127934 ,
0.0361739984 ,
0.0332859895 ,
0.0302607777 ,
0.0176480173 ,
0 ,
0.0472968832 ,
0.040999197 ,
0.0406196059 ,
0.0352261087 ,
0.0325893257 ,
0.0198786467 ,
0 ,
0.0539621089 ,
0.0459185923 ,
0.0447425116 ,
0.0383743945 ,
0.0346646293 ,
0.0204131537 ,
0 ,
0.0272140713 ,
0.0263939635 ,
0.0273032322 ,
0.0277604257 ,
0.024549417 ,
0.0135927984 ,
0 ,
0.0393640106 ,
0.0347361316 ,
0.0342464133 ,
0.0333972449 ,
0.0269195764 ,
0.0160314966 ,
0 ,
0.0489532944 ,
0.0404879468 ,
0.0389079238 ,
0.0380543255 ,
0.0296637039 ,
0.0187970679 ,
0 ,
0.0528123976 ,
0.0428780678 ,
0.0408663307 ,
0.0429886438 ,
0.0320176911 ,
0.0214841386 ,
0 ,
0.0277556279 ,
0.0244031502 ,
0.0261594382 ,
0.0231742456 ,
0.0230508962 ,
0.0107966549 ,
0 ,
0.0440606284 ,
0.0375130395 ,
0.0378273216 ,
0.0311038356 ,
0.0292513296 ,
0.0169805498 ,
0 ,
0.0551438972 ,
0.0439503236 ,
0.0430350359 ,
0.0361529004 ,
0.0343297721 ,
0.0197698357 ,
0 ,
0.0601492849 ,
0.048849215 ,
0.0446630859 ,
0.0404989431 ,
0.0329559117 ,
0.0184450201 ,
0 ,
0.0284692954 ,
0.027251482 ,
0.0260688095 ,
0.0268164449 ,
0.0232097257 ,
0.0112534396 ,
0 ,
0.0447345886 ,
0.0399157501 ,
0.0363922478 ,
0.0351213816 ,
0.0297651199 ,
0.0172202835 ,
0 ,
0.0510141146 ,
0.0429597922 ,
0.0419507035 ,
0.0389376076 ,
0.030091414 ,
0.0207492093 ,
0 ,
0.0512868635 ,
0.0466836399 ,
0.0451455104 ,
0.0427265627 ,
0.0330657511 ,
0.0232144796 ,
0 ,
0.0271367648 ,
0.0216831724 ,
0.0251048597 ,
0.0251759075 ,
0.0250326488 ,
0.0119568479 ,
0 ,
0.0429533838 ,
0.0353463083 ,
0.0362361759 ,
0.0350236207 ,
0.0310304814 ,
0.0174204843 ,
0 ,
0.0519897698 ,
0.0398877348 ,
0.0407201784 ,
0.037542442 ,
0.0353267084 ,
0.0184341543 ,
0 ,
0.0535586119 ,
0.0418172987 ,
0.0415768836 ,
0.0368965673 ,
0.0344142081 ,
0.01871493 ,
0 ,
0.0280635411 ,
0.0242959952 ,
0.0253575108 ,
0.0252448002 ,
0.0239873209 ,
0.0095783799 ,
0 ,
0.0423879548 ,
0.0359092554 ,
0.0353596563 ,
0.0335124561 ,
0.0289287002 ,
0.0121192625 ,
0 ,
0.054223138 ,
0.0429999391 ,
0.0418173132 ,
0.0382821776 ,
0.0334786142 ,
0.0140364381 ,
0 ,
0.0567121006 ,
0.0425759702 ,
0.0405744231 ,
0.0374348128 ,
0.0301327375 ,
0.011168096 ,
0 ,
0.0231787037 ,
0.0212766022 ,
0.0242191441 ,
0.020637153 ,
0.0202326335 ,
0.0064105806 ,
0 ,
0.0371706952 ,
0.0337886792 ,
0.0321838382 ,
0.026777254 ,
0.0237582933 ,
0.0095442297 ,
0 ,
0.050116277 ,
0.0438406295 ,
0.0410357185 ,
0.0350962075 ,
0.0304038817 ,
0.0151113933 ,
0 ,
0.054323256 ,
0.0488192757 ,
0.0444179168 ,
0.0381492891 ,
0.0320186283 ,
0.014964817 ,
0 ,
0.0274610018 ,
0.0257975894 ,
0.0279422048 ,
0.0241617661 ,
0.0227529509 ,
0.0083618791 ,
0 ,
0.0402750115 ,
0.0338636278 ,
0.0345611922 ,
0.0291656886 ,
0.0251995546 ,
0.0099734665 ,
0 ,
0.0505767665 ,
0.041845636 ,
0.0408223303 ,
0.0347696482 ,
0.0308537738 ,
0.0147316484 ,
0 ,
0.0545130745 ,
0.0436341007 ,
0.0417180024 ,
0.0369163417 ,
0.0313234715 ,
0.0139663974 ,
0 ,
0.0302396055 ,
0.0273882355 ,
0.0276242137 ,
0.0268342027 ,
0.0256782049 ,
0.0125735437 ,
0 ,
0.0459823357 ,
0.0403290498 ,
0.0387581415 ,
0.0348446529 ,
0.0316541339 ,
0.0174299767 ,
0 ,
0.0528470558 ,
0.0428169121 ,
0.0418055482 ,
0.0363117296 ,
0.0346807715 ,
0.0192635845 ,
0 ,
0.0564154813 ,
0.0436223386 ,
0.0412663156 ,
0.0362317358 ,
0.0345184923 ,
0.0201472416 ,
0 ,
0.0284139172 ,
0.0232090055 ,
0.0256744579 ,
0.0260798388 ,
0.0240943585 ,
0.0121782672 ,
0 ,
0.0403011695 ,
0.0335276583 ,
0.0324159256 ,
0.0329414781 ,
0.0279439204 ,
0.011725324 ,
0 ,
0.0529830182 ,
0.0421662151 ,
0.0398346881 ,
0.040009725 ,
0.0335301923 ,
0.0167078656 ,
0 ,
0.0562778595 ,
0.0457505983 ,
0.0381319329 ,
0.0393351198 ,
0.0318256922 ,
0.0175227355 ,
0 ,
0.0218466027 ,
0.0200373868 ,
0.0220151494 ,
0.0219394425 ,
0.0198941835 ,
0.0083796981 ,
0 ,
0.0358195436 ,
0.0315933216 ,
0.0303288728 ,
0.0283449649 ,
0.0224814105 ,
0.0113359064 ,
0 ,
0.0461258305 ,
0.0381290502 ,
0.0367959381 ,
0.0340596171 ,
0.0274326979 ,
0.0148576716 ,
0 ,
0.0488499548 ,
0.0394287485 ,
0.0355240158 ,
0.0335807287 ,
0.0264624071 ,
0.0133230667 ,
0 ,
0.0270678727 ,
0.0234343258 ,
0.0261184363 ,
0.0251297307 ,
0.023429922 ,
0.0104258966 ,
0 ,
0.0410492432 ,
0.0331240088 ,
0.0340443024 ,
0.0322140708 ,
0.0274822517 ,
0.0129915052 ,
0 ,
0.0503776212 ,
0.0398018775 ,
0.0392372679 ,
0.0361444014 ,
0.0326925467 ,
0.016180615 ,
0 ,
0.0538012987 ,
0.0433748375 ,
0.0413696481 ,
0.0390178333 ,
0.0356567831 ,
0.0180717903 ,
0 ,
0.0303439711 ,
0.0251286976 ,
0.0273470065 ,
0.0263896042 ,
0.0250260609 ,
0.0157926174 ,
0 ,
0.0414124936 ,
0.035030202 ,
0.036090946 ,
0.0320741596 ,
0.0290628513 ,
0.0200156808 ,
0 ,
0.0495921467 ,
0.038449361 ,
0.0389178251 ,
0.0350961822 ,
0.0310997143 ,
0.0214307627 ,
0 ,
0.0566391287 ,
0.040553418 ,
0.0411944876 ,
0.0370619192 ,
0.032832269 ,
0.0223136312 ,
0 ,
0.0245428504 ,
0.0202904458 ,
0.022269833 ,
0.024244156 ,
0.0191484001 ,
0.0072144041 ,
0 ,
0.0383468014 ,
0.029429389 ,
0.0284483939 ,
0.0299835948 ,
0.022831897 ,
0.0108090236 ,
0 ,
0.0460453673 ,
0.0352647913 ,
0.0324193781 ,
0.0331145291 ,
0.0255900974 ,
0.0119471173 ,
0 ,
0.0522303808 ,
0.036690182 ,
0.0358714505 ,
0.035016402 ,
0.028299094 ,
0.0139185216 ,
0 ,
0.0271887366 ,
0.0239243747 ,
0.0237812429 ,
0.0237038885 ,
0.0240311977 ,
0.0103206558 ,
0 ,
0.0417422845 ,
0.0373742458 ,
0.0337549164 ,
0.0319622436 ,
0.0285333645 ,
0.0159831515 ,
0 ,
0.0526281025 ,
0.043662145 ,
0.038869526 ,
0.0374799517 ,
0.0328148214 ,
0.0200034238 ,
0 ,
0.057493505 ,
0.0484275873 ,
0.0423037017 ,
0.0407064837 ,
0.0350313137 ,
0.0210145426 ,
0 ,
0.027382749 ,
0.0270000024 ,
0.0299739201 ,
0.0279323656 ,
0.0270437657 ,
0.0143228907 ,
0 ,
0.0382032266 ,
0.0356037785 ,
0.0364397309 ,
0.0327633124 ,
0.0280280697 ,
0.0146668024 ,
0 ,
0.0479809179 ,
0.0425624369 ,
0.0419825038 ,
0.0385289107 ,
0.0331800514 ,
0.018615138 ,
0 ,
0.0533871493 ,
0.0447966705 ,
0.0463590155 ,
0.0433189519 ,
0.03540967 ,
0.0195646954 ,
0 ,
0.0250503583 ,
0.0247869324 ,
0.0229075862 ,
0.0244392449 ,
0.0210007793 ,
0.0083675848 ,
0 ,
0.0387368544 ,
0.0357008181 ,
0.0317233599 ,
0.0300738022 ,
0.0218210542 ,
0.0109564863 ,
0 ,
0.0492393946 ,
0.0429745473 ,
0.0373585422 ,
0.0356716525 ,
0.0245705023 ,
0.0153202608 ,
0 ,
0.0529210617 ,
0.0505144279 ,
0.0405587906 ,
0.0377758963 ,
0.0265479135 ,
0.0183299982 ,
0 ,
0.0230524031 ,
0.0202316459 ,
0.0236142701 ,
0.0212208547 ,
0.0193086901 ,
0.0086256787 ,
0 ,
0.0391408943 ,
0.0322393704 ,
0.034545772 ,
0.0305408389 ,
0.0257127486 ,
0.0122492822 ,
0 ,
0.0512573842 ,
0.0404919065 ,
0.0404300673 ,
0.0345106122 ,
0.0315181873 ,
0.0160489629 ,
0 ,
0.0564866925 ,
0.0438844438 ,
0.0415618553 ,
0.0385628048 ,
0.0329726163 ,
0.0190077492 ,
0 ,
0.0287560386 ,
0.0248848985 ,
0.0269172069 ,
0.0275081453 ,
0.0252558681 ,
0.0106607713 ,
0 ,
0.0400177769 ,
0.0337858978 ,
0.0338352189 ,
0.0341992655 ,
0.0283778264 ,
0.0118525463 ,
0 ,
0.0547163742 ,
0.044487537 ,
0.0433399863 ,
0.0420701763 ,
0.0373166022 ,
0.0192421898 ,
0 ,
0.0564588203 ,
0.0476540822 ,
0.0443322117 ,
0.0464243794 ,
0.0387604358 ,
0.020775457 ,
0 ,
0.025930705 ,
0.0251839143 ,
0.0258021644 ,
0.0266970043 ,
0.024892095 ,
0.0119433227 ,
0 ,
0.0378864079 ,
0.0353732117 ,
0.0318543623 ,
0.033136859 ,
0.0253161758 ,
0.0128570844 ,
0 ,
0.0476483196 ,
0.0407982634 ,
0.0381025202 ,
0.0373867788 ,
0.0294360392 ,
0.017420918 ,
0 ,
0.0504020661 ,
0.0447542085 ,
0.041496999 ,
0.0395718218 ,
0.0315517416 ,
0.0189410723 ,
0 ,
0.0260500969 ,
0.0256421306 ,
0.0254350868 ,
0.0251520573 ,
0.0247287501 ,
0.0112711621 ,
0 ,
0.0386420722 ,
0.0349982363 ,
0.0333770668 ,
0.0302210767 ,
0.0277234092 ,
0.0135365515 ,
0 ,
0.0483855173 ,
0.0412096607 ,
0.0414697459 ,
0.0362163381 ,
0.0333801789 ,
0.019575618 ,
0 ,
0.0536311888 ,
0.043725893 ,
0.0431900997 ,
0.0386761644 ,
0.0348281598 ,
0.020988786 ,
0 ,
0.0260571962 ,
0.0246819723 ,
0.0240371437 ,
0.0231198769 ,
0.0215239754 ,
0.0111702449 ,
0 ,
0.0390943516 ,
0.0336773615 ,
0.0303855936 ,
0.0284561171 ,
0.023207302 ,
0.0132286788 ,
0 ,
0.0494339903 ,
0.0411230159 ,
0.0371872939 ,
0.0345349614 ,
0.0283769139 ,
0.0196778066 ,
0 ,
0.0523313543 ,
0.0411143049 ,
0.0364905949 ,
0.034127453 ,
0.0282485976 ,
0.0211185807 ,
0 ,
0.0291887017 ,
0.0265498865 ,
0.0274470934 ,
0.0289627828 ,
0.0253696069 ,
0.0118807074 ,
0 ,
0.0442037702 ,
0.0373397695 ,
0.0361481633 ,
0.0356267994 ,
0.0297994469 ,
0.0156073839 ,
0 ,
0.0548129154 ,
0.047362976 ,
0.0439223004 ,
0.0416391352 ,
0.0328775831 ,
0.0210625167 ,
0 ,
0.0573235516 ,
0.0496582034 ,
0.0466998319 ,
0.0438598868 ,
0.0334070808 ,
0.0216552938 ,
0 ,
0.0260685634 ,
0.0228659679 ,
0.0238331288 ,
0.0220860689 ,
0.0209229886 ,
0.0088518896 ,
0 ,
0.0387652756 ,
0.0311383116 ,
0.0313407605 ,
0.0275136422 ,
0.0241658993 ,
0.0118339246 ,
0 ,
0.0486349184 ,
0.0359070687 ,
0.0388553446 ,
0.0336898702 ,
0.0265848406 ,
0.0167115887 ,
0 ,
0.0504712563 ,
0.0365394059 ,
0.0404070217 ,
0.0351658823 ,
0.0269080078 ,
0.0200816959 ,
0 ,
0.0273561021 ,
0.0227927276 ,
0.026285893 ,
0.0248536838 ,
0.0216258879 ,
0.0106013538 ,
0 ,
0.038265323 ,
0.0310254731 ,
0.033050137 ,
0.0296909483 ,
0.0226492049 ,
0.0133130141 ,
0 ,
0.0477035402 ,
0.0339474349 ,
0.03616701 ,
0.0339087449 ,
0.0257213589 ,
0.0154421365 ,
0 ,
0.0507375393 ,
0.0364500686 ,
0.0380342204 ,
0.0353413077 ,
0.0272238127 ,
0.0183245928 ,
0 ,
0.0266675348 ,
0.0260272842 ,
0.0258432239 ,
0.0265011665 ,
0.0239756431 ,
0.0097444061 ,
0 ,
0.0402236541 ,
0.037628184 ,
0.0341605336 ,
0.034456166 ,
0.0294091726 ,
0.0135813498 ,
0 ,
0.0513606974 ,
0.0441221747 ,
0.0383455784 ,
0.0382156979 ,
0.0313707799 ,
0.0150811302 ,
0 ,
0.0544177073 ,
0.0458351323 ,
0.039506478 ,
0.0406705332 ,
0.0336780511 ,
0.0160159633 ,
0 ,
0.0264754485 ,
0.0250346723 ,
0.0273481005 ,
0.0261411663 ,
0.0251619275 ,
0.0133892496 ,
0 ,
0.0399821723 ,
0.0328716036 ,
0.0349492271 ,
0.0336724749 ,
0.028612011 ,
0.0172026768 ,
0 ,
0.0498015707 ,
0.0401783054 ,
0.0409874603 ,
0.0399871979 ,
0.0340621355 ,
0.0230476855 ,
0 ,
0.0531086728 ,
0.0431950034 ,
0.0437692254 ,
0.0403722376 ,
0.0351999651 ,
0.0250217691 ,
0 ,
0.0227055152 ,
0.0223619962 ,
0.0214424731 ,
0.0235360897 ,
0.0181883039 ,
0.006657079 ,
0 ,
0.0366510636 ,
0.0310404377 ,
0.0306432485 ,
0.031520316 ,
0.0228714859 ,
0.0115327997 ,
0 ,
0.0437827636 ,
0.0326467635 ,
0.0339958474 ,
0.0338608881 ,
0.0246198618 ,
0.0120702987 ,
0 ,
0.0482504615 ,
0.0311246941 ,
0.0364187449 ,
0.0338942567 ,
0.0234235482 ,
0.0097560221 ,
0 ,
0.0275014263 ,
0.0247040944 ,
0.0263021587 ,
0.0260228573 ,
0.0218465318 ,
0.0094786656 ,
0 ,
0.0394873848 ,
0.0331596192 ,
0.0331812569 ,
0.0321568112 ,
0.0247040525 ,
0.0111483308 ,
0 ,
0.049868547 ,
0.0404781284 ,
0.0386150223 ,
0.0372730346 ,
0.0288286179 ,
0.0144896071 ,
0 ,
0.0514225545 ,
0.0396887258 ,
0.0367947326 ,
0.0375603858 ,
0.0296826015 ,
0.0146375883 ,
0 ,
0.0232959044 ,
0.0230694818 ,
0.0235398967 ,
0.0236294418 ,
0.0230813631 ,
0.0083236548 ,
0 ,
0.0378081773 ,
0.0361723283 ,
0.0340568428 ,
0.0322693624 ,
0.0295620482 ,
0.0136713386 ,
0 ,
0.0458673053 ,
0.0412623541 ,
0.0390935331 ,
0.0363167838 ,
0.0334559669 ,
0.0149870625 ,
0 ,
0.052375276 ,
0.0466455279 ,
0.0408994271 ,
0.0377000498 ,
0.0350462186 ,
0.0155028316 ,
0 ,
0.0269224699 ,
0.0246550855 ,
0.0248723439 ,
0.0243722627 ,
0.0216588597 ,
0.0091910105 ,
0 ,
0.0384211577 ,
0.0318995533 ,
0.0322931004 ,
0.0293641432 ,
0.0248068321 ,
0.0106254592 ,
0 ,
0.047406284 ,
0.0372329295 ,
0.0383053273 ,
0.0340976828 ,
0.029851338 ,
0.0129693487 ,
0 ,
0.0511185776 ,
0.0418917641 ,
0.0382684908 ,
0.0380272042 ,
0.0301427984 ,
0.0136446586 ,
0 ,
0.0263528526 ,
0.0252164643 ,
0.0255102745 ,
0.0268318107 ,
0.0228012716 ,
0.0116961665 ,
0 ,
0.0401350078 ,
0.0353511034 ,
0.0348933061 ,
0.0348221329 ,
0.0269792192 ,
0.015276779 ,
0 ,
0.0494411646 ,
0.0419440945 ,
0.0400130349 ,
0.0374884812 ,
0.0300856696 ,
0.018428354 ,
0 ,
0.0529669718 ,
0.0450204948 ,
0.0398533399 ,
0.0393549414 ,
0.0297306894 ,
0.0187418987 ,
0 ,
0.0237127714 ,
0.0233945121 ,
0.0225612242 ,
0.0223752012 ,
0.0215346837 ,
0.0071389018 ,
0 ,
0.036388904 ,
0.0333810721 ,
0.0287842048 ,
0.0274203731 ,
0.0229602327 ,
0.0100255875 ,
0 ,
0.0466388227 ,
0.0355681209 ,
0.0334462985 ,
0.0310477419 ,
0.0265528796 ,
0.0122634739 ,
0 ,
0.0554342582 ,
0.0405019727 ,
0.0367444148 ,
0.033436896 ,
0.0281290288 ,
0.0135743022 ,
0 ,
0.030880876 ,
0.028123105 ,
0.0266401969 ,
0.0278180356 ,
0.0281020959 ,
0.0125657121 ,
0 ,
0.0416479207 ,
0.0353050768 ,
0.0325244662 ,
0.0316630724 ,
0.029838977 ,
0.0149308103 ,
0 ,
0.0531660474 ,
0.042757357 ,
0.0399021069 ,
0.038333548 ,
0.0357183273 ,
0.0195705028 ,
0 ,
0.0551562911 ,
0.0444602196 ,
0.0402926092 ,
0.04037741 ,
0.0360320001 ,
0.0171346918 ,
0 ,
0.0327192847 ,
0.0272204455 ,
0.0267223748 ,
0.0240847381 ,
0.0187364664 ,
0.0109999605 ,
0 ,
0.0440974582 ,
0.0301615691 ,
0.0279388618 ,
0.0249011794 ,
0.0183276847 ,
0.0091857979 ,
0 ,
0.0502041556 ,
0.0312985535 ,
0.027823542 ,
0.024852882 ,
0.0185581938 ,
0.0099149538 ,
0 ,
0.059407869 ,
0.0349912183 ,
0.0317907966 ,
0.0288972601 ,
0.0224777099 ,
0.0142728847 ,
0 ,
0.0330325078 ,
0.0278568499 ,
0.0256311061 ,
0.0247098245 ,
0.0180109442 ,
0.0093652901 ,
0 ,
0.0452266366 ,
0.0308536446 ,
0.0276716782 ,
0.0250587563 ,
0.0161682853 ,
0.0084398819 ,
0 ,
0.0522552925 ,
0.0346130757 ,
0.0309865268 ,
0.0272911761 ,
0.019540368 ,
0.010613122 ,
0 ,
0.0605116908 ,
0.0371984309 ,
0.0345950993 ,
0.032069182 ,
0.023385193 ,
0.0166054419 ,
0 ,
0.0334934441 ,
0.0250241638 ,
0.0256852538 ,
0.0224122529 ,
0.0162668414 ,
0.0097479527 ,
0 ,
0.0465340208 ,
0.0274841463 ,
0.0256826137 ,
0.0208750837 ,
0.0135912311 ,
0.0070765155 ,
0 ,
0.0515540103 ,
0.0258318531 ,
0.0227864649 ,
0.0191261056 ,
0.0126800381 ,
0.0053760381 ,
0 ,
0.0588343047 ,
0.0280249775 ,
0.0244798567 ,
0.0213528506 ,
0.0155949016 ,
0.0069217588 ,
0 ,
0.0354608819 ,
0.0297225202 ,
0.0284149194 ,
0.0259915369 ,
0.0214074779 ,
0.0143163 ,
0 ,
0.0508381083 ,
0.0357565326 ,
0.0324141014 ,
0.0288788291 ,
0.0230869793 ,
0.0158238061 ,
0 ,
0.0568135785 ,
0.0357683527 ,
0.0321749472 ,
0.0274450035 ,
0.0216418859 ,
0.0143835529 ,
0 ,
0.0662349892 ,
0.0388465908 ,
0.0363537517 ,
0.0331630265 ,
0.0255814105 ,
0.0193148253 ,
0 ,
0.0332119219 ,
0.0274357497 ,
0.0286321658 ,
0.024485892 ,
0.0204806152 ,
0.0116334902 ,
0 ,
0.0423563554 ,
0.0291569176 ,
0.027619817 ,
0.022452435 ,
0.0180157974 ,
0.0086944347 ,
0 ,
0.0523171543 ,
0.0329222246 ,
0.0285893161 ,
0.0235889543 ,
0.019556667 ,
0.0096236058 ,
0 ,
0.0618475871 ,
0.039059126 ,
0.032593668 ,
0.029672978 ,
0.0227920016 ,
0.0143109692 ,
0 ,
0.032936825 ,
0.0277569681 ,
0.0300070476 ,
0.0265015624 ,
0.0214452014 ,
0.0138237582 ,
0 ,
0.0469471611 ,
0.0347774846 ,
0.0341688565 ,
0.0296277052 ,
0.0235155741 ,
0.0153635477 ,
0 ,
0.0528297878 ,
0.036135516 ,
0.035492576 ,
0.0300121502 ,
0.0239078641 ,
0.0159081433 ,
0 ,
0.0618158865 ,
0.0367766399 ,
0.0367194458 ,
0.0317301105 ,
0.0256905294 ,
0.0185534678 ,
0 ,
0.0344601978 ,
0.0279059662 ,
0.0276097179 ,
0.026700204 ,
0.0220645613 ,
0.0105397809 ,
0 ,
0.0455068562 ,
0.0313604197 ,
0.0286795454 ,
0.0275803779 ,
0.0211545546 ,
0.0082897036 ,
0 ,
0.0541286033 ,
0.0334085674 ,
0.032326599 ,
0.029227168 ,
0.0233258986 ,
0.011727781 ,
0 ,
0.0604633727 ,
0.0341558724 ,
0.0315509509 ,
0.030009489 ,
0.0234429405 ,
0.0137980692 ,
0 ,
0.0308244513 ,
0.0255046353 ,
0.0252974765 ,
0.0222447144 ,
0.0173449023 ,
0.0093860314 ,
0 ,
0.0379710609 ,
0.0247932372 ,
0.0233864911 ,
0.0196977049 ,
0.0158497326 ,
0.0048933918 ,
0 ,
0.0445725985 ,
0.0268849274 ,
0.023555943 ,
0.0200095263 ,
0.0160996491 ,
0.0064049856 ,
0 ,
0.0511239237 ,
0.0289248883 ,
0.0280478065 ,
0.0222865172 ,
0.0194302161 ,
0.0108510457 ,
0 ,
0.0347015371 ,
0.0275493381 ,
0.0284369318 ,
0.0246992074 ,
0.0200357921 ,
0.0132666662 ,
0 ,
0.0502595805 ,
0.0337728542 ,
0.0329385146 ,
0.0269224698 ,
0.0224828232 ,
0.013781727 ,
0 ,
0.0566687418 ,
0.0349171374 ,
0.0311916574 ,
0.0269365939 ,
0.0247008708 ,
0.0137405066 ,
0 ,
0.0640021157 ,
0.0390235346 ,
0.0354771713 ,
0.0307330716 ,
0.029567675 ,
0.0171879896 ,
0 ,
0.0311972509 ,
0.02514148 ,
0.0252682912 ,
0.0230225097 ,
0.0170101766 ,
0.0091869301 ,
0 ,
0.0413259961 ,
0.0249547679 ,
0.0231617395 ,
0.0213157705 ,
0.0142799748 ,
0.0030719814 ,
0 ,
0.0477697613 ,
0.026182123 ,
0.0222539627 ,
0.0213469543 ,
0.0139646216 ,
0.0035811207 ,
0 ,
0.0598220206 ,
0.0315180687 ,
0.0292548978 ,
0.0290152903 ,
0.0203437605 ,
0.0097023343 ,
0 ,
0.035773665 ,
0.0313635066 ,
0.0297914925 ,
0.0273876345 ,
0.0221751399 ,
0.0127549417 ,
0 ,
0.0477287915 ,
0.0352368602 ,
0.0323345977 ,
0.0300431868 ,
0.0230183145 ,
0.0135090217 ,
0 ,
0.0547825708 ,
0.0359393314 ,
0.0322153451 ,
0.029228099 ,
0.0235565154 ,
0.014387533 ,
0 ,
0.0605196961 ,
0.0376031072 ,
0.0345304552 ,
0.0320614335 ,
0.0267742245 ,
0.017886319 ,
0 ,
0.036686485 ,
0.0296134778 ,
0.0298967444 ,
0.0248757721 ,
0.0213913373 ,
0.0148495297 ,
0 ,
0.0451817372 ,
0.0316155803 ,
0.030166109 ,
0.0249265673 ,
0.018457366 ,
0.0143342576 ,
0 ,
0.0532684377 ,
0.0355881397 ,
0.0331363682 ,
0.0280378111 ,
0.0227919704 ,
0.0170347028 ,
0 ,
0.0673722555 ,
0.0400698777 ,
0.0399619097 ,
0.0331048263 ,
0.0280140842 ,
0.0211028584 ,
0 ,
0.0372778653 ,
0.0308144417 ,
0.032522295 ,
0.0271185888 ,
0.0224860585 ,
0.0154797578 ,
0 ,
0.0505565301 ,
0.0348630238 ,
0.0350331976 ,
0.0300920942 ,
0.022615359 ,
0.0149876682 ,
0 ,
0.0560673809 ,
0.0343742617 ,
0.0330138087 ,
0.0281625881 ,
0.0208894894 ,
0.013823775 ,
0 ,
0.0654074054 ,
0.0360910848 ,
0.0378577765 ,
0.031430844 ,
0.0239986944 ,
0.0173032671 ,
0 ,
0.0350295764 ,
0.0293379749 ,
0.0284169532 ,
0.0244113661 ,
0.0213685724 ,
0.011292073 ,
0 ,
0.0508415095 ,
0.0346582582 ,
0.0315431954 ,
0.0281000813 ,
0.0236320452 ,
0.0110593195 ,
0 ,
0.0534081962 ,
0.0334766514 ,
0.0298204871 ,
0.0255595742 ,
0.0212542577 ,
0.0116386162 ,
0 ,
0.0616022428 ,
0.0366398512 ,
0.0330878885 ,
0.0298297784 ,
0.0263397477 ,
0.0151423159 ,
0 ,
0.035285424 ,
0.0281270246 ,
0.0268874209 ,
0.0236273102 ,
0.0206875913 ,
0.0112340611 ,
0 ,
0.0448415954 ,
0.0279523254 ,
0.0266180853 ,
0.0228276061 ,
0.0170826504 ,
0.0067392261 ,
0 ,
0.0510630168 ,
0.0306171593 ,
0.0277790902 ,
0.0241784225 ,
0.0193208754 ,
0.009812664 ,
0 ,
0.0639242623 ,
0.0354916129 ,
0.0325574274 ,
0.0305860909 ,
0.0252997185 ,
0.0134087973 ,
0 ,
0.0322701056 ,
0.0265421412 ,
0.0247369184 ,
0.0226727399 ,
0.0179001683 ,
0.0098951982 ,
0 ,
0.0459671261 ,
0.0299168239 ,
0.026076881 ,
0.0244272268 ,
0.0174655772 ,
0.0087592264 ,
0 ,
0.0512236174 ,
0.0310173308 ,
0.0261418382 ,
0.0234105038 ,
0.0168978799 ,
0.0086101359 ,
0 ,
0.0578944115 ,
0.0334229698 ,
0.0274697754 ,
0.025398499 ,
0.0189018594 ,
0.0094226174 ,
0 ,
0.0319883526 ,
0.026298591 ,
0.0282564568 ,
0.0244012749 ,
0.0180761346 ,
0.0110823749 ,
0 ,
0.0417605537 ,
0.0283783502 ,
0.028964035 ,
0.023915129 ,
0.0160237255 ,
0.0065278145 ,
0 ,
0.045127704 ,
0.0288621057 ,
0.0268457887 ,
0.021449722 ,
0.0138506679 ,
0.0050340115 ,
0 ,
0.0571705619 ,
0.0358925466 ,
0.0338266384 ,
0.0275055985 ,
0.0220786423 ,
0.0103697296 ,
0 ,
0.0309202238 ,
0.0270025037 ,
0.0242805846 ,
0.0222290868 ,
0.0193963718 ,
0.008376072 ,
0 ,
0.0413394563 ,
0.0272857139 ,
0.024829729 ,
0.0209977962 ,
0.0176407067 ,
0.0045950691 ,
0 ,
0.0507238546 ,
0.0315521948 ,
0.0284519257 ,
0.023951388 ,
0.020292869 ,
0.0067541103 ,
0 ,
0.0563777611 ,
0.0331605144 ,
0.0295572752 ,
0.0255754131 ,
0.0206487263 ,
0.0093466391 ,
0 ,
0.0330875719 ,
0.02673999 ,
0.0255603594 ,
0.0250105928 ,
0.018723866 ,
0.0087570016 ,
0 ,
0.0442539169 ,
0.0304791307 ,
0.028065242 ,
0.0269738053 ,
0.0198481211 ,
0.0092019907 ,
0 ,
0.048795899 ,
0.0317350533 ,
0.0284111831 ,
0.0272817531 ,
0.0201123546 ,
0.0098778163 ,
0 ,
0.0593945766 ,
0.0388617234 ,
0.0353717781 ,
0.0346111479 ,
0.0266609683 ,
0.0160889018 ,
0 ,
0.0356282441 ,
0.028660777 ,
0.0277113792 ,
0.0257351257 ,
0.0193489885 ,
0.0111796222 ,
0 ,
0.0462789548 ,
0.03223368 ,
0.0291900329 ,
0.0275115633 ,
0.0183862292 ,
0.0085580314 ,
0 ,
0.0536691636 ,
0.0358069111 ,
0.0311059361 ,
0.0284407948 ,
0.0187204324 ,
0.0094766538 ,
0 ,
0.0632965395 ,
0.0395076981 ,
0.0343920015 ,
0.0299056858 ,
0.0215110782 ,
0.0123531537 ,
0 ,
0.0288293422 ,
0.0250290715 ,
0.0235078697 ,
0.0204315031 ,
0.0166242005 ,
0.0079517035 ,
0 ,
0.0387351758 ,
0.0261285353 ,
0.023705748 ,
0.0194982698 ,
0.0151402703 ,
0.0049901591 ,
0 ,
0.0487678285 ,
0.0316720946 ,
0.0259422346 ,
0.0216249441 ,
0.0180912384 ,
0.0089725014 ,
0 ,
0.0577114964 ,
0.0333548167 ,
0.0290401863 ,
0.0260632325 ,
0.0237056448 ,
0.0149051694 ,
0 ,
0.031418618 ,
0.0279882834 ,
0.0258508136 ,
0.0243454597 ,
0.0171689629 ,
0.0103010846 ,
0 ,
0.0444995059 ,
0.0310646328 ,
0.0267225318 ,
0.0259593695 ,
0.0155474835 ,
0.0098187984 ,
0 ,
0.0524631491 ,
0.0337463182 ,
0.0309295136 ,
0.0288010999 ,
0.0199895813 ,
0.0151964057 ,
0 ,
0.0568987416 ,
0.0335364434 ,
0.0317988792 ,
0.0281827768 ,
0.0219474474 ,
0.0166753402 ,
0 ,
0.0317611494 ,
0.0264532798 ,
0.0259164755 ,
0.0222737884 ,
0.015632692 ,
0.0089506157 ,
0 ,
0.0409057953 ,
0.027223438 ,
0.0259355202 ,
0.0217831443 ,
0.0136117778 ,
0.0047977955 ,
0 ,
0.0446940156 ,
0.025986781 ,
0.0234533284 ,
0.0205176493 ,
0.0127241841 ,
0.0037877913 ,
0 ,
0.0536734804 ,
0.0298307821 ,
0.0272422616 ,
0.0248304668 ,
0.0166783672 ,
0.0091265207 ,
0 ,
0.0302519024 ,
0.0256413823 ,
0.027073591 ,
0.0250243615 ,
0.0187145147 ,
0.0118717298 ,
0 ,
0.0383650095 ,
0.0246085536 ,
0.0245594798 ,
0.0215935025 ,
0.0148409933 ,
0.005853509 ,
0 ,
0.0437374238 ,
0.0257989698 ,
0.02502795 ,
0.0216905664 ,
0.0148776869 ,
0.0078206937 ,
0 ,
0.0597249936 ,
0.0314995168 ,
0.0370202429 ,
0.0304811154 ,
0.0237634931 ,
0.0164571883 ,
0 ,
0.0313670764 ,
0.0229415033 ,
0.0231670505 ,
0.0214305205 ,
0.0194765256 ,
0.0081294841 ,
0 ,
0.0416038716 ,
0.0253043555 ,
0.0216993741 ,
0.0207442176 ,
0.0169486522 ,
0.0047776899 ,
0 ,
0.0494456897 ,
0.0295818789 ,
0.0251372542 ,
0.0220277475 ,
0.0192993044 ,
0.0086483967 ,
0 ,
0.0615554437 ,
0.0354448903 ,
0.0301979924 ,
0.0294750762 ,
0.0265845166 ,
0.0174388643 ,
0 ,
0.0357050016 ,
0.0282495683 ,
0.0292176412 ,
0.0252995887 ,
0.0204766228 ,
0.0122107744 ,
0 ,
0.0491397986 ,
0.0326775491 ,
0.0318291381 ,
0.0269196648 ,
0.0211102493 ,
0.0111248642 ,
0 ,
0.0495545774 ,
0.0270876894 ,
0.0260729572 ,
0.0216496867 ,
0.0153564516 ,
0.0063226768 ,
0 ,
0.0588835409 ,
0.0317063282 ,
0.03090441 ,
0.0251470917 ,
0.0205609706 ,
0.010141742 ,
0 ,
0.0342630789 ,
0.0289372795 ,
0.0299010007 ,
0.0273989662 ,
0.0217215356 ,
0.0125771489 ,
0 ,
0.0434720575 ,
0.0302408286 ,
0.0281097225 ,
0.0255340257 ,
0.0176891822 ,
0.0101474473 ,
0 ,
0.0517622668 ,
0.0305879977 ,
0.0285029428 ,
0.0261898213 ,
0.0188765647 ,
0.0124762176 ,
0 ,
0.0613562602 ,
0.0352189146 ,
0.0312115398 ,
0.028797266 ,
0.0215433985 ,
0.0163209084 ,
0 ,
0.0333270267 ,
0.0265938628 ,
0.0245963455 ,
0.0227523967 ,
0.0168213503 ,
0.0115393084 ,
0 ,
0.0451874988 ,
0.0287866703 ,
0.0265109836 ,
0.0236081354 ,
0.0154388547 ,
0.0096393682 ,
0 ,
0.0506584873 ,
0.0299831209 ,
0.0283621106 ,
0.0255583553 ,
0.0164277568 ,
0.011746847 ,
0 ,
0.0590922917 ,
0.0351987531 ,
0.0349329918 ,
0.0306702441 ,
0.0230492346 ,
0.0194241368 ,
0 ,
0.0310654108 ,
0.0259177196 ,
0.0261075462 ,
0.0229378552 ,
0.0206385619 ,
0.0096397201 ,
0 ,
0.0447424644 ,
0.029021839 ,
0.0274417897 ,
0.0250103748 ,
0.0218308768 ,
0.0081372622 ,
0 ,
0.0479286117 ,
0.0258020509 ,
0.0236864948 ,
0.0219416223 ,
0.0203991677 ,
0.0067128121 ,
0 ,
0.0556284691 ,
0.0286905456 ,
0.0271069215 ,
0.0261150871 ,
0.0239818291 ,
0.0106552236 ,
0 ,
0.0327801882 ,
0.0276231508 ,
0.025433014 ,
0.024905621 ,
0.0185170163 ,
0.0118592717 ,
0 ,
0.0433008081 ,
0.0285751901 ,
0.0262429754 ,
0.0245226914 ,
0.0177641112 ,
0.0095476792 ,
0 ,
0.0482000487 ,
0.0293269921 ,
0.0247330119 ,
0.0247824502 ,
0.0177616669 ,
0.0107376055 ,
0 ,
0.0581155661 ,
0.0347455117 ,
0.0310480388 ,
0.0299900918 ,
0.0221691325 ,
0.0175498314 ,
0 ,
0.0279923514 ,
0.0265415552 ,
0.0233099033 ,
0.0220643506 ,
0.0171934414 ,
0.0098716832 ,
0 ,
0.0360221804 ,
0.0269634751 ,
0.0234754297 ,
0.021277358 ,
0.0149061269 ,
0.0069918123 ,
0 ,
0.0422511377 ,
0.0289381223 ,
0.0244520262 ,
0.0214807775 ,
0.0167933089 ,
0.0081427836 ,
0 ,
0.0486847471 ,
0.0298746919 ,
0.0273832878 ,
0.0246926505 ,
0.01873526 ,
0.0115933014 ,
0 ,
0.0296852052 ,
0.0217384427 ,
0.0244298826 ,
0.0209349596 ,
0.0169512778 ,
0.0099278574 ,
0 ,
0.0432997276 ,
0.0277316072 ,
0.0287696388 ,
0.0233071094 ,
0.0189940661 ,
0.0101854558 ,
0 ,
0.0440680591 ,
0.0266292337 ,
0.0262286007 ,
0.0216742736 ,
0.0153147221 ,
0.0071386478 ,
0 ,
0.0511466043 ,
0.0297581423 ,
0.0294936427 ,
0.0266539716 ,
0.0177856224 ,
0.0105216449 ,
0 ,
0.0324044023 ,
0.0274152585 ,
0.0277748035 ,
0.0249904632 ,
0.0198790055 ,
0.0093372589 ,
0 ,
0.0442765718 ,
0.0309297855 ,
0.0296549503 ,
0.025658459 ,
0.0195016364 ,
0.0061727525 ,
0 ,
0.0512604872 ,
0.0317564534 ,
0.0309884363 ,
0.026450179 ,
0.0197153124 ,
0.007494325 ,
0 ,
0.0645627232 ,
0.0396723395 ,
0.0375836656 ,
0.0344026436 ,
0.0261797792 ,
0.014419102 ,
0 ,
0.0323370675 ,
0.0270543364 ,
0.0267673371 ,
0.0239962945 ,
0.0191397589 ,
0.0118612271 ,
0 ,
0.0430528548 ,
0.0302200116 ,
0.0288319216 ,
0.0259295229 ,
0.0184210499 ,
0.0096320592 ,
0 ,
0.0498465884 ,
0.030086552 ,
0.0283684644 ,
0.0250456799 ,
0.0194666226 ,
0.0102396453 ,
0 ,
0.0590028777 ,
0.0335130554 ,
0.0345390683 ,
0.0304820474 ,
0.02478177 ,
0.0140086792 ,
0 ,
0.0321742762 ,
0.0276164359 ,
0.0264401411 ,
0.0241028694 ,
0.0185466272 ,
0.0121977338 ,
0 ,
0.0431932185 ,
0.0320164833 ,
0.0283878069 ,
0.0252867332 ,
0.019940807 ,
0.0119044012 ,
0 ,
0.0505784301 ,
0.0349306337 ,
0.030127046 ,
0.0262267297 ,
0.0206460407 ,
0.0127111896 ,
0 ,
0.0629759317 ,
0.0398830646 ,
0.0375626298 ,
0.0310835837 ,
0.0261180975 ,
0.0183324684 ,
0 ,
0.0352241946 ,
0.0311951443 ,
0.0306610736 ,
0.0262688619 ,
0.021068878 ,
0.0133484441 ,
0 ,
0.0494129479 ,
0.0367795677 ,
0.0345305305 ,
0.02968507 ,
0.0220656902 ,
0.0145956757 ,
0 ,
0.0501187896 ,
0.0298266204 ,
0.0275910199 ,
0.0230531294 ,
0.0157014903 ,
0.0096554863 ,
0 ,
0.0599038754 ,
0.0320883769 ,
0.0315464158 ,
0.0260684965 ,
0.0196640914 ,
0.0156568359 ,
0 ,
0.0319549721 ,
0.0287055441 ,
0.0263938601 ,
0.0248476888 ,
0.0203691614 ,
0.0139606419 ,
0 ,
0.0434841352 ,
0.0331970739 ,
0.0278087369 ,
0.0261827382 ,
0.021296328 ,
0.0120518017 ,
0 ,
0.0508752993 ,
0.0365137402 ,
0.0286376726 ,
0.0277815626 ,
0.0241975027 ,
0.0146217363 ,
0 ,
0.0583181408 ,
0.0375682059 ,
0.0313312055 ,
0.0288686233 ,
0.0266471958 ,
0.0175937423 ,
0 ,
0.0345077987 ,
0.0283876881 ,
0.0268063303 ,
0.0237500934 ,
0.0197196979 ,
0.0120056771 ,
0 ,
0.0438121306 ,
0.0295688355 ,
0.0264836482 ,
0.0226299335 ,
0.0175167509 ,
0.0094305697 ,
0 ,
0.0494010199 ,
0.0293244559 ,
0.0256771785 ,
0.0226947349 ,
0.0184992985 ,
0.0074023956 ,
0 ,
0.0661858943 ,
0.0396114558 ,
0.0335113254 ,
0.0315532407 ,
0.0286538031 ,
0.016229659 ,
0 ,
0.034654397 ,
0.0288568035 ,
0.028435941 ,
0.025894737 ,
0.0217797471 ,
0.0115031205 ,
0 ,
0.0441086751 ,
0.0307200571 ,
0.0282510764 ,
0.0253508595 ,
0.0198029119 ,
0.0078866036 ,
0 ,
0.0540360269 ,
0.0336460267 ,
0.0307180779 ,
0.0274067592 ,
0.0201154901 ,
0.0098055201 ,
0 ,
0.064611586 ,
0.0384382215 ,
0.0341087368 ,
0.0322701975 ,
0.023341365 ,
0.0158908082 ,
0 ,
0.0317714452 ,
0.0271750452 ,
0.024467952 ,
0.0243106119 ,
0.0186676616 ,
0.0099865255 ,
0 ,
0.0422071455 ,
0.0284621038 ,
0.0238480294 ,
0.0233981552 ,
0.0156803963 ,
0.0085365861 ,
0 ,
0.0499267988 ,
0.0307395819 ,
0.0261847801 ,
0.023365909 ,
0.0150997041 ,
0.0101892795 ,
0 ,
0.0596811516 ,
0.033423113 ,
0.0283409511 ,
0.0258894705 ,
0.019327803 ,
0.0137368622 ,
0 ,
};
 
 
double BMI_Bike2job_some_t [SEX][BOOTSTRAP_INDEX_39][AR_ORDER_INDEX_4][BIKE_ERRANDS ]={
0 ,
-0.001751558 ,
0 ,
-0.00305395 ,
0 ,
-0.003855066 ,
0 ,
-0.005059333 ,
0 ,
0.0014874227 ,
0 ,
0.0027399511 ,
0 ,
0.0008180181 ,
0 ,
-0.000645408 ,
0 ,
-0.001183779 ,
0 ,
-0.003352997 ,
0 ,
-0.001858727 ,
0 ,
-0.004835032 ,
0 ,
0.0018839798 ,
0 ,
0.0019458131 ,
0 ,
-0.002527443 ,
0 ,
-0.000253834 ,
0 ,
-0.001536738 ,
0 ,
-0.002805795 ,
0 ,
-0.001208927 ,
0 ,
-0.003090112 ,
0 ,
-0.001772706 ,
0 ,
-0.004168377 ,
0 ,
-0.003389067 ,
0 ,
-0.006371697 ,
0 ,
-0.001427362 ,
0 ,
-0.000445154 ,
0 ,
-0.001721994 ,
0 ,
-0.001786489 ,
0 ,
-0.001684671 ,
0 ,
-0.000530874 ,
0 ,
-0.001886893 ,
0 ,
-0.000465126 ,
0 ,
-0.00303713 ,
0 ,
-0.004189451 ,
0 ,
-0.007082648 ,
0 ,
-0.010580183 ,
0 ,
-0.004495636 ,
0 ,
-0.004694303 ,
0 ,
-0.008207633 ,
0 ,
-0.005586072 ,
0 ,
0.0074706037 ,
0 ,
0.0039171886 ,
0 ,
0.0021589586 ,
0 ,
0.0026684624 ,
0 ,
-0.003474735 ,
0 ,
-0.003505814 ,
0 ,
-0.007990907 ,
0 ,
-0.009802157 ,
0 ,
-0.001754784 ,
0 ,
-0.001759526 ,
0 ,
-0.005215063 ,
0 ,
-0.002392643 ,
0 ,
-0.005260785 ,
0 ,
-0.005441264 ,
0 ,
-0.003900615 ,
0 ,
-0.00749473 ,
0 ,
0.0002678412 ,
0 ,
-0.002495367 ,
0 ,
-0.003343794 ,
0 ,
-0.005349934 ,
0 ,
-0.007925013 ,
0 ,
-0.007106433 ,
0 ,
-0.006539778 ,
0 ,
-0.013625439 ,
0 ,
-0.004611511 ,
0 ,
-0.006181469 ,
0 ,
-0.004751392 ,
0 ,
-0.008086824 ,
0 ,
-0.002960514 ,
0 ,
-0.004223623 ,
0 ,
-0.003137805 ,
0 ,
-0.004103511 ,
0 ,
-0.004620608 ,
0 ,
-0.005319998 ,
0 ,
-0.002721645 ,
0 ,
-0.002703087 ,
0 ,
-0.002874392 ,
0 ,
-0.003254239 ,
0 ,
-0.000080792 ,
0 ,
0.0012978293 ,
0 ,
-0.001443332 ,
0 ,
-0.001678426 ,
0 ,
-0.003577892 ,
0 ,
-0.004614683 ,
0 ,
-0.002600218 ,
0 ,
0.000065878 ,
0 ,
-0.0030306 ,
0 ,
-0.004597651 ,
0 ,
-0.003498795 ,
0 ,
-0.004483074 ,
0 ,
-0.008567124 ,
0 ,
-0.012163155 ,
0 ,
-0.003286398 ,
0 ,
-0.00574927 ,
0 ,
-0.007585214 ,
0 ,
-0.009484173 ,
0 ,
0.0009534933 ,
0 ,
-0.003935559 ,
0 ,
-0.004630547 ,
0 ,
-0.008290831 ,
0 ,
-0.000467031 ,
0 ,
-0.001415538 ,
0 ,
0.0003184809 ,
0 ,
-0.002870787 ,
0 ,
-0.00227472 ,
0 ,
-0.003105347 ,
0 ,
-0.001980777 ,
0 ,
0.0006119726 ,
0 ,
-0.004190319 ,
0 ,
-0.006272655 ,
0 ,
-0.004438474 ,
0 ,
-0.004666329 ,
0 ,
-0.002085007 ,
0 ,
-0.003020347 ,
0 ,
-0.003914923 ,
0 ,
-0.00245059 ,
0 ,
-0.000438049 ,
0 ,
-0.003255091 ,
0 ,
-0.004456926 ,
0 ,
-0.003937627 ,
0 ,
0.0001632298 ,
0 ,
-0.002342699 ,
0 ,
-0.005032091 ,
0 ,
-0.006375189 ,
0 ,
-0.003493956 ,
0 ,
-0.00439326 ,
0 ,
-0.004808006 ,
0 ,
-0.001943597 ,
0 ,
-0.006105686 ,
0 ,
-0.005073646 ,
0 ,
-0.00467315 ,
0 ,
-0.006720104 ,
0 ,
-0.005721939 ,
0 ,
-0.00652444 ,
0 ,
-0.007230647 ,
0 ,
-0.010697992 ,
0 ,
-0.001112026 ,
0 ,
-0.002029694 ,
0 ,
-0.004666419 ,
0 ,
-0.004337112 ,
0 ,
-0.00256537 ,
0 ,
-0.003031098 ,
0 ,
-0.002296806 ,
0 ,
-0.002169784 ,
0 ,
0.0034487261 ,
0 ,
0.0001836016 ,
0 ,
-0.003460013 ,
0 ,
-0.005399443 ,
0 ,
-0.006161355 ,
0 ,
-0.008398585 ,
0 ,
-0.007922808 ,
0 ,
-0.015299234 ,
0 ,
0.000403476 ,
0 ,
0.0023968412 ,
0 ,
0.0008740839 ,
0 ,
0.0038554645 ,
0 ,
0.0009123682 ,
0 ,
0.0010696019 ,
0 ,
0.0000797656 ,
0 ,
-0.003553355 ,
0 ,
-0.005314861 ,
0 ,
-0.003999216 ,
0 ,
-0.004108946 ,
0 ,
-0.006911874 ,
0 ,
-0.005217292 ,
0 ,
-0.003667853 ,
0 ,
-0.004206281 ,
0 ,
-0.006743502 ,
0 ,
-0.004379439 ,
0 ,
-0.002822128 ,
0 ,
-0.002573494 ,
0 ,
-0.007089971 ,
0 ,
-0.007165953 ,
0 ,
-0.005292885 ,
0 ,
-0.006647704 ,
0 ,
-0.008783491 ,
0 ,
-0.001731349 ,
0 ,
-0.000986302 ,
0 ,
-0.001104837 ,
0 ,
-0.00661586 ,
0 ,
-0.004230463 ,
0 ,
-0.002055991 ,
0 ,
-0.001855877 ,
0 ,
-0.004245924 ,
0 ,
-0.00259111 ,
0 ,
-0.001872362 ,
0 ,
-0.001127734 ,
0 ,
-0.004772695 ,
0 ,
-0.00429167 ,
0 ,
-0.001196119 ,
0 ,
-0.000924006 ,
0 ,
-0.001736665 ,
0 ,
-0.003485579 ,
0 ,
-0.004355175 ,
0 ,
-0.003875156 ,
0 ,
-0.006057414 ,
0 ,
-0.005157567 ,
0 ,
-0.004751067 ,
0 ,
-0.005391479 ,
0 ,
-0.005759069 ,
0 ,
-0.007716131 ,
0 ,
-0.006132524 ,
0 ,
-0.005057155 ,
0 ,
-0.009509659 ,
0 ,
-0.004144167 ,
0 ,
-0.003080403 ,
0 ,
-0.000819372 ,
0 ,
-0.005385671 ,
0 ,
-0.005550147 ,
0 ,
-0.000934992 ,
0 ,
0.0003759232 ,
0 ,
-0.001532938 ,
0 ,
-0.004489668 ,
0 ,
-0.002624708 ,
0 ,
-0.002572533 ,
0 ,
-0.005593738 ,
0 ,
-0.007241452 ,
0 ,
-0.003540504 ,
0 ,
-0.003041442 ,
0 ,
-0.006934767 ,
0 ,
-0.006258715 ,
0 ,
-0.005425606 ,
0 ,
-0.00762163 ,
0 ,
-0.010004833 ,
0 ,
-0.003544176 ,
0 ,
-0.003095226 ,
0 ,
-0.00353538 ,
0 ,
-0.009698198 ,
0 ,
-0.004987656 ,
0 ,
-0.003673947 ,
0 ,
-0.003758714 ,
0 ,
-0.006038952 ,
0 ,
-0.007040133 ,
0 ,
-0.006488289 ,
0 ,
-0.005631663 ,
0 ,
-0.007024425 ,
0 ,
-0.008008197 ,
0 ,
-0.006471444 ,
0 ,
-0.005347144 ,
0 ,
-0.007878335 ,
0 ,
-0.007747457 ,
0 ,
-0.00631541 ,
0 ,
-0.005470138 ,
0 ,
-0.00795274 ,
0 ,
-0.005605004 ,
0 ,
-0.001713397 ,
0 ,
-0.002196426 ,
0 ,
-0.004889442 ,
0 ,
-0.00704782 ,
0 ,
-0.004817039 ,
0 ,
-0.004803987 ,
0 ,
-0.006690821 ,
0 ,
-0.005366952 ,
0 ,
-0.002986829 ,
0 ,
-0.001149336 ,
0 ,
-0.005547447 ,
0 ,
-0.005160473 ,
0 ,
-0.005154711 ,
0 ,
-0.003935115 ,
0 ,
-0.007108083 ,
0 ,
-0.003699096 ,
0 ,
-0.002399066 ,
0 ,
-0.003210826 ,
0 ,
-0.005834036 ,
0 ,
-0.005793434 ,
0 ,
-0.0054185 ,
0 ,
-0.008448288 ,
0 ,
-0.009959647 ,
0 ,
-0.00109224 ,
0 ,
-0.001729379 ,
0 ,
-0.001226525 ,
0 ,
-0.001276927 ,
0 ,
-0.003452848 ,
0 ,
-0.002233981 ,
0 ,
-0.002764151 ,
0 ,
-0.006996814 ,
0 ,
-0.006666585 ,
0 ,
-0.002751661 ,
0 ,
-0.002320999 ,
0 ,
-0.004468433 ,
0 ,
-0.003192678 ,
0 ,
-0.002818085 ,
0 ,
-0.004161026 ,
0 ,
-0.003594039 ,
0 ,
-0.006823908 ,
0 ,
-0.006448455 ,
0 ,
-0.006704229 ,
0 ,
-0.008595393 ,
0 ,
-0.007375522 ,
0 ,
-0.007975344 ,
0 ,
-0.009441435 ,
0 ,
-0.010727334 ,
0 ,
-0.007830166 ,
0 ,
-0.006250495 ,
0 ,
-0.006736667 ,
0 ,
-0.009555221 ,
0 ,
-0.006916153 ,
0 ,
-0.007183466 ,
0 ,
-0.006296718 ,
0 ,
-0.009512154 ,
0 ,
-0.006085172 ,
0 ,
-0.00415426 ,
0 ,
-0.004556446 ,
0 ,
-0.004925398 ,
0 ,
-0.002228989 ,
0 ,
-0.000671591 ,
0 ,
0.0003857832 ,
0 ,
-0.002894687 ,
0 ,
-0.004174486 ,
0 ,
-0.002742944 ,
0 ,
-0.002755907 ,
0 ,
-0.009333909 ,
0 ,
-0.004622321 ,
0 ,
-0.00198899 ,
0 ,
-0.002820978 ,
0 ,
-0.006355595 ,
0 ,
-0.003234506 ,
0 ,
-0.000462752 ,
0 ,
-0.003077209 ,
0 ,
-0.005285748 ,
};
 
 
double BMI_Down_diff_pa_level [SEX][BOOTSTRAP_INDEX_39][AR_ORDER_INDEX_4]={
0.003199291 ,
0.0026436167 ,
0.0033710929 ,
0.0023926756 ,
0.0039219082 ,
0.0019562728 ,
0.003297031 ,
0.0006676532 ,
0.0027572173 ,
0.0015700514 ,
0.0017899679 ,
0.0002452586 ,
0.00363591 ,
0.0029905647 ,
0.0049118288 ,
0.0016348542 ,
0.0031839333 ,
0.0007743699 ,
0.0027156654 ,
0.0017046778 ,
0.0015438364 ,
0.0013555651 ,
0.0022919568 ,
0.0004580239 ,
0.0002725641 ,
0.0007078223 ,
0.0019570666 ,
0.0005286712 ,
0.0016839999 ,
0.0009840692 ,
0.0004368483 ,
-0.000584288 ,
0.0022617977 ,
0.0024794423 ,
0.0035834902 ,
0.0018582889 ,
0.0022959045 ,
0.0035616993 ,
0.0039854274 ,
0.0026283375 ,
0.0027860314 ,
0.0029217373 ,
0.002702997 ,
0.0021568577 ,
0.0019881371 ,
0.0017703036 ,
0.003596653 ,
0.0010642268 ,
0.0031870754 ,
0.0033967195 ,
0.0046442617 ,
0.0030644199 ,
0.000876841 ,
-0.00047248 ,
-0.000616265 ,
-0.003622114 ,
0.0040428748 ,
0.0041720648 ,
0.0046555546 ,
0.0031385268 ,
0.0014569533 ,
0.0008745509 ,
0.0037493798 ,
0.0028963625 ,
0.0037951756 ,
0.0032510998 ,
0.0030667497 ,
0.0028342884 ,
0.0016288985 ,
0.0014796506 ,
0.0025747297 ,
0.0030252531 ,
0.0037017977 ,
0.00471558 ,
0.0047645289 ,
0.0057196504 ,
0.0045572725 ,
0.0037644914 ,
0.0032978018 ,
-0.000408643 ,
0.0030667261 ,
0.0028338785 ,
0.0038458924 ,
0.0006914317 ,
0.0028141822 ,
0.0018061971 ,
0.0026090473 ,
0.0015034746 ,
0.0038624182 ,
0.0021464498 ,
0.0028930551 ,
0.0027245757 ,
0.0032507767 ,
0.0025993994 ,
0.0010876324 ,
-0.000899998 ,
0.0016398318 ,
0.001576253 ,
0.0030270636 ,
0.0036675265 ,
0.0034978485 ,
0.0029723531 ,
0.0040222749 ,
0.003288207 ,
0.0048633995 ,
0.0033152208 ,
0.0029719913 ,
0.0033895149 ,
0.0016215787 ,
-0.000738724 ,
-0.000423102 ,
0.0004102581 ,
0.0009084327 ,
0.0016291829 ,
0.0040608854 ,
0.001573787 ,
0.0030120554 ,
0.0032039758 ,
0.003916583 ,
0.0022978217 ,
0.0031238713 ,
0.0031646645 ,
0.0029542245 ,
0.0030939664 ,
0.0050672281 ,
0.0033692349 ,
0.0041858738 ,
0.0038913125 ,
0.0054510116 ,
0.0030880036 ,
0.0047767821 ,
0.0044027314 ,
0.0030898444 ,
0.0021382403 ,
0.0039023092 ,
0.0033569604 ,
0.0027889893 ,
0.0012283991 ,
0.0032432462 ,
0.0008600641 ,
0.0023740122 ,
0.0030788345 ,
0.0035224196 ,
0.0020178787 ,
0.003018335 ,
0.0032189752 ,
0.0030444255 ,
0.002038184 ,
0.0035128651 ,
0.0025897567 ,
0.0031460344 ,
0.004568801 ,
0.0019847231 ,
0.0010850815 ,
0.0011101958 ,
-0.001407915 ,
0.004605043 ,
0.0029311625 ,
0.003108385 ,
0.0051163377 ,
0.0025885097 ,
0.0031148502 ,
0.0038992118 ,
0.0046193915 ,
0.0010076784 ,
0.001579309 ,
0.0033968567 ,
0.0041948938 ,
0.0025841823 ,
0.0032171008 ,
0.0034298406 ,
0.0039603676 ,
0.0027901428 ,
0.0031886115 ,
0.0049175637 ,
0.0063915039 ,
0.0030395354 ,
0.002648893 ,
0.0031537341 ,
0.0025505895 ,
0.003166029 ,
0.0044994676 ,
0.0067401374 ,
0.0072952834 ,
0.0033461665 ,
0.0026211667 ,
0.0040202028 ,
0.0059128573 ,
0.0030631557 ,
0.0034898288 ,
0.0034069256 ,
0.0056735095 ,
0.0019998654 ,
0.0019027159 ,
0.0037262382 ,
0.0043227545 ,
0.0036350659 ,
0.0048253764 ,
0.0051991927 ,
0.0062679792 ,
0.0007183721 ,
0.0024819975 ,
0.0034726046 ,
0.0036326768 ,
0.0048604358 ,
0.0047731292 ,
0.0056503045 ,
0.0063350863 ,
0.0015627179 ,
0.0019552589 ,
0.0018695468 ,
0.0015498317 ,
0.002354914 ,
0.0030520754 ,
0.0038536305 ,
0.0043511465 ,
0.0023977906 ,
0.0032095104 ,
0.0033231518 ,
0.0037508964 ,
0.0023760133 ,
0.0017274902 ,
0.0020161192 ,
0.0016176974 ,
0.00408089 ,
0.0040274769 ,
0.0032388677 ,
0.003835139 ,
0.0001343153 ,
0.0014977314 ,
0.0022515095 ,
0.0019651326 ,
0.003108769 ,
0.0041304318 ,
0.0060567183 ,
0.0082304893 ,
0.0004352099 ,
0.0007941924 ,
0.0024981137 ,
0.0043503025 ,
0.0026905164 ,
0.0021790452 ,
0.0023455469 ,
0.0032812964 ,
0.0027240044 ,
0.0039234879 ,
0.0035953999 ,
0.004911798 ,
0.0025183839 ,
0.0034250651 ,
0.0053835221 ,
0.005355543 ,
0.0010354218 ,
0.0007887248 ,
0.001709892 ,
0.0017784938 ,
0.0031886315 ,
0.0019783967 ,
0.0031891444 ,
0.004823111 ,
0.0034361755 ,
0.0050024607 ,
0.0092544118 ,
0.00922524 ,
0.003635539 ,
0.0039197688 ,
0.0049415311 ,
0.0057603395 ,
0.0030643466 ,
0.0033491063 ,
0.0048166868 ,
0.0044995145 ,
0.0021116517 ,
0.0032974088 ,
0.0040708864 ,
0.0048087837 ,
0.0012216819 ,
0.001714722 ,
0.0016228184 ,
0.0035485266 ,
0.0008956544 ,
0.0013580289 ,
0.0048023039 ,
0.0049385609 ,
0.0026942359 ,
0.0021493088 ,
0.0033194812 ,
0.0036857769 ,
0.0019837048 ,
0.0034846478 ,
0.0051307446 ,
0.0063585947 ,
0.001196124 ,
0.0029211592 ,
0.0036800043 ,
0.0034991497 ,
0.0022654536 ,
0.0019045071 ,
0.0029859617 ,
0.0047068048 ,
0.0023526709 ,
0.0028635276 ,
0.0037743595 ,
0.0033727824 ,
0.0006850148 ,
0.0004222694 ,
0.0007887747 ,
0.0006873599 ,
0.0021744975 ,
0.0025890855 ,
0.0004175233 ,
0.0008583118 ,
0.002862889 ,
0.0035090202 ,
0.0043510041 ,
0.0050927661 ,
0.0026931665 ,
0.0044510095 ,
0.0058362912 ,
0.0062674863 ,
};
 
 
double BMI_Down_diff_smoke [SEX][BOOTSTRAP_INDEX_39][AR_ORDER_INDEX_4]={
0.0208693567 ,
0.0218202819 ,
0.0223247914 ,
0.0251244716 ,
0.0223074841 ,
0.0245818273 ,
0.0271238495 ,
0.0305344765 ,
0.0158863518 ,
0.0155626413 ,
0.0150755659 ,
0.0150212988 ,
0.0187972028 ,
0.0211057715 ,
0.0199099024 ,
0.0259347589 ,
0.0190173567 ,
0.0215459929 ,
0.0230005966 ,
0.0264473162 ,
0.0212844585 ,
0.0240455332 ,
0.0233075163 ,
0.0251076325 ,
0.0201948359 ,
0.0202041939 ,
0.0190088059 ,
0.0244871466 ,
0.0159159288 ,
0.0218265344 ,
0.0221916681 ,
0.0272099007 ,
0.0190618635 ,
0.0176647184 ,
0.0195119164 ,
0.0230324071 ,
0.0189741022 ,
0.0223004061 ,
0.0219215485 ,
0.0231277828 ,
0.0163691252 ,
0.0193476165 ,
0.018926977 ,
0.0245340003 ,
0.019301284 ,
0.0206489057 ,
0.020966931 ,
0.0213948397 ,
0.0206712946 ,
0.0229485115 ,
0.0256617576 ,
0.0314193309 ,
0.0193530292 ,
0.0239226001 ,
0.0270192933 ,
0.034609259 ,
0.027027751 ,
0.0278431162 ,
0.0302733076 ,
0.0345678588 ,
0.0229897122 ,
0.024871302 ,
0.0239839581 ,
0.0281481976 ,
0.021767079 ,
0.0218772173 ,
0.0226408569 ,
0.0223927861 ,
0.0162921563 ,
0.0170353135 ,
0.0157551641 ,
0.015687163 ,
0.0226228576 ,
0.0230480782 ,
0.0249896013 ,
0.0298944739 ,
0.018038737 ,
0.0195446442 ,
0.0219569753 ,
0.028129968 ,
0.0212804955 ,
0.0216914496 ,
0.0204443673 ,
0.0219711291 ,
0.0203232643 ,
0.0196002196 ,
0.0236071041 ,
0.0280655987 ,
0.0239774839 ,
0.0239121247 ,
0.0253147992 ,
0.0287606657 ,
0.0171314486 ,
0.0197698249 ,
0.0195009494 ,
0.0244434454 ,
0.0236364558 ,
0.0238175475 ,
0.0238498782 ,
0.027202081 ,
0.0225136481 ,
0.0234852885 ,
0.0229746718 ,
0.0249994285 ,
0.0175542562 ,
0.0193232696 ,
0.0227777951 ,
0.0303172625 ,
0.0207012174 ,
0.022485902 ,
0.0243693178 ,
0.0257758711 ,
0.0197365978 ,
0.0199813419 ,
0.0196163927 ,
0.0210852425 ,
0.0211118821 ,
0.0233502423 ,
0.0253546529 ,
0.0313014391 ,
0.0176066089 ,
0.021286107 ,
0.0206299108 ,
0.0241268785 ,
0.0235666047 ,
0.0217902494 ,
0.01979573 ,
0.0212116981 ,
0.0199989963 ,
0.0243357191 ,
0.0272636195 ,
0.0267483769 ,
0.0229408576 ,
0.0236939774 ,
0.0267116222 ,
0.030605727 ,
0.0203439619 ,
0.0198130709 ,
0.0175713727 ,
0.0243364523 ,
0.0212536405 ,
0.0234735841 ,
0.0255486248 ,
0.0306381478 ,
0.0219100327 ,
0.0231956784 ,
0.0196466296 ,
0.0195199033 ,
0.0192739414 ,
0.0174562617 ,
0.013898963 ,
0.0162294838 ,
0.0181780381 ,
0.020080916 ,
0.0176608746 ,
0.023702065 ,
0.0263790981 ,
0.0267805495 ,
0.0239757255 ,
0.0250096979 ,
0.0069718404 ,
0.0078769447 ,
0.0067886939 ,
0.0055511592 ,
0.0081780449 ,
0.0077585613 ,
0.0030676163 ,
0.0034476164 ,
0.006266188 ,
0.0097199084 ,
0.0080031081 ,
0.0091713251 ,
0.0066919761 ,
0.0070937152 ,
0.0061242596 ,
0.0041402544 ,
0.009053777 ,
0.0071604795 ,
0.0052005894 ,
0.004398461 ,
0.0069960471 ,
0.0066274324 ,
0.0055053625 ,
0.0069724628 ,
0.0072995983 ,
0.0077145349 ,
0.0082622604 ,
0.0078876541 ,
0.0067988545 ,
0.0088566968 ,
0.0081380341 ,
0.0090170203 ,
0.0069794652 ,
0.0074106514 ,
0.00774173 ,
0.0038612509 ,
0.0035850671 ,
0.0076886435 ,
0.0065683715 ,
0.0022587211 ,
0.0086333222 ,
0.0101865644 ,
0.0063539852 ,
0.0069647861 ,
0.0067459422 ,
0.0057477429 ,
0.0064639664 ,
0.0033509566 ,
0.0082417585 ,
0.0084473248 ,
0.0066416635 ,
0.0057997086 ,
0.0024713535 ,
0.0040962502 ,
0.0039339298 ,
0.0002705086 ,
0.0071690175 ,
0.0088284474 ,
0.007175443 ,
0.0055931521 ,
0.0026397658 ,
0.0033767428 ,
0.0021083398 ,
0.0010292159 ,
0.0055131945 ,
0.0097626672 ,
0.0071117823 ,
0.0083243821 ,
0.0056757953 ,
0.0084145139 ,
0.0078203151 ,
0.0064271839 ,
0.0077542084 ,
0.0098169474 ,
0.0073685359 ,
0.004290109 ,
0.0068291429 ,
0.0092922034 ,
0.0063033755 ,
0.0067685324 ,
0.0093653604 ,
0.0126312035 ,
0.0091291246 ,
0.0078819848 ,
0.0060830549 ,
0.0095715669 ,
0.0070833763 ,
0.0064707399 ,
0.0050828048 ,
0.0061722564 ,
0.0055298465 ,
0.0065224503 ,
0.0073957461 ,
0.0081087671 ,
0.0090224763 ,
0.0094390407 ,
0.0053452617 ,
0.0070303666 ,
0.0084817 ,
0.002331642 ,
0.0039978954 ,
0.0086163517 ,
0.0085258018 ,
0.0099804858 ,
0.0070862946 ,
0.0112684933 ,
0.0080190172 ,
0.0057195988 ,
0.0035806511 ,
0.0046621818 ,
0.0051397097 ,
0.0062163926 ,
0.0055485252 ,
0.0051408007 ,
0.0049576707 ,
0.0055655232 ,
0.0043727016 ,
0.0066943902 ,
0.0045095201 ,
0.0020863402 ,
0.0088276032 ,
0.0117449293 ,
0.0137595597 ,
0.0110065923 ,
0.0073807943 ,
0.0057532035 ,
0.0083280827 ,
0.0049842129 ,
0.0027604634 ,
0.0054009645 ,
0.0026325825 ,
0.0011153925 ,
0.0044956479 ,
0.0070234293 ,
0.0052183691 ,
0.0061257146 ,
0.0085354693 ,
0.0072917366 ,
0.0036494358 ,
0.0021857653 ,
0.0117075037 ,
0.0120283812 ,
0.0098861491 ,
0.0103611478 ,
0.0037910783 ,
0.0060561719 ,
0.0049759353 ,
0.0053993276 ,
0.0089276526 ,
0.0094739345 ,
0.0100654094 ,
0.0056979238 ,
0.0118018949 ,
0.0133449992 ,
0.0136948167 ,
0.0150993461 ,
0.0068391938 ,
0.0089683281 ,
0.0076903344 ,
0.0064959692 ,
};
 
 
double BMI_Down_diff_walk2job [SEX][BOOTSTRAP_INDEX_39][AR_ORDER_INDEX_4]={
0.0001330416 ,
0.0008471767 ,
0.0009615426 ,
0.0008962856 ,
0.0005061009 ,
0.0007707587 ,
0.0000105885 ,
-0.000448467 ,
0.0003674755 ,
0.0006719759 ,
0.0020407834 ,
0.0023459694 ,
-0.000124982 ,
-0.002045965 ,
-0.001288243 ,
-0.002191832 ,
-0.000953315 ,
0.0003811178 ,
0.0016424968 ,
0.0011556802 ,
0.0025895316 ,
0.0030282998 ,
0.0015806847 ,
0.0004238164 ,
0.000969265 ,
0.0004788743 ,
0.0009187447 ,
-0.000710363 ,
-0.002141482 ,
-0.001215917 ,
-0.001480281 ,
-0.00216407 ,
-0.00057846 ,
-0.000260728 ,
0.0007948631 ,
0.0018153375 ,
-0.000993288 ,
-0.001113202 ,
-0.001104994 ,
-0.001474522 ,
-0.001197135 ,
-0.000802817 ,
-0.001262471 ,
-0.002320556 ,
0.002303689 ,
0.0023417149 ,
0.0022981432 ,
0.001703419 ,
0.0013535831 ,
0.0023226742 ,
0.0018801864 ,
0.0016288132 ,
0.000309747 ,
0.0016260072 ,
0.0015831762 ,
0.0002525876 ,
0.0000152767 ,
0.000015503 ,
0.0010855972 ,
0.0004484623 ,
-0.000581834 ,
-0.00020144 ,
-0.001391509 ,
0.0005967036 ,
-0.000017351 ,
-0.000535855 ,
0.0000252061 ,
0.0005609027 ,
0.0005579941 ,
0.0013063649 ,
0.0020753297 ,
0.0027679391 ,
-0.000423475 ,
0.0016421902 ,
0.0015953033 ,
0.0010770889 ,
0.000583603 ,
0.0017976708 ,
0.0017867261 ,
0.0040504051 ,
-0.000838662 ,
-0.000772987 ,
-0.000887893 ,
-0.00210346 ,
0.0011523352 ,
0.0025524292 ,
0.0014815784 ,
0.0014394119 ,
0.0009322593 ,
0.0017516013 ,
0.0003441011 ,
-0.000231367 ,
-0.001198995 ,
-0.000641105 ,
-0.00080192 ,
-0.000620767 ,
0.0022821079 ,
0.0038084317 ,
0.0030538199 ,
0.0028683807 ,
-0.000340879 ,
-0.000250014 ,
-0.001189912 ,
-0.003308844 ,
-0.001178737 ,
-0.000712357 ,
-0.000513468 ,
0.0004158737 ,
-0.001433418 ,
-0.001315993 ,
0.0002819801 ,
-0.002933731 ,
-0.000162537 ,
-0.000828224 ,
-0.000327105 ,
0.0009716734 ,
-0.000333775 ,
-0.001048784 ,
-0.001555241 ,
-0.0016867 ,
0.0017356139 ,
0.0006754458 ,
0.000804655 ,
0.0011607988 ,
0.000628078 ,
0.0029953255 ,
0.0029369952 ,
0.0048138323 ,
-0.003107081 ,
-0.002310959 ,
-0.000689308 ,
-0.002133606 ,
0.0007174083 ,
0.0006687666 ,
0.0002992615 ,
-0.000244351 ,
0.0028359208 ,
0.0048186893 ,
0.0030422349 ,
0.0039126998 ,
-0.00237402 ,
-0.003145075 ,
-0.002699754 ,
-0.002924197 ,
0.0011003195 ,
0.0015155704 ,
0.0005825144 ,
-0.000135525 ,
-0.00167562 ,
-0.000338881 ,
0.0001376683 ,
0.0004230666 ,
0.0000951931 ,
-0.00030324 ,
-0.00031367 ,
-0.00155729 ,
-0.001728691 ,
-0.001206624 ,
-0.001622641 ,
-0.002944471 ,
0.0027247335 ,
0.0029126136 ,
0.0018510813 ,
0.0035435725 ,
0.0012677398 ,
0.0010160024 ,
0.0002186796 ,
0.0027679378 ,
0.0040811526 ,
0.0038380814 ,
0.0025825848 ,
0.0059913837 ,
0.0054952721 ,
0.0055724671 ,
0.0034448677 ,
0.0052053882 ,
0.0036564166 ,
0.0031567042 ,
0.0020225238 ,
0.0048643361 ,
0.0024942766 ,
0.0043132537 ,
0.0015745077 ,
0.0013757443 ,
0.0021638064 ,
0.0022849397 ,
0.001466856 ,
0.0044410777 ,
0.0047272034 ,
0.0038931301 ,
0.0029549271 ,
0.0043447549 ,
0.0039366641 ,
0.0057007558 ,
0.0053983715 ,
0.0073471377 ,
0.0044058985 ,
0.0041682942 ,
0.0028081954 ,
0.0045969307 ,
0.0032851797 ,
0.002910533 ,
0.0016755698 ,
0.0036158622 ,
0.001563506 ,
0.0028111746 ,
0.0021417426 ,
0.0040736335 ,
0.0035096894 ,
0.0025888789 ,
0.0020696726 ,
0.0041847899 ,
0.0025821741 ,
0.0020690742 ,
0.0005354033 ,
0.0020930495 ,
0.0020543903 ,
0.0015458078 ,
-0.000086784 ,
0.0015219431 ,
0.0016969386 ,
0.00193412 ,
0.0008844405 ,
0.0033980689 ,
0.0012368346 ,
0.0011599058 ,
-0.000069434 ,
0.0029830723 ,
0.0018946697 ,
0.0033365128 ,
0.0034303435 ,
0.003505265 ,
0.0027058476 ,
0.0028334701 ,
0.0020080773 ,
0.005281519 ,
0.0031010027 ,
0.0030792268 ,
0.001902603 ,
0.0044077346 ,
0.0028038949 ,
0.0039134553 ,
0.0026810079 ,
0.004757015 ,
0.0019460229 ,
0.0021087902 ,
0.0018581322 ,
0.001902726 ,
0.0041233113 ,
0.0055577317 ,
0.0044598773 ,
0.0064974432 ,
0.0031745996 ,
0.0038494243 ,
0.0014231721 ,
0.0026359831 ,
0.0030990719 ,
0.0023412722 ,
0.0008866839 ,
0.0036278209 ,
0.0021053443 ,
0.0037160799 ,
0.0023811475 ,
0.0049962508 ,
0.0031039277 ,
0.002838548 ,
0.0021154549 ,
0.0042553089 ,
0.0028308866 ,
0.0035746702 ,
0.0020587096 ,
0.0028764067 ,
0.0033762382 ,
0.0031941861 ,
0.0009306995 ,
0.0030981148 ,
0.0034377718 ,
0.0038654863 ,
0.0029461013 ,
0.0033211631 ,
0.0045520318 ,
0.0073212926 ,
0.0061447155 ,
0.0063627918 ,
0.0028391084 ,
0.0029129733 ,
0.0020546933 ,
0.0036537365 ,
0.0043566895 ,
0.0034266509 ,
0.0024076082 ,
0.0045399466 ,
0.0022743878 ,
0.0022195426 ,
0.002307191 ,
0.0023254351 ,
0.0036844044 ,
0.0043192479 ,
0.0022016694 ,
0.0047017062 ,
0.0027600788 ,
0.0020392972 ,
0.0007414702 ,
0.0000764524 ,
0.003367782 ,
0.0039631921 ,
0.0031274867 ,
0.0035158824 ,
0.0015633178 ,
0.0018409301 ,
0.0016379415 ,
0.0040693646 ,
0.0043004122 ,
0.0047923002 ,
0.0023717761 ,
0.0057004141 ,
0.0014087189 ,
0.0017952542 ,
0.0006058291 ,
0.0042491966 ,
};
 
 
double BMI_Intercept [SEX][BOOTSTRAP_INDEX_39][AR_ORDER_INDEX_4]={
0.1690409776 ,
0.0582189306 ,
0.0093238773 ,
-0.00674803 ,
0.1825490364 ,
0.0706667251 ,
0.0280215709 ,
0.0103008232 ,
0.1867935198 ,
0.0695294439 ,
0.0213152177 ,
0.0122028205 ,
0.1705322703 ,
0.0553720126 ,
-0.004451048 ,
-0.008040786 ,
0.1722318283 ,
0.063643928 ,
0.0219940701 ,
0.0088824408 ,
0.1762578795 ,
0.0552695445 ,
-0.002956092 ,
-0.015671628 ,
0.1737695691 ,
0.0620975569 ,
0.0236171502 ,
-0.003891698 ,
0.1679675248 ,
0.0469607172 ,
0.0041682412 ,
-0.013798864 ,
0.1809961913 ,
0.0700711107 ,
0.0245362108 ,
0.0001596554 ,
0.1497532817 ,
0.0243532394 ,
-0.010845854 ,
-0.030661901 ,
0.1740598706 ,
0.0554502759 ,
0.0123489504 ,
-0.001750801 ,
0.1588980759 ,
0.0428722317 ,
0.0005410815 ,
-0.015046885 ,
0.1814919412 ,
0.0613793112 ,
0.0025704481 ,
-0.020621943 ,
0.1711001537 ,
0.0562230409 ,
0.0040256061 ,
-0.007790396 ,
0.1559503855 ,
0.038444831 ,
-0.003495966 ,
-0.011543688 ,
0.1880648507 ,
0.0772749002 ,
0.0241583331 ,
0.0219492389 ,
0.1727684097 ,
0.0558694917 ,
0.0098734753 ,
-0.00098421 ,
0.1771273751 ,
0.0604966211 ,
-0.002777056 ,
-0.004746427 ,
0.1747117077 ,
0.0761035369 ,
0.030534641 ,
-0.002451467 ,
0.1681629012 ,
0.0629962041 ,
0.01171697 ,
-0.00492291 ,
0.173951224 ,
0.0654520546 ,
0.0190901481 ,
0.008127894 ,
0.1641612504 ,
0.0565957049 ,
-0.000950045 ,
-0.01909992 ,
0.1705146354 ,
0.0553336126 ,
0.0054817649 ,
-0.014304916 ,
0.1726736758 ,
0.0566910662 ,
0.0037338234 ,
-0.009889028 ,
0.1725897112 ,
0.0542972806 ,
-0.001504274 ,
-0.018458449 ,
0.17357511 ,
0.063406638 ,
0.0036081156 ,
-0.002443985 ,
0.1664384423 ,
0.0483970313 ,
0.0056697229 ,
-0.025572951 ,
0.178470181 ,
0.0647978311 ,
0.0217392217 ,
0.0113923523 ,
0.167277638 ,
0.061672439 ,
-0.004424284 ,
-0.017224258 ,
0.1748242623 ,
0.0612054865 ,
0.0167840268 ,
0.0073201705 ,
0.1675426372 ,
0.0583856132 ,
0.016380865 ,
0.004729051 ,
0.1654399806 ,
0.0518574233 ,
-0.010246483 ,
-0.020277922 ,
0.1868775892 ,
0.0749015469 ,
0.0271781817 ,
0.0020334443 ,
0.1816381713 ,
0.0821423486 ,
0.0377518567 ,
0.0173307219 ,
0.155461062 ,
0.0605173706 ,
0.0144483622 ,
0.0097680059 ,
0.1926278925 ,
0.0708190302 ,
0.0223843943 ,
-0.003205138 ,
0.1603671282 ,
0.0460265483 ,
-0.002593456 ,
-0.018395955 ,
0.1689875223 ,
0.0601278467 ,
0.0018436125 ,
-0.001431266 ,
0.1718856386 ,
0.0548562937 ,
0.0106098585 ,
-0.007337824 ,
0.179615986 ,
0.0808036547 ,
0.0319921849 ,
0.0004264197 ,
0.1981910712 ,
0.0980454745 ,
0.0547346254 ,
0.0504272771 ,
0.1836107675 ,
0.0822905853 ,
0.0372175416 ,
0.0329039005 ,
0.192483122 ,
0.0726297368 ,
0.0195376269 ,
0.0286983865 ,
0.1848052875 ,
0.0755200914 ,
0.0245750862 ,
0.0136290471 ,
0.1863151396 ,
0.0855307801 ,
0.0418254373 ,
0.0461837284 ,
0.2098297175 ,
0.1060792936 ,
0.0639449227 ,
0.0486352215 ,
0.2118328894 ,
0.1056133558 ,
0.0560619839 ,
0.055873778 ,
0.2192935601 ,
0.135017665 ,
0.0825885878 ,
0.0854458012 ,
0.193042676 ,
0.0908435791 ,
0.0488486904 ,
0.0553918153 ,
0.1805499952 ,
0.0808563137 ,
0.0401060934 ,
0.0156563289 ,
0.1938756191 ,
0.105991289 ,
0.0459319718 ,
0.0315770838 ,
0.1875942515 ,
0.091204189 ,
0.0351808074 ,
0.017453531 ,
0.202584816 ,
0.1104006184 ,
0.0669807479 ,
0.0616672223 ,
0.1959392124 ,
0.0849629453 ,
0.0505909653 ,
0.0605720713 ,
0.1992556772 ,
0.0870559916 ,
0.044481906 ,
0.0419853436 ,
0.1763288173 ,
0.0792245792 ,
0.0397946765 ,
0.027755274 ,
0.2062866412 ,
0.1070679774 ,
0.0434516877 ,
0.0430181802 ,
0.2000413366 ,
0.0883743268 ,
0.0393561645 ,
0.0352890201 ,
0.2036459017 ,
0.1063087412 ,
0.0680076481 ,
0.0741825589 ,
0.1996718001 ,
0.1020458046 ,
0.0554909527 ,
0.0356470407 ,
0.2162903948 ,
0.1044888136 ,
0.0642338488 ,
0.0685188584 ,
0.1896414073 ,
0.0925158402 ,
0.0456874327 ,
0.0445197678 ,
0.206624438 ,
0.0977481072 ,
0.0522065181 ,
0.0477342468 ,
0.1984371728 ,
0.1031235996 ,
0.0488412149 ,
0.0469331786 ,
0.2026193071 ,
0.1178707541 ,
0.0800000827 ,
0.0744708506 ,
0.1821716141 ,
0.0726847325 ,
0.0517335834 ,
0.0351520284 ,
0.2048188746 ,
0.1070501689 ,
0.0663739094 ,
0.064298884 ,
0.2031408814 ,
0.1076266895 ,
0.0718926962 ,
0.0619410921 ,
0.2022118799 ,
0.0841479118 ,
0.0512841908 ,
0.0496392179 ,
0.224322833 ,
0.116949723 ,
0.0716384399 ,
0.0640561846 ,
0.2028680976 ,
0.1030516311 ,
0.0617905509 ,
0.0643091012 ,
0.1902815282 ,
0.0892943547 ,
0.0600954117 ,
0.0536894703 ,
0.2029773921 ,
0.1035436194 ,
0.0692320403 ,
0.05777756 ,
0.2246860818 ,
0.1190982661 ,
0.0562708355 ,
0.0573063086 ,
0.1908155639 ,
0.1012092621 ,
0.0530974007 ,
0.0321715169 ,
0.214014752 ,
0.1054206076 ,
0.0634908876 ,
0.0637172335 ,
0.2015286072 ,
0.097136568 ,
0.0685593226 ,
0.0870485039 ,
0.1694910514 ,
0.0832177966 ,
0.0488417054 ,
0.0419289665 ,
0.1939840823 ,
0.0900765976 ,
0.0277536021 ,
0.0254470634 ,
0.1770625883 ,
0.0780996179 ,
0.0351693502 ,
0.037676562 ,
};
 
 
double BMI_Log_bmi_L2t [SEX][BOOTSTRAP_INDEX_39][AR_ORDER_INDEX_4]={
0 ,
0.2982314505 ,
0.224113125 ,
0.2307088247 ,
0 ,
0.3078595922 ,
0.2406376745 ,
0.2808982051 ,
0 ,
0.2818386764 ,
0.2219595157 ,
0.1955976708 ,
0 ,
0.3002633457 ,
0.2355222908 ,
0.2025389601 ,
0 ,
0.3026753294 ,
0.2252179273 ,
0.2452182727 ,
0 ,
0.3163375073 ,
0.231423661 ,
0.2260352487 ,
0 ,
0.305203284 ,
0.2303876487 ,
0.2369953308 ,
0 ,
0.2968842057 ,
0.2261524351 ,
0.2159583662 ,
0 ,
0.2981098664 ,
0.2144774197 ,
0.2220517418 ,
0 ,
0.2902931017 ,
0.2286377053 ,
0.2200340269 ,
0 ,
0.2955114058 ,
0.2151624856 ,
0.2260179779 ,
0 ,
0.2815725404 ,
0.2199088503 ,
0.2214162919 ,
0 ,
0.3089937532 ,
0.2475437739 ,
0.2265859882 ,
0 ,
0.2909734416 ,
0.2199959102 ,
0.2128282367 ,
0 ,
0.3080458612 ,
0.2181461548 ,
0.2641316099 ,
0 ,
0.2969790132 ,
0.2242846896 ,
0.2358783449 ,
0 ,
0.3122116566 ,
0.2295673092 ,
0.2186752323 ,
0 ,
0.3123517385 ,
0.2303208634 ,
0.244262333 ,
0 ,
0.2840758094 ,
0.2075574499 ,
0.2330388109 ,
0 ,
0.299474816 ,
0.2171247925 ,
0.2277430727 ,
0 ,
0.2920674069 ,
0.2272455395 ,
0.2494178198 ,
0 ,
0.278789635 ,
0.200760826 ,
0.2151572323 ,
0 ,
0.3128852438 ,
0.244917554 ,
0.2107894239 ,
0 ,
0.293017638 ,
0.2316284848 ,
0.226009933 ,
0 ,
0.2941916842 ,
0.2186812625 ,
0.2328132198 ,
0 ,
0.2823849628 ,
0.2109947701 ,
0.1970740432 ,
0 ,
0.3126167828 ,
0.242137417 ,
0.2533943819 ,
0 ,
0.3001734462 ,
0.2224045571 ,
0.216257111 ,
0 ,
0.2854640567 ,
0.2296833576 ,
0.2186739857 ,
0 ,
0.3035914068 ,
0.2260074609 ,
0.2121131368 ,
0 ,
0.2909958485 ,
0.2243633706 ,
0.2338596067 ,
0 ,
0.3056044661 ,
0.2210309016 ,
0.2321334811 ,
0 ,
0.2880792138 ,
0.2124958291 ,
0.2048836158 ,
0 ,
0.2843689023 ,
0.2021406899 ,
0.2086352477 ,
0 ,
0.2998956914 ,
0.2445871505 ,
0.2290817931 ,
0 ,
0.289707599 ,
0.2221282128 ,
0.2576142798 ,
0 ,
0.3049269807 ,
0.2406723035 ,
0.2268865531 ,
0 ,
0.3175001193 ,
0.2481415996 ,
0.2585758085 ,
0 ,
0.3096415303 ,
0.2224267645 ,
0.2197023909 ,
0 ,
0.2785543064 ,
0.2089672227 ,
0.2065686278 ,
0 ,
0.2987555056 ,
0.1821112369 ,
0.1889527578 ,
0 ,
0.3248073942 ,
0.1995872002 ,
0.1924132751 ,
0 ,
0.3234386137 ,
0.1853485152 ,
0.1931097811 ,
0 ,
0.3106616078 ,
0.1994314092 ,
0.1949607207 ,
0 ,
0.3044294299 ,
0.1624478355 ,
0.1821873886 ,
0 ,
0.2887768982 ,
0.1786448877 ,
0.1736350567 ,
0 ,
0.2991879302 ,
0.1600921766 ,
0.1818470211 ,
0 ,
0.2903499108 ,
0.1775810173 ,
0.1826612352 ,
0 ,
0.308404748 ,
0.216125365 ,
0.2229632901 ,
0 ,
0.3049410215 ,
0.1732825911 ,
0.1964197379 ,
0 ,
0.3121059129 ,
0.2184981458 ,
0.2091453903 ,
0 ,
0.3084587475 ,
0.1874699398 ,
0.1742744978 ,
0 ,
0.2970182534 ,
0.1556718453 ,
0.1817439303 ,
0 ,
0.3092267503 ,
0.1930773048 ,
0.2146589714 ,
0 ,
0.3058632851 ,
0.1764318292 ,
0.1949682516 ,
0 ,
0.3014149299 ,
0.1886462117 ,
0.1882148053 ,
0 ,
0.2950000597 ,
0.1636524735 ,
0.1651613249 ,
0 ,
0.2869762915 ,
0.1634104532 ,
0.1798190021 ,
0 ,
0.2859513549 ,
0.1710774071 ,
0.1824622678 ,
0 ,
0.3038855433 ,
0.1917382063 ,
0.1781574996 ,
0 ,
0.2914375681 ,
0.1873170286 ,
0.1780893227 ,
0 ,
0.309774957 ,
0.1744888015 ,
0.2025021509 ,
0 ,
0.3097233389 ,
0.1846201652 ,
0.1814408793 ,
0 ,
0.2962598383 ,
0.1832541495 ,
0.1795229267 ,
0 ,
0.3227082437 ,
0.1860777324 ,
0.2040286966 ,
0 ,
0.2893354738 ,
0.1817703059 ,
0.179879244 ,
0 ,
0.2904219089 ,
0.1661812807 ,
0.152382917 ,
0 ,
0.2811796121 ,
0.1697081278 ,
0.1774656637 ,
0 ,
0.3240794333 ,
0.211902212 ,
0.225198304 ,
0 ,
0.3030913279 ,
0.217580291 ,
0.1838140979 ,
0 ,
0.2998094387 ,
0.1838501318 ,
0.2079266189 ,
0 ,
0.2936562834 ,
0.1923056589 ,
0.2085063294 ,
0 ,
0.2946995993 ,
0.1632373753 ,
0.170399895 ,
0 ,
0.3183810836 ,
0.1744073647 ,
0.1969068834 ,
0 ,
0.2790627019 ,
0.1835163323 ,
0.1954790733 ,
0 ,
0.3089931589 ,
0.1902788306 ,
0.1914880211 ,
0 ,
0.3020460986 ,
0.1841028486 ,
0.2108358086 ,
0 ,
0.279000822 ,
0.178419378 ,
0.2015281717 ,
0 ,
0.316889716 ,
0.2333232462 ,
0.2187962365 ,
0 ,
0.2785912243 ,
0.1640241585 ,
0.1642853546 ,
};
 
 
double BMI_Log_bmi_L3t [SEX][BOOTSTRAP_INDEX_39][AR_ORDER_INDEX_4]={
0 ,
0 ,
0.117432405 ,
0.0604041287 ,
0 ,
0 ,
0.1001975118 ,
0.0406749181 ,
0 ,
0 ,
0.1086692854 ,
0.0638761398 ,
0 ,
0 ,
0.1104329895 ,
0.0543041806 ,
0 ,
0 ,
0.1236959394 ,
0.0709869025 ,
0 ,
0 ,
0.1376734376 ,
0.0839956388 ,
0 ,
0 ,
0.1178254451 ,
0.0589718292 ,
0 ,
0 ,
0.1158662316 ,
0.0495662843 ,
0 ,
0 ,
0.1093176563 ,
0.0209508237 ,
0 ,
0 ,
0.1015519754 ,
0.060583795 ,
0 ,
0 ,
0.1231086913 ,
0.0652575277 ,
0 ,
0 ,
0.1124637849 ,
0.052893251 ,
0 ,
0 ,
0.1076137764 ,
0.0668963177 ,
0 ,
0 ,
0.109852065 ,
0.0546753529 ,
0 ,
0 ,
0.1166159928 ,
0.0457113088 ,
0 ,
0 ,
0.1308953155 ,
0.0808333139 ,
0 ,
0 ,
0.1204166018 ,
0.0774212852 ,
0 ,
0 ,
0.1301616763 ,
0.0863505636 ,
0 ,
0 ,
0.105510036 ,
0.0441331403 ,
0 ,
0 ,
0.1220229846 ,
0.0849219279 ,
0 ,
0 ,
0.1084994593 ,
0.050010121 ,
0 ,
0 ,
0.1229416852 ,
0.0535374551 ,
0 ,
0 ,
0.102901719 ,
0.0664503274 ,
0 ,
0 ,
0.1099475906 ,
0.0584425574 ,
0 ,
0 ,
0.1303894687 ,
0.0573814411 ,
0 ,
0 ,
0.1141879117 ,
0.0916943654 ,
0 ,
0 ,
0.119761726 ,
0.0516551486 ,
0 ,
0 ,
0.1156386049 ,
0.0706801716 ,
0 ,
0 ,
0.1122204318 ,
0.0708076562 ,
0 ,
0 ,
0.1401166068 ,
0.0858347572 ,
0 ,
0 ,
0.1152586801 ,
0.0607911661 ,
0 ,
0 ,
0.1291513848 ,
0.0684021514 ,
0 ,
0 ,
0.1223858929 ,
0.0956287705 ,
0 ,
0 ,
0.1105615742 ,
0.0522888911 ,
0 ,
0 ,
0.1116256986 ,
0.0640750215 ,
0 ,
0 ,
0.1059319405 ,
0.0365041217 ,
0 ,
0 ,
0.1169810702 ,
0.0602613559 ,
0 ,
0 ,
0.1122644527 ,
0.051147576 ,
0 ,
0 ,
0.1217696329 ,
0.0616071602 ,
0 ,
0 ,
0.1256285994 ,
0.0462164233 ,
0 ,
0 ,
0.1610291909 ,
0.1402636179 ,
0 ,
0 ,
0.1589819876 ,
0.119525831 ,
0 ,
0 ,
0.16855087 ,
0.1726097442 ,
0 ,
0 ,
0.1643017393 ,
0.1512318056 ,
0 ,
0 ,
0.1823383944 ,
0.1554253779 ,
0 ,
0 ,
0.1627392224 ,
0.1359730143 ,
0 ,
0 ,
0.1648598436 ,
0.1415884028 ,
0 ,
0 ,
0.1582996184 ,
0.1406331179 ,
0 ,
0 ,
0.1455318857 ,
0.1392136931 ,
0 ,
0 ,
0.1837037733 ,
0.1691072227 ,
0 ,
0 ,
0.1520684657 ,
0.1197863248 ,
0 ,
0 ,
0.1544697771 ,
0.1212726042 ,
0 ,
0 ,
0.1811217799 ,
0.1499012504 ,
0 ,
0 ,
0.1344773979 ,
0.1325296801 ,
0 ,
0 ,
0.1693207202 ,
0.1476272728 ,
0 ,
0 ,
0.1595241453 ,
0.1482506511 ,
0 ,
0 ,
0.1593178765 ,
0.1481617097 ,
0 ,
0 ,
0.1777132669 ,
0.15697438 ,
0 ,
0 ,
0.1605399653 ,
0.1446873409 ,
0 ,
0 ,
0.1698359475 ,
0.1408815924 ,
0 ,
0 ,
0.1558151936 ,
0.1565931508 ,
0 ,
0 ,
0.1580448399 ,
0.1291640043 ,
0 ,
0 ,
0.1542991403 ,
0.1234805974 ,
0 ,
0 ,
0.1497590456 ,
0.1341010776 ,
0 ,
0 ,
0.1612537342 ,
0.1471726039 ,
0 ,
0 ,
0.1453646923 ,
0.1388023207 ,
0 ,
0 ,
0.1578951284 ,
0.154338092 ,
0 ,
0 ,
0.1343704311 ,
0.1283969871 ,
0 ,
0 ,
0.1622383694 ,
0.1384501967 ,
0 ,
0 ,
0.1520686578 ,
0.1587185312 ,
0 ,
0 ,
0.1630151417 ,
0.1467707847 ,
0 ,
0 ,
0.1378160411 ,
0.1264893449 ,
0 ,
0 ,
0.1722953607 ,
0.1504930308 ,
0 ,
0 ,
0.1806178188 ,
0.1545262789 ,
0 ,
0 ,
0.1623966264 ,
0.1476973122 ,
0 ,
0 ,
0.1507455274 ,
0.1132888235 ,
0 ,
0 ,
0.1697679493 ,
0.1465945049 ,
0 ,
0 ,
0.1433922621 ,
0.123690466 ,
0 ,
0 ,
0.1625254788 ,
0.1561620485 ,
0 ,
0 ,
0.1612107336 ,
0.1724062422 ,
};
 
 
double BMI_Log_bmi_L4t [SEX][BOOTSTRAP_INDEX_39][AR_ORDER_INDEX_4]={
0 ,
0 ,
0 ,
0.0753217465 ,
0 ,
0 ,
0 ,
0.0683652224 ,
0 ,
0 ,
0 ,
0.0774724695 ,
0 ,
0 ,
0 ,
0.0796626012 ,
0 ,
0 ,
0 ,
0.0608236568 ,
0 ,
0 ,
0 ,
0.0843401333 ,
0 ,
0 ,
0 ,
0.0997892871 ,
0 ,
0 ,
0 ,
0.0883543905 ,
0 ,
0 ,
0 ,
0.1097212786 ,
0 ,
0 ,
0 ,
0.0697809695 ,
0 ,
0 ,
0 ,
0.0799996038 ,
0 ,
0 ,
0 ,
0.0845523488 ,
0 ,
0 ,
0 ,
0.0762188508 ,
0 ,
0 ,
0 ,
0.0805510929 ,
0 ,
0 ,
0 ,
0.0754721509 ,
0 ,
0 ,
0 ,
0.0574443303 ,
0 ,
0 ,
0 ,
0.0727930982 ,
0 ,
0 ,
0 ,
0.0610931202 ,
0 ,
0 ,
0 ,
0.0688058895 ,
0 ,
0 ,
0 ,
0.0574877609 ,
0 ,
0 ,
0 ,
0.0762631216 ,
0 ,
0 ,
0 ,
0.0783355072 ,
0 ,
0 ,
0 ,
0.0811491593 ,
0 ,
0 ,
0 ,
0.0684854423 ,
0 ,
0 ,
0 ,
0.0829837278 ,
0 ,
0 ,
0 ,
0.0499924316 ,
0 ,
0 ,
0 ,
0.0859781294 ,
0 ,
0 ,
0 ,
0.0670374775 ,
0 ,
0 ,
0 ,
0.0555604414 ,
0 ,
0 ,
0 ,
0.0647324207 ,
0 ,
0 ,
0 ,
0.0629600979 ,
0 ,
0 ,
0 ,
0.0822180212 ,
0 ,
0 ,
0 ,
0.0614494187 ,
0 ,
0 ,
0 ,
0.0778946188 ,
0 ,
0 ,
0 ,
0.0600505205 ,
0 ,
0 ,
0 ,
0.0856599684 ,
0 ,
0 ,
0 ,
0.0767334372 ,
0 ,
0 ,
0 ,
0.0850352151 ,
0 ,
0 ,
0 ,
0.0915321792 ,
0 ,
0 ,
0 ,
0.1107891792 ,
0 ,
0 ,
0 ,
0.0509209352 ,
0 ,
0 ,
0 ,
0.0726943319 ,
0 ,
0 ,
0 ,
0.0233136367 ,
0 ,
0 ,
0 ,
0.048103098 ,
0 ,
0 ,
0 ,
0.0591001359 ,
0 ,
0 ,
0 ,
0.0521236002 ,
0 ,
0 ,
0 ,
0.0374029109 ,
0 ,
0 ,
0 ,
0.0191311623 ,
0 ,
0 ,
0 ,
0.0388652522 ,
0 ,
0 ,
0 ,
0.0406513072 ,
0 ,
0 ,
0 ,
0.0485270767 ,
0 ,
0 ,
0 ,
0.0946772297 ,
0 ,
0 ,
0 ,
0.0608195515 ,
0 ,
0 ,
0 ,
0.0206391379 ,
0 ,
0 ,
0 ,
0.0648645529 ,
0 ,
0 ,
0 ,
0.0494877353 ,
0 ,
0 ,
0 ,
0.0496494911 ,
0 ,
0 ,
0 ,
0.0494589465 ,
0 ,
0 ,
0 ,
0.0475145315 ,
0 ,
0 ,
0 ,
0.0856010065 ,
0 ,
0 ,
0 ,
0.0354028472 ,
0 ,
0 ,
0 ,
0.0288008706 ,
0 ,
0 ,
0 ,
0.0641061134 ,
0 ,
0 ,
0 ,
0.0667194063 ,
0 ,
0 ,
0 ,
0.0625548682 ,
0 ,
0 ,
0 ,
0.0559899638 ,
0 ,
0 ,
0 ,
0.042399274 ,
0 ,
0 ,
0 ,
0.0305002786 ,
0 ,
0 ,
0 ,
0.047585411 ,
0 ,
0 ,
0 ,
0.0366560175 ,
0 ,
0 ,
0 ,
0.0310004858 ,
0 ,
0 ,
0 ,
0.0465389243 ,
0 ,
0 ,
0 ,
0.0440661518 ,
0 ,
0 ,
0 ,
0.0344867387 ,
0 ,
0 ,
0 ,
0.0350834285 ,
0 ,
0 ,
0 ,
0.0550561879 ,
0 ,
0 ,
0 ,
0.0352380232 ,
0 ,
0 ,
0 ,
0.0402890909 ,
0 ,
0 ,
0 ,
0.0425638867 ,
0 ,
0 ,
0 ,
0.0166532803 ,
};
 
 
double BMI_Log_bmi_Lt [SEX][BOOTSTRAP_INDEX_39][AR_ORDER_INDEX_4]={
0.9404896934 ,
0.6754016439 ,
0.646010003 ,
0.6256540692 ,
0.9375382159 ,
0.663425092 ,
0.642969772 ,
0.5991412472 ,
0.935381005 ,
0.6888643457 ,
0.6536529038 ,
0.6505955114 ,
0.9399904879 ,
0.6742290673 ,
0.64602617 ,
0.6555470791 ,
0.9382112811 ,
0.668360693 ,
0.6331716172 ,
0.6094574981 ,
0.9396952338 ,
0.6599387142 ,
0.6232895941 ,
0.6024806774 ,
0.9384034392 ,
0.6663528929 ,
0.6347638648 ,
0.5952534829 ,
0.9410107419 ,
0.6806580806 ,
0.6477488663 ,
0.6404990187 ,
0.9376295465 ,
0.6716780609 ,
0.6584944292 ,
0.6374135166 ,
0.9461156895 ,
0.6926793344 ,
0.6630873771 ,
0.6479311042 ,
0.9390846868 ,
0.6782086653 ,
0.6480387344 ,
0.6195040365 ,
0.9438135862 ,
0.697069877 ,
0.6578395208 ,
0.6367050881 ,
0.9380474328 ,
0.6648934973 ,
0.6351434209 ,
0.627388437 ,
0.940831479 ,
0.6846791201 ,
0.6605557877 ,
0.6456468879 ,
0.9441935309 ,
0.67035743 ,
0.6559074333 ,
0.6083302198 ,
0.9358991281 ,
0.6727429256 ,
0.6290536257 ,
0.6103318419 ,
0.9403494124 ,
0.6634074707 ,
0.6383296635 ,
0.6229706325 ,
0.9385439975 ,
0.6609704009 ,
0.6318868765 ,
0.6004662751 ,
0.9383509586 ,
0.6834174865 ,
0.6671698585 ,
0.6443480417 ,
0.9415902072 ,
0.6739876655 ,
0.6492540178 ,
0.622828869 ,
0.9397445925 ,
0.6795593832 ,
0.6488401164 ,
0.61199698 ,
0.9414162776 ,
0.6953625951 ,
0.6668549274 ,
0.6485551505 ,
0.9407645496 ,
0.6633852047 ,
0.6427030565 ,
0.6374009666 ,
0.940756183 ,
0.681678342 ,
0.6485045186 ,
0.6403970384 ,
0.938969887 ,
0.680497305 ,
0.6408919443 ,
0.6214034825 ,
0.9385820127 ,
0.6902415236 ,
0.6642114986 ,
0.652244615 ,
0.9417415139 ,
0.6646567044 ,
0.6266745112 ,
0.6064484417 ,
0.9384563581 ,
0.6733384489 ,
0.6468663594 ,
0.6346543385 ,
0.9406842531 ,
0.6868734201 ,
0.6495903787 ,
0.6493746114 ,
0.9393014236 ,
0.6699617767 ,
0.6197377498 ,
0.6253099129 ,
0.9415661294 ,
0.6838663206 ,
0.6474817496 ,
0.6320207675 ,
0.9414357076 ,
0.6692609702 ,
0.6433494795 ,
0.6130177837 ,
0.9345633189 ,
0.6805146254 ,
0.6463123682 ,
0.6261212512 ,
0.9380245518 ,
0.682999868 ,
0.6681160856 ,
0.6484516204 ,
0.9445938687 ,
0.6730922186 ,
0.6301810462 ,
0.6343653895 ,
0.934087943 ,
0.6796963452 ,
0.6551448842 ,
0.6106280261 ,
0.9443554749 ,
0.6738393447 ,
0.6348465981 ,
0.6326388884 ,
0.941261921 ,
0.6562553372 ,
0.6309009264 ,
0.5976377579 ,
0.9413854907 ,
0.6676545758 ,
0.6461587509 ,
0.6225284455 ,
0.936410868 ,
0.6880421762 ,
0.6458348965 ,
0.6263438875 ,
0.9328841087 ,
0.6649967288 ,
0.6344325254 ,
0.5974484463 ,
0.9376945926 ,
0.6445380501 ,
0.624271775 ,
0.5977531402 ,
0.9355947261 ,
0.6490984881 ,
0.6364020759 ,
0.5973399973 ,
0.9365455786 ,
0.6584843368 ,
0.6220694888 ,
0.5928428041 ,
0.9359433887 ,
0.6633865706 ,
0.6364174289 ,
0.5820323672 ,
0.9289957979 ,
0.6710357073 ,
0.6318515442 ,
0.6156118486 ,
0.9280897969 ,
0.662119632 ,
0.6513504815 ,
0.6147809632 ,
0.9265310046 ,
0.663690785 ,
0.6347158071 ,
0.6254402952 ,
0.9338382407 ,
0.6560973228 ,
0.6161624186 ,
0.5728184983 ,
0.939164307 ,
0.665528721 ,
0.6273383782 ,
0.5831262624 ,
0.9334334591 ,
0.6481019297 ,
0.6087347995 ,
0.6050829273 ,
0.9346435266 ,
0.6560532567 ,
0.6391855782 ,
0.5952169179 ,
0.9302465452 ,
0.6615667501 ,
0.6364659816 ,
0.5812783216 ,
0.9326903374 ,
0.6571809115 ,
0.6507772236 ,
0.6059741701 ,
0.9325730969 ,
0.6617656262 ,
0.6349208135 ,
0.5726551593 ,
0.9397092583 ,
0.6679301151 ,
0.6343147933 ,
0.5992632247 ,
0.9307795795 ,
0.6667645361 ,
0.6600426516 ,
0.6182492158 ,
0.9324570787 ,
0.6804803704 ,
0.6407781869 ,
0.5963245944 ,
0.9317441724 ,
0.6750291858 ,
0.6414400534 ,
0.5945017482 ,
0.9325236656 ,
0.6591249811 ,
0.6154568132 ,
0.5770637939 ,
0.9293431272 ,
0.6729194341 ,
0.6330524328 ,
0.6032831324 ,
0.9358990127 ,
0.6557921402 ,
0.6468833477 ,
0.6197035033 ,
0.9309093106 ,
0.6551500405 ,
0.6410455232 ,
0.610773802 ,
0.9329909614 ,
0.6671343369 ,
0.6476727497 ,
0.5983044189 ,
0.9322287804 ,
0.636649664 ,
0.6230717461 ,
0.5561970625 ,
0.9380602027 ,
0.6815919952 ,
0.652217199 ,
0.6081502728 ,
0.9304919569 ,
0.6711000355 ,
0.6499909293 ,
0.6240999058 ,
0.9310711864 ,
0.6795718861 ,
0.6675394123 ,
0.6366432422 ,
0.9318576516 ,
0.6432923812 ,
0.6046464372 ,
0.5668016101 ,
0.92460609 ,
0.6548641087 ,
0.6027050132 ,
0.593495082 ,
0.9315016293 ,
0.6628446506 ,
0.6286652421 ,
0.588517046 ,
0.9360752558 ,
0.6725814795 ,
0.6466767818 ,
0.5958700973 ,
0.9318988338 ,
0.6676471848 ,
0.63789158 ,
0.6092867641 ,
0.9252184774 ,
0.6387821515 ,
0.6221748996 ,
0.5892721648 ,
0.935664716 ,
0.6839659614 ,
0.632080926 ,
0.6035420953 ,
0.9269096113 ,
0.6510262384 ,
0.6346253436 ,
0.6143763678 ,
0.9316178813 ,
0.6618303918 ,
0.6191922339 ,
0.5742138394 ,
0.9415510338 ,
0.6897068899 ,
0.6584097783 ,
0.6141643107 ,
0.9337747705 ,
0.649219124 ,
0.5896319612 ,
0.5667617531 ,
0.939487044 ,
0.6919758924 ,
0.6586086986 ,
0.6281488509 ,
};
 
 
double BMI_Sigma2 [SEX][BOOTSTRAP_INDEX_39][AR_ORDER_INDEX_4]={
0.0047596681 ,
0.0043382185 ,
0.0041980563 ,
0.0042319646 ,
0.0049698283 ,
0.0044634699 ,
0.0043004154 ,
0.0043255905 ,
0.0048358514 ,
0.0043521789 ,
0.0041979431 ,
0.0042411366 ,
0.0047358046 ,
0.0043417618 ,
0.0041986604 ,
0.0042419128 ,
0.0047955307 ,
0.0043883462 ,
0.0043061215 ,
0.0042652604 ,
0.0048016856 ,
0.0042577232 ,
0.0041212912 ,
0.0041916637 ,
0.0047185772 ,
0.0042442597 ,
0.0040386878 ,
0.0040209349 ,
0.0048018825 ,
0.004437895 ,
0.0044156871 ,
0.0044566056 ,
0.0046376462 ,
0.0042900062 ,
0.0041483324 ,
0.0041843679 ,
0.0047191631 ,
0.0042788747 ,
0.0041653398 ,
0.0041585234 ,
0.0046887458 ,
0.0042952481 ,
0.0042214314 ,
0.0042696686 ,
0.0047546073 ,
0.0044156127 ,
0.0043116032 ,
0.0043025945 ,
0.0048189944 ,
0.0043588212 ,
0.004251255 ,
0.0042526806 ,
0.0048234014 ,
0.0044233549 ,
0.0042739484 ,
0.00430283 ,
0.0047025218 ,
0.0043184009 ,
0.0042104797 ,
0.0042319639 ,
0.0047780589 ,
0.004422729 ,
0.0042989821 ,
0.0043194217 ,
0.0047414197 ,
0.0042068853 ,
0.0041301133 ,
0.0041677526 ,
0.0047873156 ,
0.0044004116 ,
0.0042297558 ,
0.0042396989 ,
0.0046350556 ,
0.004230575 ,
0.0040134311 ,
0.0039990157 ,
0.0047868899 ,
0.0044606891 ,
0.0043337539 ,
0.0042895941 ,
0.0047993196 ,
0.0044067075 ,
0.0042370392 ,
0.0043422181 ,
0.0047577712 ,
0.0043584272 ,
0.0041836181 ,
0.0042372999 ,
0.0047568141 ,
0.0042229524 ,
0.0040726053 ,
0.0040808797 ,
0.0047028354 ,
0.0042672072 ,
0.0041483771 ,
0.0041434301 ,
0.0047106788 ,
0.0042129888 ,
0.0041335518 ,
0.0041857991 ,
0.0047157008 ,
0.0043293323 ,
0.0041084987 ,
0.0040670099 ,
0.0047542586 ,
0.0043119513 ,
0.0042172667 ,
0.0042751328 ,
0.0047613219 ,
0.0042629064 ,
0.0040906854 ,
0.0041066224 ,
0.0047083077 ,
0.0043096397 ,
0.0041545246 ,
0.0042103795 ,
0.0047851359 ,
0.0043152006 ,
0.0042165802 ,
0.0041771453 ,
0.004784738 ,
0.004316817 ,
0.0042025684 ,
0.0041982264 ,
0.0048042387 ,
0.0044112028 ,
0.0042187235 ,
0.0042293241 ,
0.004849864 ,
0.0044124472 ,
0.0042503965 ,
0.0043431967 ,
0.0048392765 ,
0.0043911026 ,
0.0042705506 ,
0.0042546624 ,
0.0046438526 ,
0.0042599757 ,
0.0041447545 ,
0.0041263728 ,
0.0047511909 ,
0.0042919481 ,
0.0041287217 ,
0.0041989863 ,
0.0047664112 ,
0.0043251339 ,
0.0041699759 ,
0.0042217451 ,
0.0047471508 ,
0.0043362869 ,
0.0041642567 ,
0.0042186762 ,
0.0047795114 ,
0.004281859 ,
0.0041417554 ,
0.0041932065 ,
0.0047864783 ,
0.0044607736 ,
0.004362568 ,
0.004369578 ,
0.0032843628 ,
0.002935374 ,
0.0027583851 ,
0.0026744859 ,
0.0034969878 ,
0.0030787551 ,
0.0029480481 ,
0.0028670792 ,
0.0033588587 ,
0.0029568491 ,
0.0026807748 ,
0.00266076 ,
0.0033676373 ,
0.002916366 ,
0.0027254014 ,
0.0026610125 ,
0.0032470094 ,
0.0028842542 ,
0.0027000418 ,
0.0026089218 ,
0.0032389344 ,
0.0029194258 ,
0.0027434229 ,
0.0026141059 ,
0.0031636729 ,
0.0027796529 ,
0.0026041601 ,
0.0025793341 ,
0.0032810705 ,
0.0028950874 ,
0.0027099801 ,
0.0026495362 ,
0.0033679802 ,
0.0029589144 ,
0.0027773659 ,
0.0027460766 ,
0.0032519011 ,
0.0028860315 ,
0.0027621068 ,
0.0026423997 ,
0.0033251362 ,
0.0030403628 ,
0.0028263404 ,
0.00271407 ,
0.0032801887 ,
0.0030414193 ,
0.0028326367 ,
0.002770106 ,
0.0032931925 ,
0.002964077 ,
0.0027758444 ,
0.0026562847 ,
0.0033528584 ,
0.0029323317 ,
0.0026881864 ,
0.0026298857 ,
0.0031683207 ,
0.0028011641 ,
0.0026294069 ,
0.0026079354 ,
0.0033011593 ,
0.0029426444 ,
0.002804007 ,
0.0027705312 ,
0.0032456999 ,
0.0029107647 ,
0.0026537208 ,
0.002600166 ,
0.0032858193 ,
0.0028744228 ,
0.0026368028 ,
0.0025853177 ,
0.0032250465 ,
0.0029016641 ,
0.0027659714 ,
0.0027133132 ,
0.0032769809 ,
0.0029286826 ,
0.0027654058 ,
0.0027322898 ,
0.0031923141 ,
0.0028804671 ,
0.0026982644 ,
0.0026238533 ,
0.0033644526 ,
0.0028895783 ,
0.0026985147 ,
0.0026407433 ,
0.0031917899 ,
0.0028256126 ,
0.0026614799 ,
0.0026205925 ,
0.0032855337 ,
0.0030016952 ,
0.0028037478 ,
0.00274589 ,
0.0032904382 ,
0.0028721438 ,
0.0026886746 ,
0.0026353288 ,
0.0033591528 ,
0.0029323029 ,
0.0028320292 ,
0.0027677539 ,
0.003308869 ,
0.0029694845 ,
0.0028232504 ,
0.0027753966 ,
0.003195611 ,
0.0028012934 ,
0.0026038477 ,
0.0026016705 ,
0.0032540904 ,
0.0028830924 ,
0.0027415469 ,
0.0026908146 ,
0.0032088506 ,
0.0029321851 ,
0.002724245 ,
0.0025956804 ,
0.0032099171 ,
0.0029372807 ,
0.0027373688 ,
0.0026894472 ,
0.0032724151 ,
0.0029334716 ,
0.002789719 ,
0.0027147102 ,
0.0033183254 ,
0.0029389223 ,
0.0027380083 ,
0.0026620332 ,
0.0033639456 ,
0.0029499549 ,
0.0027745674 ,
0.0026627609 ,
0.0031863714 ,
0.0028622589 ,
0.0027308249 ,
0.0026913199 ,
0.0033155891 ,
0.0029388088 ,
0.0027476805 ,
0.0026494539 ,
0.0032721808 ,
0.0029210944 ,
0.0027953195 ,
0.0027325307 ,
0.0032239976 ,
0.0028373442 ,
0.0027439264 ,
0.0026352588 ,
0.00333662 ,
0.0029427668 ,
0.0027600649 ,
0.0026574736 ,
0.0031303597 ,
0.002792598 ,
0.0026001263 ,
0.0025832565 ,
};
 
 
double BMI_Smoke_cat_t [SEX][BOOTSTRAP_INDEX_39][AR_ORDER_INDEX_4][SMOKING_STATE3 ]={
0 ,
0.0030494551 ,
-0.004044934 ,
0 ,
0.003956254 ,
-0.002086667 ,
0 ,
0.0039454035 ,
-0.002095626 ,
0 ,
0.0046106767 ,
-0.002906286 ,
0 ,
0.0024084385 ,
-0.004873262 ,
0 ,
0.0026266818 ,
-0.003250071 ,
0 ,
0.0025900812 ,
-0.002888591 ,
0 ,
0.0042683831 ,
-0.002633688 ,
0 ,
0.0017182037 ,
-0.003003551 ,
0 ,
0.0028977746 ,
0.000238709 ,
0 ,
0.0017198554 ,
-0.000650978 ,
0 ,
0.0014676275 ,
-0.000767249 ,
0 ,
0.004543757 ,
-0.004531963 ,
0 ,
0.0057440093 ,
-0.003792336 ,
0 ,
0.0049207068 ,
-0.004163811 ,
0 ,
0.005548838 ,
-0.005168943 ,
0 ,
0.0029372781 ,
-0.002760975 ,
0 ,
0.0035297704 ,
-0.000861651 ,
0 ,
0.0031525982 ,
0.0002735661 ,
0 ,
0.0041991952 ,
-0.002074068 ,
0 ,
0.0034623797 ,
-0.005072955 ,
0 ,
0.0044224076 ,
-0.003179465 ,
0 ,
0.0049048391 ,
-0.001893775 ,
0 ,
0.00531796 ,
-0.00110649 ,
0 ,
0.0026191744 ,
-0.003996715 ,
0 ,
0.0047445945 ,
-0.001880253 ,
0 ,
0.004981416 ,
-0.001410569 ,
0 ,
0.0064681329 ,
-0.002538832 ,
0 ,
0.0016510413 ,
-0.004355092 ,
0 ,
0.0032154028 ,
0.0006060704 ,
0 ,
0.0038709361 ,
-0.000027379 ,
0 ,
0.0053601574 ,
-0.002297244 ,
0 ,
0.0037166023 ,
-0.004905552 ,
0 ,
0.004531062 ,
-0.003781057 ,
0 ,
0.0032634041 ,
-0.004300573 ,
0 ,
0.0033734885 ,
-0.007235712 ,
0 ,
0.0022976297 ,
-0.004812738 ,
0 ,
0.0028752124 ,
-0.001654277 ,
0 ,
0.0021865924 ,
-0.003559371 ,
0 ,
0.0035476091 ,
-0.002807438 ,
0 ,
0.002861804 ,
-0.003467556 ,
0 ,
0.0047320006 ,
-0.001484052 ,
0 ,
0.0043952848 ,
-0.00330515 ,
0 ,
0.0060697306 ,
-0.001485476 ,
0 ,
0.0040774287 ,
-0.003781237 ,
0 ,
0.0051592654 ,
-0.003708254 ,
0 ,
0.0049653297 ,
-0.005394557 ,
0 ,
0.0057780944 ,
-0.006676828 ,
0 ,
0.0029685782 ,
-0.003471338 ,
0 ,
0.0040986765 ,
-0.001444901 ,
0 ,
0.0038529075 ,
-0.001601476 ,
0 ,
0.0048885641 ,
-0.003628835 ,
0 ,
0.0033595226 ,
-0.002396715 ,
0 ,
0.0035442569 ,
0.0001182203 ,
0 ,
0.0030261339 ,
0.0005723849 ,
0 ,
0.0039425578 ,
-0.001214555 ,
0 ,
0.0024345871 ,
-0.005120251 ,
0 ,
0.003965381 ,
-0.002883092 ,
0 ,
0.0033756747 ,
-0.002586582 ,
0 ,
0.001572969 ,
-0.005513295 ,
0 ,
0.003024765 ,
-0.004717781 ,
0 ,
0.0032881616 ,
-0.004208814 ,
0 ,
0.0037655937 ,
-0.00285306 ,
0 ,
0.0052331152 ,
-0.002796936 ,
0 ,
0.002952904 ,
-0.001701859 ,
0 ,
0.0049304656 ,
-0.000108625 ,
0 ,
0.0044244459 ,
0.0003282656 ,
0 ,
0.0063423042 ,
0.0015867117 ,
0 ,
0.0013260379 ,
-0.00388721 ,
0 ,
0.0015701419 ,
-0.00115912 ,
0 ,
0.0008943689 ,
-0.000812475 ,
0 ,
0.0007967324 ,
-0.002061021 ,
0 ,
0.0025355176 ,
-0.004797375 ,
0 ,
0.0032067126 ,
-0.002578445 ,
0 ,
0.0041049763 ,
-0.002099497 ,
0 ,
0.0039784324 ,
-0.002461174 ,
0 ,
0.0036868127 ,
-0.002696158 ,
0 ,
0.0040524586 ,
-0.000409679 ,
0 ,
0.0047093781 ,
-0.000609864 ,
0 ,
0.0041323157 ,
-0.000861269 ,
0 ,
0.0021319791 ,
-0.00509648 ,
0 ,
0.0035077997 ,
-0.002848357 ,
0 ,
0.0035979433 ,
-0.002516895 ,
0 ,
0.0042803558 ,
-0.003839127 ,
0 ,
0.0025045611 ,
-0.00479273 ,
0 ,
0.0027665884 ,
-0.004351328 ,
0 ,
0.0035997734 ,
-0.004240089 ,
0 ,
0.0040919673 ,
-0.005002525 ,
0 ,
0.0018597356 ,
-0.002838613 ,
0 ,
0.0027113395 ,
-0.001938958 ,
0 ,
0.0028040725 ,
-0.001994825 ,
0 ,
0.0031808525 ,
-0.001613869 ,
0 ,
0.0034060707 ,
-0.002452665 ,
0 ,
0.0050231083 ,
0.0004786523 ,
0 ,
0.0048860035 ,
0.0009270319 ,
0 ,
0.0058353063 ,
-0.000353861 ,
0 ,
0.0028345939 ,
-0.005144573 ,
0 ,
0.003212766 ,
-0.003226283 ,
0 ,
0.0022985769 ,
-0.003429292 ,
0 ,
0.0030339407 ,
-0.00670574 ,
0 ,
0.0033715038 ,
-0.003668029 ,
0 ,
0.0046893296 ,
-0.002579219 ,
0 ,
0.0055388847 ,
-0.000972702 ,
0 ,
0.0048326876 ,
-0.00315955 ,
0 ,
0.0050071812 ,
-0.004211143 ,
0 ,
0.0061785153 ,
-0.000762031 ,
0 ,
0.0066278928 ,
-0.001254578 ,
0 ,
0.0071888781 ,
-0.00057637 ,
0 ,
0.0032289086 ,
-0.004387132 ,
0 ,
0.0033893579 ,
-0.002187508 ,
0 ,
0.0029382249 ,
-0.002086632 ,
0 ,
0.0035929006 ,
-0.001825229 ,
0 ,
0.0021765409 ,
-0.004000623 ,
0 ,
0.0032816756 ,
-0.001619958 ,
0 ,
0.001815964 ,
-0.002423253 ,
0 ,
0.0036142573 ,
-0.001241413 ,
0 ,
0.0018718228 ,
-0.003432083 ,
0 ,
0.0028366643 ,
-0.000696243 ,
0 ,
0.0040672458 ,
0.0009190029 ,
0 ,
0.0051134333 ,
0.0013225009 ,
0 ,
0.0037490257 ,
-0.004323468 ,
0 ,
0.0060447388 ,
-0.00185613 ,
0 ,
0.0053753296 ,
-0.001539257 ,
0 ,
0.007906252 ,
-0.001290495 ,
0 ,
0.0035866166 ,
-0.006566966 ,
0 ,
0.0049648628 ,
-0.00484464 ,
0 ,
0.0036979451 ,
-0.005758329 ,
0 ,
0.0044832381 ,
-0.007650475 ,
0 ,
0.0045439388 ,
-0.004154999 ,
0 ,
0.0039955769 ,
-0.001460457 ,
0 ,
0.0045743282 ,
-0.002217513 ,
0 ,
0.0057514118 ,
-0.002666286 ,
0 ,
0.0035449297 ,
-0.005270891 ,
0 ,
0.0041683339 ,
-0.002539892 ,
0 ,
0.0046336454 ,
-0.002365656 ,
0 ,
0.0053318054 ,
-0.005211741 ,
0 ,
0.0034522183 ,
-0.003630234 ,
0 ,
0.0037557186 ,
-0.003135467 ,
0 ,
0.0040822862 ,
-0.004786874 ,
0 ,
0.0037246969 ,
-0.00695423 ,
0 ,
0.0026598657 ,
-0.003565805 ,
0 ,
0.0039060489 ,
-0.000534242 ,
0 ,
0.0048524241 ,
0.0005020247 ,
0 ,
0.0051523256 ,
-0.000900826 ,
0 ,
0.0024156712 ,
-0.005195237 ,
0 ,
0.0032950865 ,
-0.002258297 ,
0 ,
0.0041963822 ,
-0.002681877 ,
0 ,
0.0054431694 ,
-0.002963053 ,
0 ,
0.0025024863 ,
-0.003542765 ,
0 ,
0.003282303 ,
-0.003460629 ,
0 ,
0.0013401998 ,
-0.004472859 ,
0 ,
0.0014374411 ,
-0.007552554 ,
0 ,
0.0014656952 ,
-0.004551408 ,
0 ,
0.0024943139 ,
-0.002262583 ,
0 ,
0.0010850479 ,
-0.003012407 ,
0 ,
0.001522788 ,
-0.004544809 ,
0 ,
0.0032736064 ,
-0.004315625 ,
0 ,
0.0037114102 ,
-0.00267126 ,
0 ,
0.0038405044 ,
-0.000722546 ,
0 ,
0.0046621967 ,
0.0002840186 ,
0 ,
0.0033349003 ,
-0.00200401 ,
0 ,
0.0028528871 ,
-0.003668879 ,
0 ,
0.0019724493 ,
-0.005429207 ,
0 ,
0.0010574991 ,
-0.006365845 ,
0 ,
0.0039232264 ,
-0.003667613 ,
0 ,
0.0026048164 ,
-0.005382542 ,
0 ,
0.0021173843 ,
-0.007556391 ,
0 ,
0.002268538 ,
-0.007696351 ,
0 ,
0.0022963454 ,
-0.001600566 ,
0 ,
0.0026006895 ,
-0.002375929 ,
0 ,
0.0016356888 ,
-0.005687083 ,
0 ,
0.0007078964 ,
-0.006238059 ,
0 ,
0.0007218404 ,
-0.003647924 ,
0 ,
0.0003816768 ,
-0.005188841 ,
0 ,
-0.000733954 ,
-0.005591273 ,
0 ,
-0.000055013 ,
-0.005546874 ,
0 ,
0.0033006237 ,
-0.000921998 ,
0 ,
0.0031318377 ,
-0.002831952 ,
0 ,
0.0013926789 ,
-0.005137753 ,
0 ,
-0.0001485 ,
-0.007867458 ,
0 ,
0.0045468363 ,
-0.002324475 ,
0 ,
0.0038596235 ,
-0.003546631 ,
0 ,
0.0023220926 ,
-0.004929067 ,
0 ,
0.0017933668 ,
-0.006281097 ,
0 ,
0.0040681166 ,
-0.002520418 ,
0 ,
0.0028185143 ,
-0.00269839 ,
0 ,
0.0029876758 ,
-0.00357039 ,
0 ,
0.0026283735 ,
-0.002895647 ,
0 ,
0.0042342185 ,
-0.000476838 ,
0 ,
0.002717444 ,
-0.003529144 ,
0 ,
0.001978561 ,
-0.005178964 ,
0 ,
0.0012093831 ,
-0.005797879 ,
0 ,
0.0027238999 ,
-0.001463911 ,
0 ,
0.0028345853 ,
-0.00237506 ,
0 ,
0.0017004815 ,
-0.004476956 ,
0 ,
0.0027505401 ,
-0.005710685 ,
0 ,
0.002473742 ,
-0.002328104 ,
0 ,
0.0028688852 ,
-0.004085613 ,
0 ,
0.0008671902 ,
-0.005396075 ,
0 ,
0.0002265688 ,
-0.006495143 ,
0 ,
0.0028829759 ,
-0.00269185 ,
0 ,
0.0023278877 ,
-0.006690263 ,
0 ,
0.000599751 ,
-0.009345147 ,
0 ,
-0.000011702 ,
-0.009226465 ,
0 ,
0.0017688892 ,
-0.003356908 ,
0 ,
0.0007438281 ,
-0.00584145 ,
0 ,
0.0001246497 ,
-0.006668192 ,
0 ,
-0.00072949 ,
-0.00931052 ,
0 ,
0.0049523843 ,
-0.002600053 ,
0 ,
0.0038820303 ,
-0.004938514 ,
0 ,
0.0030124131 ,
-0.005994694 ,
0 ,
0.0025681368 ,
-0.007138077 ,
0 ,
0.0038802884 ,
-0.001605117 ,
0 ,
0.0030261792 ,
-0.003532011 ,
0 ,
0.0005336158 ,
-0.006552444 ,
0 ,
0.0005861668 ,
-0.006688809 ,
0 ,
0.003381628 ,
-0.000818197 ,
0 ,
0.002975334 ,
-0.001511069 ,
0 ,
0.0025771631 ,
-0.003386883 ,
0 ,
0.0020596188 ,
-0.004775666 ,
0 ,
0.0035416581 ,
-0.002695122 ,
0 ,
0.0036528836 ,
-0.004430425 ,
0 ,
0.0024127496 ,
-0.005536541 ,
0 ,
0.0009111885 ,
-0.006557583 ,
0 ,
0.0004761399 ,
-0.003286637 ,
0 ,
0.0001125683 ,
-0.004168583 ,
0 ,
-0.003160517 ,
-0.007656273 ,
0 ,
-0.005516459 ,
-0.009025935 ,
0 ,
0.0053721229 ,
-0.000714995 ,
0 ,
0.0028803567 ,
-0.003045573 ,
0 ,
0.0027730486 ,
-0.004257148 ,
0 ,
0.0020458159 ,
-0.004666171 ,
0 ,
0.0021099982 ,
-0.004079009 ,
0 ,
0.0019380049 ,
-0.004788005 ,
0 ,
0.0010081171 ,
-0.006309776 ,
0 ,
-0.000731946 ,
-0.008993907 ,
0 ,
0.0050091479 ,
-0.00202985 ,
0 ,
0.0032018207 ,
-0.005174882 ,
0 ,
0.0033336448 ,
-0.005383179 ,
0 ,
0.0031197292 ,
-0.006327679 ,
0 ,
0.0008775802 ,
-0.004345262 ,
0 ,
0.0001502611 ,
-0.004809819 ,
0 ,
-7.536675E-6 ,
-0.005856729 ,
0 ,
-0.002169956 ,
-0.008092554 ,
0 ,
0.002289927 ,
-0.002098593 ,
0 ,
0.0031478105 ,
-0.002593153 ,
0 ,
0.0028612197 ,
-0.003109154 ,
0 ,
0.0009991517 ,
-0.005359296 ,
0 ,
0.0043044092 ,
-0.001999867 ,
0 ,
0.002933334 ,
-0.004515571 ,
0 ,
0.0000416707 ,
-0.006836675 ,
0 ,
-0.001198666 ,
-0.007426555 ,
0 ,
0.0025140199 ,
-0.004352088 ,
0 ,
0.0026392889 ,
-0.006139346 ,
0 ,
0.0017447577 ,
-0.006015168 ,
0 ,
0.0000253614 ,
-0.007890735 ,
0 ,
0.0031708241 ,
-0.001593056 ,
0 ,
0.0023837404 ,
-0.003157218 ,
0 ,
0.0032145476 ,
-0.003713066 ,
0 ,
0.0024103231 ,
-0.003993066 ,
0 ,
0.0008850924 ,
-0.003396959 ,
0 ,
0.0007711602 ,
-0.004437967 ,
0 ,
-0.000534086 ,
-0.006194059 ,
0 ,
-0.000763646 ,
-0.006132233 ,
0 ,
0.003605149 ,
-0.002007162 ,
0 ,
0.0023700552 ,
-0.002969629 ,
0 ,
0.0021717877 ,
-0.004539614 ,
0 ,
0.0023617282 ,
-0.006461174 ,
0 ,
0.0049336337 ,
-0.003494145 ,
0 ,
0.0044041887 ,
-0.00509626 ,
0 ,
0.0029518884 ,
-0.006505102 ,
0 ,
0.0008981126 ,
-0.007602174 ,
0 ,
0.0035291098 ,
-0.00283628 ,
0 ,
0.0027426483 ,
-0.003944626 ,
0 ,
0.0014757518 ,
-0.006212772 ,
0 ,
0.0010584042 ,
-0.006672687 ,
0 ,
0.005598811 ,
-0.001087355 ,
0 ,
0.0051447802 ,
-0.002135049 ,
0 ,
0.0043548698 ,
-0.003635299 ,
0 ,
0.0038241083 ,
-0.004971004 ,
0 ,
0.0048742265 ,
-0.001619076 ,
0 ,
0.0035127215 ,
-0.002343781 ,
0 ,
0.0029883094 ,
-0.003355732 ,
0 ,
-0.000528405 ,
-0.008393137 ,
0 ,
0.0028999252 ,
-0.00074295 ,
0 ,
0.0033876494 ,
-0.000541617 ,
0 ,
0.0010231126 ,
-0.002842025 ,
0 ,
-0.000176833 ,
-0.00466334 ,
0 ,
0.00258897 ,
-0.001102361 ,
0 ,
0.0017474307 ,
-0.001889924 ,
0 ,
0.0007220227 ,
-0.005550283 ,
0 ,
0.0012169175 ,
-0.006523223 ,
0 ,
0.0021843501 ,
-0.003488157 ,
0 ,
0.0026169254 ,
-0.004677128 ,
0 ,
0.001363201 ,
-0.005584922 ,
0 ,
0.0014515333 ,
-0.006994916 ,
0 ,
0.0030730369 ,
-0.003056409 ,
0 ,
0.0020172702 ,
-0.004704726 ,
0 ,
0.0021249338 ,
-0.004898641 ,
0 ,
0.0025661813 ,
-0.005152477 ,
0 ,
0.0058436092 ,
0.0008145222 ,
0 ,
0.005425192 ,
-0.002376475 ,
0 ,
0.0040779192 ,
-0.003963427 ,
0 ,
0.0022592473 ,
-0.004732073 ,
0 ,
0.0042019218 ,
-0.001404801 ,
0 ,
0.0034906289 ,
-0.002447743 ,
0 ,
0.0019213255 ,
-0.004084517 ,
0 ,
0.0016435206 ,
-0.005480258 ,
0 ,
0.002371688 ,
-0.002475428 ,
0 ,
0.0011294495 ,
-0.004056711 ,
0 ,
0.0009885905 ,
-0.005172006 ,
0 ,
-0.000181469 ,
-0.005822731 ,
0 ,
0.0020579835 ,
-0.003584124 ,
0 ,
0.0014466384 ,
-0.004489953 ,
0 ,
0.000835831 ,
-0.005961112 ,
0 ,
0.0006264333 ,
-0.008136711 ,
0 ,
0.0025037209 ,
-0.001679121 ,
0 ,
0.0020877806 ,
-0.00186868 ,
0 ,
0.001699093 ,
-0.003222462 ,
0 ,
0.0011742299 ,
-0.003507478 ,
};
 
 
double BMI_T_leisure_rindex_t [SEX][BOOTSTRAP_INDEX_39][AR_ORDER_INDEX_4][LTPA_4CAT ]={
0.0045553082 ,
0.0080119772 ,
0.0038332815 ,
0 ,
0.0009965719 ,
0.007429185 ,
0.0035311253 ,
0 ,
0.0020333781 ,
0.0080603411 ,
0.0045384441 ,
0 ,
0.0042690076 ,
0.0084537623 ,
0.0037477755 ,
0 ,
0.0042874361 ,
0.0053929946 ,
0.0022250291 ,
0 ,
0.0002036327 ,
0.0055241988 ,
0.0027410245 ,
0 ,
-0.000637678 ,
0.0049407035 ,
0.0031683017 ,
0 ,
0.0003911694 ,
0.0049040009 ,
0.0022909226 ,
0 ,
0.0069971392 ,
0.0082863277 ,
0.0047733153 ,
0 ,
0.0048836816 ,
0.008357461 ,
0.0058116763 ,
0 ,
0.0048345677 ,
0.0080272581 ,
0.0068368995 ,
0 ,
0.0061303536 ,
0.005900233 ,
0.0047367411 ,
0 ,
0.0070211073 ,
0.0080967886 ,
0.0066103184 ,
0 ,
0.0034216122 ,
0.0077962673 ,
0.0063007135 ,
0 ,
0.0034640373 ,
0.0066897551 ,
0.005143311 ,
0 ,
0.0076824925 ,
0.0079372751 ,
0.0052298181 ,
0 ,
0.0077170624 ,
0.0112437991 ,
0.0090150735 ,
0 ,
0.0062033862 ,
0.0110800047 ,
0.0093610177 ,
0 ,
0.0058846393 ,
0.0121244522 ,
0.0109856005 ,
0 ,
0.0073428559 ,
0.0117223504 ,
0.0096204738 ,
0 ,
0.0005488872 ,
0.0061194705 ,
0.0019816586 ,
0 ,
-0.005049213 ,
0.0054792564 ,
0.0015850478 ,
0 ,
-0.00303177 ,
0.0070198648 ,
0.0024799977 ,
0 ,
-0.002068079 ,
0.0064148814 ,
0.0009196737 ,
0 ,
0.0062768834 ,
0.0090127034 ,
0.0032603144 ,
0 ,
0.0033787016 ,
0.0093656104 ,
0.0037076183 ,
0 ,
0.0053869678 ,
0.0092309977 ,
0.0042870514 ,
0 ,
0.0065775851 ,
0.0105754452 ,
0.0033708954 ,
0 ,
0.0062656561 ,
0.0088604416 ,
0.004274828 ,
0 ,
0.0034519113 ,
0.0083242533 ,
0.0030291333 ,
0 ,
0.0049654958 ,
0.0092332434 ,
0.0051264736 ,
0 ,
0.0068120758 ,
0.0106333036 ,
0.0034060284 ,
0 ,
0.0050018094 ,
0.0079855173 ,
0.0044187888 ,
0 ,
0.0037046657 ,
0.0085700739 ,
0.0052815319 ,
0 ,
0.0056431955 ,
0.0094076205 ,
0.0064205128 ,
0 ,
0.005889184 ,
0.0078142214 ,
0.0026499249 ,
0 ,
0.0074252095 ,
0.0090964573 ,
0.0069231453 ,
0 ,
0.0020598922 ,
0.0084310679 ,
0.0050662576 ,
0 ,
0.0042340195 ,
0.0090698621 ,
0.0065393472 ,
0 ,
0.0068744965 ,
0.0107030925 ,
0.0064362313 ,
0 ,
0.0051860397 ,
0.0091562289 ,
0.0040806677 ,
0 ,
0.0003499579 ,
0.0079639374 ,
0.0030925433 ,
0 ,
0.0053097498 ,
0.0089619972 ,
0.0043119311 ,
0 ,
0.0077818226 ,
0.0081090007 ,
0.0026210817 ,
0 ,
0.0030810208 ,
0.0076469175 ,
0.0040817411 ,
0 ,
-0.001599103 ,
0.0054694282 ,
0.0021877756 ,
0 ,
0.001114456 ,
0.0061136126 ,
0.0042386941 ,
0 ,
0.0029009803 ,
0.0074543124 ,
0.0029373036 ,
0 ,
0.0019325131 ,
0.0064259529 ,
0.0021877725 ,
0 ,
-0.004199665 ,
0.0058536855 ,
0.0017544706 ,
0 ,
-0.003424187 ,
0.0053444515 ,
0.0017005781 ,
0 ,
-0.002312145 ,
0.0056204403 ,
0.0004864092 ,
0 ,
0.0032876263 ,
0.0065459434 ,
0.001655278 ,
0 ,
-0.000052978 ,
0.0065967311 ,
0.0015308348 ,
0 ,
0.0004514575 ,
0.0081103579 ,
0.0022307475 ,
0 ,
0.0048243477 ,
0.010391894 ,
0.0023314561 ,
0 ,
0.0014085454 ,
0.0089647108 ,
0.0015421873 ,
0 ,
-0.00129994 ,
0.0092800481 ,
0.0027147808 ,
0 ,
-0.000954657 ,
0.0102618798 ,
0.0043710135 ,
0 ,
0.0012265735 ,
0.0098868897 ,
0.0035028084 ,
0 ,
0.0015511673 ,
0.0039240209 ,
0.000237388 ,
0 ,
-0.002724665 ,
0.0025716054 ,
0.0004541178 ,
0 ,
-0.001790848 ,
0.0032879533 ,
0.0008385541 ,
0 ,
0.0000722719 ,
0.0034742915 ,
0.0004739986 ,
0 ,
0.0035493641 ,
0.0081710487 ,
0.0049956176 ,
0 ,
0.001762534 ,
0.0065735752 ,
0.0054144115 ,
0 ,
0.0062582454 ,
0.0076328899 ,
0.0061703495 ,
0 ,
0.0054897463 ,
0.0068399936 ,
0.0053253288 ,
0 ,
0.0056075707 ,
0.0086020424 ,
0.0042129977 ,
0 ,
0.0008255895 ,
0.0085815187 ,
0.0040125514 ,
0 ,
-0.000038599 ,
0.0082459676 ,
0.0034882683 ,
0 ,
0.0040118147 ,
0.0084216779 ,
0.0023453122 ,
0 ,
0.0041534659 ,
0.0093535406 ,
0.0025057892 ,
0 ,
0.0010568182 ,
0.0090321522 ,
0.001952056 ,
0 ,
0.005160921 ,
0.0105923741 ,
0.0042187332 ,
0 ,
0.0039336164 ,
0.0097721974 ,
0.0026406453 ,
0 ,
0.0027871699 ,
0.0076698749 ,
0.0031360954 ,
0 ,
-0.002366149 ,
0.0067583724 ,
0.0025345531 ,
0 ,
-0.001256985 ,
0.007179189 ,
0.0038363245 ,
0 ,
0.0037528985 ,
0.0076284117 ,
0.0034276808 ,
0 ,
0.0027602395 ,
0.0076933212 ,
0.0044478215 ,
0 ,
0.0017422614 ,
0.0074940991 ,
0.0041059033 ,
0 ,
0.0029130705 ,
0.0084134097 ,
0.0053921166 ,
0 ,
0.0034956943 ,
0.0089221483 ,
0.0044376201 ,
0 ,
0.0027380581 ,
0.0074996753 ,
0.003299594 ,
0 ,
0.0011986936 ,
0.007356 ,
0.0038739059 ,
0 ,
0.0028209285 ,
0.0079444099 ,
0.0045519288 ,
0 ,
0.0039804622 ,
0.0068542263 ,
0.002042444 ,
0 ,
0.0013238987 ,
0.0078883466 ,
0.0043467846 ,
0 ,
-0.002966094 ,
0.005731165 ,
0.0018437927 ,
0 ,
-0.002427527 ,
0.0055869432 ,
0.0027602324 ,
0 ,
-0.004220493 ,
0.005289334 ,
0.003404021 ,
0 ,
0.0045719819 ,
0.0085797589 ,
0.0039625929 ,
0 ,
-0.000766182 ,
0.0078743045 ,
0.0041990642 ,
0 ,
-0.000293664 ,
0.008686434 ,
0.0062857034 ,
0 ,
0.0048718045 ,
0.0092955544 ,
0.0060879705 ,
0 ,
0.0054595147 ,
0.008682363 ,
0.0034841247 ,
0 ,
-0.0001189 ,
0.0083984327 ,
0.0030331228 ,
0 ,
0.0020627083 ,
0.009049319 ,
0.0032790475 ,
0 ,
0.0037731151 ,
0.0097287932 ,
0.0035773706 ,
0 ,
0.0047625564 ,
0.0083036476 ,
0.0044981565 ,
0 ,
-0.000914348 ,
0.0065182102 ,
0.0024115303 ,
0 ,
-0.000584151 ,
0.0086699435 ,
0.0043766516 ,
0 ,
-0.00191033 ,
0.0080635685 ,
0.0030657308 ,
0 ,
0.0036866968 ,
0.0066329828 ,
0.0013927857 ,
0 ,
0.0007325556 ,
0.006520356 ,
0.0018452392 ,
0 ,
0.0041417142 ,
0.0081307542 ,
0.0042442914 ,
0 ,
0.0071986848 ,
0.0078512152 ,
0.0013348505 ,
0 ,
0.007327301 ,
0.0080317566 ,
0.0052333547 ,
0 ,
0.0002236573 ,
0.0066058522 ,
0.0033583637 ,
0 ,
0.0002488894 ,
0.0076771087 ,
0.0046895086 ,
0 ,
0.002285122 ,
0.0071650778 ,
0.0051678539 ,
0 ,
0.0072846531 ,
0.008956112 ,
0.0051496397 ,
0 ,
0.0040031193 ,
0.0083550649 ,
0.0041789876 ,
0 ,
0.00396645 ,
0.0095518819 ,
0.0041744524 ,
0 ,
0.0077796641 ,
0.0097547043 ,
0.0047857119 ,
0 ,
0.0049493769 ,
0.0088385741 ,
0.0049857794 ,
0 ,
0.0043010819 ,
0.0084328926 ,
0.0055723815 ,
0 ,
0.0025973838 ,
0.0091595909 ,
0.0064849922 ,
0 ,
0.0066085629 ,
0.0107513397 ,
0.0076343711 ,
0 ,
0.0007856534 ,
0.0076881854 ,
0.0026455944 ,
0 ,
-0.002317383 ,
0.0060558319 ,
0.0009413766 ,
0 ,
-0.000703693 ,
0.0078458362 ,
0.0027989191 ,
0 ,
-0.000900295 ,
0.0084195198 ,
0.0014147035 ,
0 ,
0.0066809939 ,
0.0079986302 ,
0.004668581 ,
0 ,
0.0027697694 ,
0.0089110483 ,
0.0046529745 ,
0 ,
0.0020106485 ,
0.0095615488 ,
0.005622488 ,
0 ,
0.0070758996 ,
0.0094422068 ,
0.0036978938 ,
0 ,
0.0103699567 ,
0.0098337635 ,
0.0063843792 ,
0 ,
0.0038598299 ,
0.008616624 ,
0.0049518811 ,
0 ,
0.003678898 ,
0.0099064667 ,
0.0060765767 ,
0 ,
0.0054172196 ,
0.0127606392 ,
0.0077821931 ,
0 ,
0.0033336904 ,
0.0066408186 ,
0.0017036665 ,
0 ,
0.0025460835 ,
0.0066989183 ,
0.0010060677 ,
0 ,
0.0027632027 ,
0.0061017289 ,
0.0005467595 ,
0 ,
0.0035760276 ,
0.0049205904 ,
-0.00018326 ,
0 ,
0.003399064 ,
0.0076256015 ,
0.0046450999 ,
0 ,
0.0013250461 ,
0.0079984692 ,
0.0033152217 ,
0 ,
0.0015168887 ,
0.0084658457 ,
0.0037088737 ,
0 ,
0.0050050577 ,
0.0093263374 ,
0.0030016212 ,
0 ,
0.0045972941 ,
0.0101986781 ,
0.0047255907 ,
0 ,
0.0034005222 ,
0.0117780877 ,
0.0060541668 ,
0 ,
0.0045877598 ,
0.0131924979 ,
0.007589789 ,
0 ,
0.0091950934 ,
0.0140424113 ,
0.0068929947 ,
0 ,
0.0024621658 ,
0.0064992737 ,
0.0028687496 ,
0 ,
-0.002776772 ,
0.0063282552 ,
0.0027917395 ,
0 ,
-0.001553727 ,
0.0073509977 ,
0.0061227769 ,
0 ,
-0.001253633 ,
0.008657794 ,
0.0072368008 ,
0 ,
0.0077254594 ,
0.0078816929 ,
0.0028622025 ,
0 ,
0.0015001945 ,
0.0067972101 ,
0.0024429608 ,
0 ,
0.0037904373 ,
0.0070084927 ,
0.0035005476 ,
0 ,
0.0074978281 ,
0.006925709 ,
0.0020065191 ,
0 ,
0.0047842083 ,
0.0066432881 ,
0.0021207747 ,
0 ,
-0.0003849 ,
0.0050571032 ,
0.0003802846 ,
0 ,
0.0017427808 ,
0.0059169274 ,
0.0006849153 ,
0 ,
0.0047465102 ,
0.0056552013 ,
-0.000805721 ,
0 ,
0.0058382229 ,
0.0081051588 ,
0.0047318124 ,
0 ,
0.0020855884 ,
0.0077581779 ,
0.0039862195 ,
0 ,
0.003898697 ,
0.0076196139 ,
0.0036791086 ,
0 ,
0.0037575679 ,
0.0089422939 ,
0.0028814918 ,
0 ,
0.0029371102 ,
0.004413434 ,
0.0027719556 ,
0 ,
0.0022976102 ,
0.005278523 ,
0.0034324508 ,
0 ,
0.004628156 ,
0.0060256899 ,
0.0033128791 ,
0 ,
0.0042340598 ,
0.0073312793 ,
0.0021850145 ,
0 ,
0.004474418 ,
0.0041070636 ,
0.0030804475 ,
0 ,
0.0018603008 ,
0.0042757509 ,
0.0022146135 ,
0 ,
0.0042722446 ,
0.0057452566 ,
0.0020670142 ,
0 ,
0.0043484474 ,
0.0078863844 ,
0.0007884105 ,
0 ,
0.0024160752 ,
0.0035317357 ,
0.0005800049 ,
0 ,
0.0027079789 ,
0.0041298719 ,
0.0026900513 ,
0 ,
0.0017275793 ,
0.0043012711 ,
0.0001236222 ,
0 ,
0.0033776335 ,
0.0056650758 ,
-0.000550083 ,
0 ,
0.0053859388 ,
0.0046576071 ,
0.0019500099 ,
0 ,
0.0031750792 ,
0.0059644251 ,
0.0038621354 ,
0 ,
0.0062410962 ,
0.0065179299 ,
0.0032739452 ,
0 ,
0.0078146062 ,
0.00804463 ,
0.0034250891 ,
0 ,
0.0059662197 ,
0.0063355486 ,
0.003482576 ,
0 ,
0.0057480541 ,
0.0080614858 ,
0.00331859 ,
0 ,
0.008894069 ,
0.0100551354 ,
0.0037131237 ,
0 ,
0.006127731 ,
0.0104651781 ,
0.0016350698 ,
0 ,
0.0038894223 ,
0.003198838 ,
0.0023794143 ,
0 ,
0.0049113048 ,
0.0037245699 ,
0.0035753837 ,
0 ,
0.0090486535 ,
0.0045152299 ,
0.0056550409 ,
0 ,
0.0085054979 ,
0.0071105214 ,
0.0057397517 ,
0 ,
0.0040204639 ,
0.0041500647 ,
0.0024788148 ,
0 ,
0.0039080264 ,
0.0040856472 ,
0.0033043796 ,
0 ,
0.0034377116 ,
0.0049239209 ,
0.0029660576 ,
0 ,
0.0023965933 ,
0.0058393033 ,
0.0020863286 ,
0 ,
-0.000915319 ,
0.0045513081 ,
0.0026197196 ,
0 ,
-0.002114587 ,
0.0044634638 ,
0.0021777015 ,
0 ,
0.0002997122 ,
0.0050391863 ,
0.0012330857 ,
0 ,
-0.001067515 ,
0.0079341946 ,
0.0020032482 ,
0 ,
0.0017292377 ,
0.0046624189 ,
0.0030607834 ,
0 ,
0.0011757332 ,
0.0046530919 ,
0.0022520751 ,
0 ,
0.0037545957 ,
0.0051454282 ,
0.0028118097 ,
0 ,
0.0063490962 ,
0.0081592274 ,
0.0022414364 ,
0 ,
0.0017484868 ,
0.003585918 ,
0.0007112483 ,
0 ,
0.0007365054 ,
0.0050755899 ,
0.0019472525 ,
0 ,
0.0004352159 ,
0.0043739379 ,
-0.000174376 ,
0 ,
-0.001241379 ,
0.0065776361 ,
-0.00027569 ,
0 ,
0.0040765605 ,
0.0037836794 ,
0.0031578473 ,
0 ,
0.0040884863 ,
0.0050503709 ,
0.0047152092 ,
0 ,
0.0067217342 ,
0.005693229 ,
0.0047067394 ,
0 ,
0.0032667295 ,
0.0073307171 ,
0.0044167627 ,
0 ,
0.0065580764 ,
0.0069721961 ,
0.0070130072 ,
0 ,
0.0056241258 ,
0.0092013021 ,
0.0083654494 ,
0 ,
0.0073769629 ,
0.0100427002 ,
0.0079888666 ,
0 ,
0.0096232459 ,
0.0105439854 ,
0.0047585881 ,
0 ,
0.0040608178 ,
0.0034918223 ,
0.0010337928 ,
0 ,
0.0014312112 ,
0.0040179099 ,
0.0017641705 ,
0 ,
0.0049543391 ,
0.0042563617 ,
0.0000192121 ,
0 ,
0.0051355264 ,
0.0060444297 ,
-0.001109628 ,
0 ,
0.0040640485 ,
0.006478385 ,
0.0038072628 ,
0 ,
0.0032795323 ,
0.0069225047 ,
0.0051187877 ,
0 ,
0.0044792337 ,
0.0066033668 ,
0.0056158816 ,
0 ,
0.0039389638 ,
0.0073382047 ,
0.0053850636 ,
0 ,
0.0028648011 ,
0.0039684788 ,
0.0011870228 ,
0 ,
0.0033404085 ,
0.0045915218 ,
0.0017868162 ,
0 ,
0.0075006391 ,
0.0060005643 ,
0.0019081446 ,
0 ,
0.0084833633 ,
0.0061174244 ,
0.001523641 ,
0 ,
0.005584771 ,
0.006021859 ,
0.0036073704 ,
0 ,
0.0033849479 ,
0.0071134308 ,
0.0041695144 ,
0 ,
0.004479306 ,
0.0068698299 ,
0.0035357668 ,
0 ,
0.0089154401 ,
0.010107821 ,
0.0026958452 ,
0 ,
0.0012049128 ,
0.0047784378 ,
0.0031674967 ,
0 ,
0.0030818131 ,
0.005663569 ,
0.0042199501 ,
0 ,
0.0046925111 ,
0.0059353108 ,
0.0051043132 ,
0 ,
0.0055479261 ,
0.0068734822 ,
0.0040428901 ,
0 ,
0.0017281819 ,
0.0054069934 ,
0.0026967771 ,
0 ,
0.0055593981 ,
0.005819748 ,
0.0036432672 ,
0 ,
0.0063278033 ,
0.005642719 ,
0.004658421 ,
0 ,
0.0065414106 ,
0.0063314532 ,
0.0046940177 ,
0 ,
0.004226076 ,
0.0051942076 ,
0.0014225928 ,
0 ,
0.0036045591 ,
0.0070056804 ,
0.0024305562 ,
0 ,
0.005705253 ,
0.0080514301 ,
0.0013131547 ,
0 ,
0.0029793815 ,
0.0085700041 ,
0.0000680954 ,
0 ,
0.0009912968 ,
0.0017887744 ,
0.0024614611 ,
0 ,
0.001262618 ,
0.0020266967 ,
0.0013617453 ,
0 ,
0.0023069327 ,
0.0034416991 ,
0.0026918948 ,
0 ,
0.0046978581 ,
0.0048067549 ,
0.001388792 ,
0 ,
0.0029022617 ,
0.0021920439 ,
0.0003119822 ,
0 ,
0.0017672625 ,
0.0017017902 ,
0.0005575836 ,
0 ,
0.0029943165 ,
0.0020868189 ,
0.0001828771 ,
0 ,
0.0057983125 ,
0.0052354813 ,
0.0002778571 ,
0 ,
0.004749571 ,
0.0041985579 ,
0.0030997532 ,
0 ,
0.0065469966 ,
0.003976174 ,
0.0040633536 ,
0 ,
0.0082321163 ,
0.0036175041 ,
0.0022361273 ,
0 ,
0.0088863391 ,
0.0032987206 ,
-0.000082297 ,
0 ,
-0.000072873 ,
0.0026953589 ,
0.0008342118 ,
0 ,
-0.000824081 ,
0.0033053504 ,
0.0007901114 ,
0 ,
0.0033149846 ,
0.0038874001 ,
0.0004893858 ,
0 ,
0.003766258 ,
0.0066806466 ,
0.0009914453 ,
0 ,
0.0032804807 ,
0.0046967221 ,
0.0039274187 ,
0 ,
0.0033567278 ,
0.0053821022 ,
0.0045553588 ,
0 ,
0.0048237612 ,
0.0047351821 ,
0.0042281844 ,
0 ,
0.0042363359 ,
0.0068666582 ,
0.0038327794 ,
0 ,
0.0034531737 ,
0.005119152 ,
0.0042309601 ,
0 ,
0.0019510388 ,
0.0060105674 ,
0.0044696744 ,
0 ,
0.007219425 ,
0.0067150944 ,
0.0058024711 ,
0 ,
0.0061131437 ,
0.0074819945 ,
0.0055555863 ,
0 ,
0.0008484203 ,
0.0025800455 ,
0.0017633907 ,
0 ,
-0.001123995 ,
0.0032308142 ,
0.0021096746 ,
0 ,
-0.001310928 ,
0.0041045652 ,
0.0034684124 ,
0 ,
-0.002590814 ,
0.0049883397 ,
0.0019976308 ,
0 ,
0.0009037386 ,
0.0029189658 ,
0.0009233436 ,
0 ,
-0.002178512 ,
0.0029518776 ,
0.001707168 ,
0 ,
-0.000777684 ,
0.0038291335 ,
0.0019471063 ,
0 ,
-0.003043371 ,
0.005026248 ,
0.0002321208 ,
0 ,
0.0056062273 ,
0.0053456669 ,
0.0020759564 ,
0 ,
0.0051590614 ,
0.0055735618 ,
0.0022405541 ,
0 ,
0.009798424 ,
0.0069587975 ,
0.0032716148 ,
0 ,
0.0101439769 ,
0.0082257046 ,
0.0028373043 ,
0 ,
0.0022497517 ,
0.004569151 ,
0.0018935792 ,
0 ,
0.0052693009 ,
0.0067725296 ,
0.0042983164 ,
0 ,
0.0058498236 ,
0.0096418776 ,
0.0051124604 ,
0 ,
0.0053237008 ,
0.0110821297 ,
0.0034330452 ,
0 ,
0.0032977289 ,
0.0045005764 ,
0.0019675882 ,
0 ,
0.0050437534 ,
0.0049972436 ,
0.0020946754 ,
0 ,
0.0076180689 ,
0.0060440056 ,
0.0023803235 ,
0 ,
0.007621933 ,
0.0091285189 ,
0.0019892509 ,
0 ,
0.0050780351 ,
0.0052357544 ,
0.0032997685 ,
0 ,
0.003048588 ,
0.0058541169 ,
0.0042189837 ,
0 ,
0.0057152333 ,
0.0059091109 ,
0.0031839333 ,
0 ,
0.0113708682 ,
0.0079612511 ,
0.0038140971 ,
0 ,
-0.000295565 ,
0.0045852475 ,
0.0019963332 ,
0 ,
-0.001351485 ,
0.005923147 ,
0.0035496542 ,
0 ,
0.0006290005 ,
0.0059816096 ,
0.0029163349 ,
0 ,
0.0021926146 ,
0.0076700926 ,
0.0026549713 ,
0 ,
0.0043357661 ,
0.0028739951 ,
0.0025647187 ,
0 ,
0.003438818 ,
0.0047430312 ,
0.0049507677 ,
0 ,
0.0079605358 ,
0.0055795735 ,
0.0053172985 ,
0 ,
0.0127152044 ,
0.0068497189 ,
0.0041332248 ,
0 ,
0.0041095405 ,
0.0036363806 ,
0.003646247 ,
0 ,
0.0030979535 ,
0.0045429073 ,
0.0046157548 ,
0 ,
0.0054795922 ,
0.0050019872 ,
0.0038573098 ,
0 ,
0.0080422923 ,
0.0076106972 ,
0.0032152266 ,
0 ,
0.0039147878 ,
0.002862455 ,
0.0025235679 ,
0 ,
0.0028559795 ,
0.0044591284 ,
0.0032867724 ,
0 ,
0.005629478 ,
0.0053003401 ,
0.0037629383 ,
0 ,
0.0073706025 ,
0.0065939597 ,
0.0032509844 ,
0 ,
0.0009794159 ,
0.0026523025 ,
0.0016102909 ,
0 ,
0.0017735435 ,
0.0022645835 ,
0.0007641946 ,
0 ,
-0.001947081 ,
0.0026642665 ,
0.0010370488 ,
0 ,
-0.001313643 ,
0.0063334953 ,
0.0017309847 ,
0 ,
0.0030546272 ,
0.0043617972 ,
0.0023474729 ,
0 ,
0.004119882 ,
0.0040881509 ,
0.0031075734 ,
0 ,
0.005014343 ,
0.0049022992 ,
0.0025604966 ,
0 ,
0.0042175522 ,
0.0050272143 ,
-0.000799422 ,
0 ,
0.0058490465 ,
0.0048589049 ,
0.0050460841 ,
0 ,
0.0069294071 ,
0.0053916967 ,
0.0055195194 ,
0 ,
0.0088276437 ,
0.0050804458 ,
0.0052102611 ,
0 ,
0.0049575169 ,
0.004852517 ,
0.0038049729 ,
0 ,
0.0012678874 ,
0.0046331786 ,
0.0039322504 ,
0 ,
-0.000024204 ,
0.005957601 ,
0.0048853074 ,
0 ,
0.0012211962 ,
0.0062069907 ,
0.0057975799 ,
0 ,
0.0004936863 ,
0.0082052215 ,
0.0048026697 ,
0 ,
0.0026445898 ,
0.0054274862 ,
0.0037501121 ,
0 ,
0.0026129965 ,
0.0042206393 ,
0.0034958452 ,
0 ,
0.0021624049 ,
0.0052193924 ,
0.0038235467 ,
0 ,
0.0018838109 ,
0.006485343 ,
0.0026950097 ,
0 ,
};
 
 
double BMI_Up_diff_pa_level [SEX][BOOTSTRAP_INDEX_39][AR_ORDER_INDEX_4]={
-0.00056035 ,
-0.000975391 ,
-0.000033942 ,
-0.00105284 ,
-0.000864233 ,
-0.001782177 ,
-0.000654661 ,
-0.002786687 ,
-0.002323813 ,
-0.002042153 ,
-0.000279898 ,
-0.000267308 ,
-0.001189535 ,
-0.000517247 ,
0.0013438178 ,
0.0011794119 ,
-0.000153718 ,
0.0002260283 ,
0.0016851138 ,
0.0010764997 ,
-0.002457443 ,
-0.002296286 ,
-0.002220427 ,
-0.004277713 ,
0.0002534551 ,
-0.00037962 ,
0.0007577414 ,
-0.000252088 ,
0.0001612846 ,
-0.000334862 ,
0.0004097361 ,
1.756459E-6 ,
-0.001383767 ,
-0.000193913 ,
0.0018103416 ,
-0.001676112 ,
0.0004723328 ,
0.0008326732 ,
0.0022515648 ,
0.0018566612 ,
-0.001800124 ,
-0.001213151 ,
-0.000495783 ,
-0.000696706 ,
-0.001157248 ,
-0.000746843 ,
0.0019587057 ,
-0.001102718 ,
0.0006008088 ,
0.0005562719 ,
0.0018457278 ,
-0.000797822 ,
-0.001976105 ,
-0.001757273 ,
-0.001612556 ,
-0.00343715 ,
-0.000159846 ,
-0.001470378 ,
0.000633846 ,
0.0005333613 ,
0.00017328 ,
-0.001647962 ,
-0.000303789 ,
-0.000023406 ,
0.0006822492 ,
-0.001574155 ,
-0.000887485 ,
-0.002753554 ,
-0.001417674 ,
-0.002926441 ,
-0.00145474 ,
-0.003858415 ,
0.0015783777 ,
0.000661417 ,
0.0028577226 ,
0.0006958744 ,
-0.000024891 ,
-0.000891632 ,
-0.000289606 ,
-0.001928385 ,
-0.000141854 ,
-0.000465983 ,
0.0015422682 ,
0.0010168843 ,
-0.001168081 ,
-0.001417358 ,
-0.000535291 ,
-0.002873489 ,
-0.000245338 ,
-0.001290144 ,
-0.000164318 ,
-0.00035922 ,
-0.000647881 ,
-0.000212956 ,
-0.000271334 ,
0.0003414629 ,
-0.001664241 ,
-0.002796788 ,
-0.00187493 ,
-0.002329339 ,
0.0012554928 ,
0.0017595443 ,
0.0028030658 ,
0.0014416361 ,
0.0009515712 ,
0.0003776165 ,
0.0029470503 ,
0.0004535673 ,
-0.002599029 ,
-0.003782902 ,
-0.003100343 ,
-0.003671356 ,
-0.00037376 ,
0.0001105004 ,
0.0005300241 ,
-0.000339862 ,
-0.000179888 ,
-0.00222794 ,
-0.002164714 ,
-0.002133938 ,
-0.000406938 ,
-0.000945161 ,
0.0002010888 ,
-0.000986683 ,
0.0005703444 ,
0.0008023606 ,
0.0008710272 ,
-0.000240154 ,
-0.00171805 ,
-0.001418885 ,
-0.000074132 ,
-0.00076426 ,
0.0004317622 ,
0.0006020349 ,
0.0008579778 ,
0.0009874159 ,
-0.000932399 ,
0.0007257153 ,
0.00183308 ,
0.0014877272 ,
-0.001994665 ,
-0.002028528 ,
-0.001510543 ,
-0.002591442 ,
-0.00122812 ,
-0.000659951 ,
0.001821097 ,
-0.000719872 ,
-0.000738815 ,
-0.000976602 ,
-0.000581137 ,
-0.002614228 ,
-0.003533275 ,
-0.002704547 ,
-0.003246929 ,
-0.002403025 ,
-0.000967361 ,
-0.000992975 ,
-0.0000736 ,
-0.000148517 ,
0.0004048664 ,
0.001359131 ,
0.0015960217 ,
0.0032170648 ,
0.0009343778 ,
0.0019508717 ,
0.0014291091 ,
0.0045874028 ,
-0.000448551 ,
-0.000417791 ,
-0.000630772 ,
-0.000232824 ,
0.0013788008 ,
0.0030514316 ,
0.0036886837 ,
0.0051913107 ,
-0.003631187 ,
-0.002171472 ,
-0.001970089 ,
-0.000199831 ,
0.0002506087 ,
0.0005523813 ,
0.0016495164 ,
0.0013648496 ,
0.0022093137 ,
0.0022318155 ,
0.0022959675 ,
0.003616603 ,
0.001867838 ,
0.0030273441 ,
0.0020567756 ,
0.0049692101 ,
0.0006631886 ,
0.0009811609 ,
-0.000296809 ,
0.0014628543 ,
-0.000010558 ,
0.0013856718 ,
0.0011559554 ,
0.0018246117 ,
0.0011403439 ,
0.0016331523 ,
0.002410922 ,
0.0040899607 ,
0.0007113641 ,
0.002063772 ,
0.0017543926 ,
0.0030665301 ,
-0.000408637 ,
0.0015983869 ,
0.0013970526 ,
0.0018362066 ,
0.0012525126 ,
0.0016645055 ,
0.0032013078 ,
0.0037864829 ,
-0.000452974 ,
0.0005959001 ,
0.0009007323 ,
0.0018197042 ,
0.0008850229 ,
0.0016325345 ,
0.0022669401 ,
0.0043263719 ,
0.0026201281 ,
0.0026691329 ,
0.002854163 ,
0.0043242993 ,
0.002132238 ,
0.0030044934 ,
0.0041842079 ,
0.0052043195 ,
-0.000733101 ,
0.0012912731 ,
0.0000388566 ,
0.0008947996 ,
-0.00270468 ,
-0.000318983 ,
0.0002025589 ,
0.0028411563 ,
-0.001065713 ,
-0.001441816 ,
-0.000578194 ,
0.001904342 ,
0.0027766299 ,
0.002178809 ,
0.0023770849 ,
0.0018787385 ,
0.0015862744 ,
0.0024342862 ,
0.0025988721 ,
0.0034226039 ,
0.0006897331 ,
0.0027214071 ,
0.00201797 ,
0.0041772439 ,
0.0011330488 ,
0.0016613147 ,
0.0010046373 ,
0.0037312702 ,
0.0003709586 ,
0.0019267227 ,
0.0026627616 ,
0.0036228362 ,
0.0006586209 ,
0.0012390805 ,
0.0022598864 ,
0.0051369581 ,
0.0032858643 ,
0.0044527209 ,
0.0059616169 ,
0.005673178 ,
0.0013352059 ,
0.0029753829 ,
0.0033460362 ,
0.0032551857 ,
0.0014625962 ,
0.0034359519 ,
0.0033378604 ,
0.0055072743 ,
0.000711669 ,
0.0020336716 ,
0.0015827758 ,
0.0035352388 ,
0.0017016737 ,
0.0026235187 ,
0.0036330616 ,
0.0053303933 ,
-0.000677136 ,
0.0003570578 ,
0.0024014315 ,
0.0024303222 ,
0.0003634715 ,
0.0015287892 ,
0.0023685292 ,
0.0035116311 ,
-0.000322646 ,
0.0011595067 ,
0.000995256 ,
0.0045038564 ,
0.0000615534 ,
0.0003270438 ,
0.001248246 ,
0.0016402468 ,
-0.000043926 ,
0.0000377744 ,
-0.000110487 ,
0.0012074484 ,
-0.000033916 ,
0.0006148353 ,
-0.000500807 ,
0.0009878487 ,
0.0018718475 ,
0.0021107314 ,
0.0027601377 ,
0.0050094681 ,
-0.000129091 ,
0.0006532678 ,
0.0009197503 ,
0.0033305741 ,
};
 
 
double BMI_Up_diff_smoke [SEX][BOOTSTRAP_INDEX_39][AR_ORDER_INDEX_4]={
-0.004069979 ,
-0.003568184 ,
-0.003338117 ,
-0.002327395 ,
-0.001478733 ,
0.001003446 ,
-0.001152822 ,
0.0014417274 ,
-0.001014062 ,
-0.003454878 ,
-0.001266911 ,
-0.000824216 ,
-0.002438929 ,
-0.001825158 ,
-0.003471194 ,
-0.005076804 ,
-0.007769719 ,
-0.007049821 ,
-0.007359837 ,
-0.007221733 ,
-0.006643168 ,
-0.002966047 ,
-0.001104726 ,
-0.000545678 ,
-0.002830276 ,
-0.003946296 ,
-0.002988553 ,
0.001305769 ,
-0.000824871 ,
0.000832193 ,
0.0009044527 ,
0.0028839613 ,
-0.006550057 ,
-0.005239594 ,
-0.002326961 ,
0.0021815239 ,
-0.004107527 ,
-0.001772586 ,
-0.002299288 ,
-0.007537171 ,
-0.001545831 ,
-0.000860571 ,
0.0019331032 ,
0.002004065 ,
-0.004258447 ,
-0.001919463 ,
-0.004581546 ,
-0.002026802 ,
-0.00395269 ,
-0.002489729 ,
-0.002649949 ,
-0.002328668 ,
-0.006213931 ,
-0.007272887 ,
-0.008607851 ,
-0.012719785 ,
-0.005512857 ,
-0.00346169 ,
-0.00606474 ,
-0.005453918 ,
-0.002007719 ,
0.0017650924 ,
0.0016646749 ,
0.0019562245 ,
0.0031967813 ,
0.0024159577 ,
0.0019044559 ,
-0.000172295 ,
-0.003674877 ,
-0.001614709 ,
-0.001389155 ,
-0.00122433 ,
-0.006977313 ,
-0.003446145 ,
-0.002636898 ,
-0.005457099 ,
-0.005056374 ,
-0.003718997 ,
-0.003020883 ,
0.000261652 ,
-0.003754617 ,
-0.004508442 ,
-0.004810146 ,
-0.00378339 ,
-0.002328211 ,
0.0005395761 ,
-0.000236074 ,
-0.000144864 ,
-0.007626366 ,
-0.006218121 ,
-0.006286219 ,
-0.00653952 ,
-0.00643149 ,
-0.00655671 ,
-0.008163305 ,
-0.006818602 ,
-0.006699833 ,
-0.008255811 ,
-0.006602967 ,
-0.006001903 ,
-0.002735076 ,
-0.003686437 ,
-0.004277697 ,
-0.001615691 ,
-0.005533857 ,
-0.000403983 ,
0.0009776941 ,
0.0047300763 ,
0.0005585397 ,
-0.002789697 ,
-0.001525016 ,
-0.001155312 ,
-0.005338651 ,
-0.004072833 ,
-0.000786356 ,
-0.005324371 ,
-0.006086218 ,
-0.007078306 ,
-0.005862786 ,
-0.007270011 ,
-0.001557766 ,
0.0008905963 ,
-0.002659043 ,
-0.003833975 ,
-0.004019501 ,
-0.00311145 ,
-0.001690904 ,
0.0021421252 ,
-0.005717781 ,
-0.008553558 ,
-0.005727574 ,
-0.004322401 ,
-0.004177597 ,
-0.000419372 ,
0.0017546865 ,
0.0041963878 ,
-0.002999432 ,
-0.003835672 ,
-0.002892905 ,
-0.000619731 ,
-0.00180733 ,
-0.003706468 ,
-0.005840838 ,
-0.006236907 ,
-0.00451141 ,
-0.00249059 ,
-0.003250488 ,
-0.003250481 ,
-0.003749439 ,
-0.002828143 ,
-0.002329615 ,
0.0020685322 ,
-0.001770679 ,
0.0027268494 ,
0.0057242623 ,
0.0072984655 ,
-0.003914524 ,
-0.000043359 ,
-0.000952445 ,
0.0006810373 ,
-0.003032543 ,
-0.0010845 ,
0.0010857128 ,
0.0023825617 ,
-0.000093669 ,
-0.000616413 ,
0.0013000933 ,
0.0023710911 ,
-0.003331372 ,
-0.001624842 ,
-0.001697557 ,
-0.000960709 ,
-0.001807232 ,
0.0007814929 ,
0.0033555696 ,
0.0058430411 ,
-0.004676565 ,
-0.00447471 ,
0.0001491884 ,
0.0064445784 ,
-0.002615661 ,
-0.002605571 ,
-0.000451058 ,
0.0035218414 ,
-0.002669293 ,
-0.001141585 ,
-0.000048706 ,
-0.00045916 ,
-0.007685158 ,
-0.003816915 ,
-0.005770081 ,
-0.006884731 ,
-0.004348125 ,
-0.001414865 ,
-0.001429706 ,
0.0022070843 ,
-0.000779939 ,
-0.000398526 ,
0.0045013225 ,
0.0021905434 ,
0.0013382756 ,
0.0031326832 ,
0.0049984767 ,
0.0062193623 ,
0.0005954199 ,
0.004438144 ,
0.0046894441 ,
0.0073974516 ,
-0.004757148 ,
-0.004208386 ,
-0.000905009 ,
0.0004100357 ,
-0.001572602 ,
0.0013873775 ,
0.0052403276 ,
0.0073442824 ,
-0.00278355 ,
-0.001708901 ,
0.0014462945 ,
0.0058256671 ,
-0.000741015 ,
-0.001196295 ,
-0.000123862 ,
0.0010299058 ,
0.0009238834 ,
0.0028439507 ,
0.0030139612 ,
0.0038001718 ,
-0.001905009 ,
-0.000340129 ,
0.0031699336 ,
0.0048442246 ,
-0.004556206 ,
-0.00113171 ,
0.0001671547 ,
0.0022021476 ,
-0.000370396 ,
0.0036207754 ,
0.0040902239 ,
0.0089858207 ,
-0.003518705 ,
-0.003118599 ,
-0.001365918 ,
-0.002152609 ,
-0.002442189 ,
-0.001063572 ,
-0.000918062 ,
0.0034871533 ,
-0.001766513 ,
0.0006718806 ,
0.0026787311 ,
0.0041773737 ,
-0.000229853 ,
0.0032627486 ,
0.0012414476 ,
0.0015695365 ,
-0.002638363 ,
-0.000387117 ,
0.0006422422 ,
0.0015616903 ,
-0.002739659 ,
0.000096516 ,
0.0018362403 ,
0.00394289 ,
-0.006136402 ,
-0.007368036 ,
-0.004845946 ,
-0.007781533 ,
-0.005197113 ,
-0.007173517 ,
-0.003741694 ,
-0.002645548 ,
-0.00212236 ,
0.0016804436 ,
0.0006352599 ,
0.0037199051 ,
-0.006522295 ,
-0.007934553 ,
-0.004457505 ,
-0.001815024 ,
-0.003583059 ,
-0.000611611 ,
0.0009549351 ,
0.0028610128 ,
-0.003612812 ,
-0.003075937 ,
-0.000490539 ,
0.0033792955 ,
-0.005165558 ,
-0.003151745 ,
0.0033630037 ,
0.0073065243 ,
-0.001587296 ,
0.0016580436 ,
0.00318298 ,
0.0027651593 ,
-0.004600614 ,
-0.000586556 ,
-0.002524856 ,
-0.003368552 ,
-0.005596387 ,
-0.002943195 ,
-0.002055809 ,
0.0008395239 ,
-0.007172497 ,
-0.006043844 ,
-0.001802787 ,
0.0024591352 ,
-0.001545161 ,
0.0009894081 ,
0.0054510561 ,
0.0039093533 ,
-0.007291845 ,
-0.00603745 ,
-0.003965852 ,
-0.001918866 ,
-0.002234377 ,
-0.000504715 ,
0.0026667845 ,
0.0028524434 ,
};
 
 
double BMI_Up_diff_walk2job [SEX][BOOTSTRAP_INDEX_39][AR_ORDER_INDEX_4]={
0.0009244122 ,
0.0001180199 ,
-0.001431521 ,
-0.001794481 ,
-0.000939431 ,
-0.001369415 ,
-0.003796142 ,
-0.005836884 ,
0.001098696 ,
-0.000088773 ,
-0.000677975 ,
-0.000692527 ,
0.0002012901 ,
-0.000939985 ,
-0.002515466 ,
-0.002673504 ,
0.0010259167 ,
0.0001630144 ,
-0.001025877 ,
-0.004808395 ,
0.0039021544 ,
0.0030411605 ,
0.0007191449 ,
0.0008939061 ,
0.0012229016 ,
0.0000302795 ,
-0.002137313 ,
-0.003667826 ,
-0.001706281 ,
-0.003650453 ,
-0.005756021 ,
-0.005346531 ,
-0.000257584 ,
-0.000929911 ,
-0.00147437 ,
-0.001563002 ,
0.0012813691 ,
0.0016748457 ,
0.0000113029 ,
-0.001128814 ,
0.0012710766 ,
6.0112394E-6 ,
-0.001831554 ,
-0.003649855 ,
0.0027216305 ,
0.0010602487 ,
0.0003638073 ,
-0.000031084 ,
-0.000256785 ,
0.0001787384 ,
-0.002063152 ,
-0.003234791 ,
0.0020429531 ,
0.0006953618 ,
0.0001686313 ,
0.0012626109 ,
0.0010158685 ,
-0.000423921 ,
-0.002228341 ,
-0.003748501 ,
0.0000990536 ,
-0.001670111 ,
-0.004014364 ,
-0.0030243 ,
0.0012194025 ,
0.0003419756 ,
-0.002229885 ,
-0.001902502 ,
0.0012015205 ,
0.0013514244 ,
-7.832898E-6 ,
-0.000608717 ,
0.0010572672 ,
0.0000388206 ,
-0.001083264 ,
-0.000966895 ,
0.0024697515 ,
0.0008469361 ,
0.000072057 ,
-0.001554157 ,
0.0011021639 ,
0.0000344178 ,
-0.002825823 ,
-0.005067144 ,
0.0032229821 ,
0.0020905206 ,
0.0013043088 ,
0.0021318568 ,
0.0036125471 ,
0.0026277757 ,
0.0007584866 ,
0.0022554637 ,
-0.001234018 ,
-0.00263933 ,
-0.005269514 ,
-0.007734322 ,
0.0030704133 ,
0.0024637553 ,
0.0009060596 ,
0.0005058276 ,
0.003208666 ,
-0.000377514 ,
-0.001608283 ,
0.0007032275 ,
-0.000507826 ,
-0.001019684 ,
-0.00357746 ,
-0.002051306 ,
0.0001669467 ,
-0.00015344 ,
-0.001634863 ,
-0.002832798 ,
-0.000383519 ,
-0.003566523 ,
-0.005594663 ,
-0.005718908 ,
0.0003150227 ,
-0.000034115 ,
-0.002030594 ,
-0.001888324 ,
-0.000734613 ,
-0.001391623 ,
-0.003180067 ,
-0.003381764 ,
0.0003473399 ,
0.0009955913 ,
-0.000313932 ,
0.0010532043 ,
-0.0005219 ,
-0.001106911 ,
-0.000294357 ,
-0.001673538 ,
0.0002883393 ,
-0.000593596 ,
-0.001044249 ,
-0.00143291 ,
0.0006710167 ,
0.0009729694 ,
-0.001930046 ,
-0.00084449 ,
-0.000310608 ,
-0.001945932 ,
-0.004217402 ,
-0.004156775 ,
0.0003074094 ,
0.0010759349 ,
-0.000783698 ,
-0.001676247 ,
-0.000060069 ,
-0.000967454 ,
-0.002621174 ,
-0.003005511 ,
0.0004162816 ,
-0.001122114 ,
-0.002653894 ,
-0.004523871 ,
0.0001692011 ,
-0.000410787 ,
-0.002663396 ,
-0.001956499 ,
0.0008486697 ,
0.0007795677 ,
-0.000427106 ,
-0.000821182 ,
-0.00016111 ,
0.001170337 ,
-0.000472676 ,
-0.001764971 ,
0.0007893833 ,
0.001895398 ,
0.0015480077 ,
0.0026405709 ,
0.0013148223 ,
0.0019292944 ,
-0.000408401 ,
-0.001371962 ,
0.0021911367 ,
0.001403876 ,
0.0009779277 ,
0.0015218543 ,
-0.000442247 ,
0.0012649768 ,
-0.00063539 ,
-0.000939133 ,
0.0004989335 ,
0.0003133494 ,
-0.002182802 ,
-0.001251672 ,
0.0010744667 ,
-0.000264027 ,
-0.000533282 ,
-0.000718802 ,
0.0026138307 ,
0.0028779702 ,
0.0019656351 ,
0.0014355098 ,
0.0008911218 ,
0.001180493 ,
-0.000323832 ,
-0.001225778 ,
0.0006062441 ,
0.0003252523 ,
-0.001189573 ,
-0.001758307 ,
0.0022910415 ,
0.0034487062 ,
0.0008722086 ,
0.0008238299 ,
0.0016999141 ,
0.0015470587 ,
-0.000398535 ,
-0.000490583 ,
0.001302166 ,
0.0013132489 ,
-0.000550172 ,
0.0001010154 ,
0.0000159021 ,
-0.000074328 ,
-0.001398263 ,
-0.002899637 ,
0.0017579459 ,
0.003162227 ,
0.0007996772 ,
0.0008570936 ,
-0.000588692 ,
-0.000551503 ,
-0.002001275 ,
-0.000805652 ,
0.0011883043 ,
0.0021519472 ,
0.0009420108 ,
0.0008338882 ,
0.0005481855 ,
0.000693279 ,
0.0001966158 ,
0.001105111 ,
0.0012389837 ,
0.0005887931 ,
-0.000461096 ,
0.0013610104 ,
0.001926657 ,
0.0026954207 ,
0.0028898738 ,
0.0025714985 ,
-0.000878668 ,
0.0001654334 ,
-0.000114161 ,
-0.000957883 ,
0.0015951591 ,
0.0031674187 ,
0.0024333312 ,
0.0021616315 ,
0.0021208331 ,
0.0017441177 ,
-0.000467615 ,
-0.000865607 ,
-0.000973719 ,
-0.001050759 ,
-0.003484319 ,
-0.004455409 ,
-0.000291894 ,
0.00105496 ,
-0.000975593 ,
0.0008992365 ,
0.0008128833 ,
0.0010208768 ,
0.0007748313 ,
0.0013971713 ,
0.0038133831 ,
0.0043253435 ,
0.0021317279 ,
0.0024954609 ,
0.0018068702 ,
0.0010807223 ,
0.0004267476 ,
-0.000514811 ,
0.0016199896 ,
0.0006898505 ,
-0.000159645 ,
-0.001031599 ,
0.0010205469 ,
0.0010494206 ,
0.0011690028 ,
0.000192634 ,
0.0007450384 ,
0.0007722925 ,
-0.000533896 ,
-0.000307029 ,
-0.000094053 ,
-0.001128368 ,
-0.003642621 ,
-0.003366003 ,
0.0003406633 ,
0.0016341754 ,
-0.000015323 ,
-0.00087166 ,
-0.000289203 ,
-0.000469799 ,
-0.003119924 ,
-0.002335652 ,
0.0015081466 ,
0.001223885 ,
0.0001019025 ,
0.000432341 ,
0.0008834766 ,
0.000398123 ,
-0.002141039 ,
-0.003349813 ,
-0.001936473 ,
-0.001923219 ,
-0.003689241 ,
-0.004241416 ,
-0.000634643 ,
-0.000056169 ,
-0.002686577 ,
-0.002003243 ,
-0.000279844 ,
-0.000657594 ,
-0.001262419 ,
0.0001244445 ,
};
 
 

};
