parameters {
	int	CC_BootstrapIndexMultiplier = 1; //EN Allow the use of bootstrap replicates (1) or not (0)
	int	CC_BootstrapOffset = 1; //EN First bootstrap replicate to be used

	 //EN Cap on time trend for chronic conditions
	double	CC_CalendarTimeCap[CC_classification][Onset_or_Cure] = {
		(5) {
			(2) 2001, 
		},
	};

	 //EN Chronic conditions hazard multiplier (on/off switches)
	double	CC_hazard_multiplier[CC_classification][Onset_or_Cure] = {
		(2) 1, 
		1, 0.35, 
		(2) 1, 
		1, 0.35, 
		(2) 1, 
	};

	 //EN Chronic conditions hazard cap
	double	CC_hazard_cap[CC_classification][Onset_or_Cure] = {
		(5) {
			(2) 9999, 
		},
	};

	

	 //EN calibration adjustment for the onset of some chronic conditions
	double	CC_OnsetMultiplier[CC_classification][SEX][AGE_GROUP_from30_to80_by10] = {
		// CC_BP
		(2) {
			(7) 1.0, 
		},
		// CC_CANCER
		0.35659, 1.05409, 0.80397, 0.79146, 0.89917, 1.03785, 0.90582, 
		0.81495, 1.32264, 0.68663, 0.86602, 1.09713, 1.13173, 0.82650, 
		// CC_DIAB - CC_MORT
		(3) {
			(2) {
				(7) 1.0, 
			},
		},
	};

	 //EN turns on or off the calibration adjustment for  the onset of some chronic conditions
	logical	CC_OnsetMultiplierSwitch[CC_classification] = {
		FALSE, TRUE, (3) FALSE, 
	};


	logical	Mortality_hazard_multiplier_caltime_switch = TRUE; //EN turns on or off the calibration adjustment for mortality (by calendar years)

	 //EN calibration adjustment for mortality (by calendar years)
	double	Mortality_hazard_multiplier_caltime[SEX][FROM_30_TO_90_BY_10][RANGE_FROM_2001_TO_2099] = {
		// FEMALE
		0.69787, 0.69675, 0.69564, 0.69452, 0.69279, 0.69106, 0.68935, 0.68755, 0.68575, 0.68395, 0.67898, 0.67406, 0.66915, 0.66083, 0.65261, 0.64450, 0.63648, 0.62853, 0.62067, 0.61292, 0.60506, 0.59730, 0.58964, 0.58232, 0.57509, 0.56796, 0.56439, 0.56084, 0.55732, 0.55381, 0.55059, 0.54738, 0.54420, 0.54343, 0.54266, 0.54190, 0.54335, 0.54480, 0.54626, 0.55031, 0.55439, 0.55850, 0.56754, 0.57673, 0.58606, 0.59616, 0.60644, 0.61687, 0.62811, 0.63952, (49) 0.65115, 
		0.76674, 0.78784, 0.80777, 0.82820, 0.84746, 0.86714, 0.86970, 0.87226, 0.86852, 0.86479, 0.85995, 0.85515, 0.85185, 0.84855, 0.84668, 0.84480, 0.83122, 0.81785, 0.80957, 0.80138, 0.79323, 0.78518, 0.77609, 0.76711, 0.75994, 0.75285, 0.74170, 0.73068, 0.72016, 0.70979, 0.70527, 0.70553, 0.70578, 0.71029, 0.71481, 0.72288, 0.73102, 0.73159, 0.73218, 0.72460, 0.71709, 0.70470, 0.69252, 0.68193, 0.67150, 0.66593, 0.65840, 0.65095, 0.64460, 0.63830, 0.63195, 0.62566, 0.62036, 0.61511, 0.61940, 0.62371, 0.64464, 0.66626, 0.68924, 0.71302, (39) 0.74016, 
		0.67295, 0.69836, 0.72355, 0.74801, 0.77328, 0.79293, 0.81306, 0.82145, 0.82994, 0.83296, 0.83597, 0.83896, 0.84342, 0.84790, 0.85356, 0.85925, 0.86560, 0.87199, 0.87441, 0.87683, 0.87729, 0.87652, 0.87576, 0.86998, 0.86424, 0.86099, 0.85776, 0.85386, 0.84996, 0.84219, 0.83555, 0.82897, 0.82438, 0.81982, 0.81528, 0.81076, 0.80779, 0.80483, 0.79999, 0.78989, 0.77992, 0.77208, 0.76431, 0.76129, 0.75830, 0.76156, 0.76482, 0.77038, 0.76988, 0.76939, 0.76257, 0.75582, 0.74491, 0.73417, 0.72127, 0.70860, 0.70001, 0.69398, 0.68800, 0.68616, 0.68433, 0.68287, 0.68142, 0.67535, 0.66933, 0.65406, 0.63915, 0.61981, 0.60106, 0.58220, (29) 0.56391, 
		0.60102, 0.64821, 0.69774, 0.74988, 0.79239, 0.83066, 0.86145, 0.87892, 0.89033, 0.89841, 0.90104, 0.90729, 0.91855, 0.92623, 0.92856, 0.92797, 0.92532, 0.92188, 0.92059, 0.91940, 0.91628, 0.91523, 0.91666, 0.91775, 0.91975, 0.92006, 0.91519, 0.91086, 0.90713, 0.90622, 0.90827, 0.91156, 0.91280, 0.91403, 0.91379, 0.90980, 0.90427, 0.89889, 0.88905, 0.87846, 0.87190, 0.86690, 0.86454, 0.86095, 0.85508, 0.84696, 0.83948, 0.83584, 0.83319, 0.82820, 0.82453, 0.81874, 0.81391, 0.81603, 0.81652, 0.81142, 0.80518, 0.79950, 0.79436, 0.79095, 0.79093, 0.79029, 0.78283, 0.77064, 0.76164, 0.75169, 0.74082, 0.73495, 0.72824, 0.71814, 0.71275, 0.71053, 0.70740, 0.70862, 0.71278, 0.71966, 0.73059, 0.74783, 0.77250, 0.79891, (19) 0.82734, 
		0.82444, 0.85574, 0.88841, 0.92257, 0.95804, 0.99545, 1.03149, 1.06882, 1.10139, 1.13054, 1.16045, 1.18301, 1.19448, 1.20605, 1.20979, 1.21082, 1.21185, 1.21320, 1.21306, 1.21293, 1.21160, 1.21229, 1.21299, 1.21550, 1.21803, 1.22104, 1.22480, 1.22857, 1.23270, 1.23335, 1.23400, 1.22961, 1.22550, 1.22142, 1.21893, 1.21474, 1.21055, 1.20732, 1.20422, 1.20112, 1.19501, 1.18705, 1.17914, 1.17164, 1.16438, 1.15718, 1.15073, 1.14432, 1.13977, 1.13530, 1.13086, 1.12539, 1.11988, 1.11441, 1.10736, 1.09957, 1.09185, 1.08510, 1.07814, 1.07120, 1.06367, 1.05667, 1.04972, 1.04157, 1.03198, 1.02248, 1.01418, 1.00743, 1.00071, 0.99460, 0.98854, 0.98092, 0.97014, 0.95949, 0.94816, 0.93701, 0.92599, 0.91480, 0.90939, 0.90402, 0.90628, 0.90855, 0.91252, 0.91944, 0.92643, 0.93942, 0.95987, 0.98077, 1.00245, 1.02577, (9) 1.04963, 
		0.91941, 0.95653, 0.99436, 1.03368, 1.07406, 1.11603, 1.15352, 1.18382, 1.21490, 1.23923, 1.25845, 1.27798, 1.29403, 1.30714, 1.32038, 1.33411, 1.34694, 1.35990, 1.36937, 1.37772, 1.38611, 1.39396, 1.39914, 1.40434, 1.40528, 1.40686, 1.40846, 1.40991, 1.41015, 1.41039, 1.40935, 1.41075, 1.41217, 1.41405, 1.41415, 1.41426, 1.41414, 1.41462, 1.41511, 1.41529, 1.41313, 1.41096, 1.40575, 1.40079, 1.39584, 1.39087, 1.38465, 1.37846, 1.37199, 1.36663, 1.36129, 1.35407, 1.34687, 1.33835, 1.32987, 1.32249, 1.31497, 1.30748, 1.29954, 1.29203, 1.28456, 1.27727, 1.27104, 1.26484, 1.25976, 1.25339, 1.24705, 1.24131, 1.23450, 1.22773, 1.21911, 1.21129, 1.20351, 1.19460, 1.18480, 1.17509, 1.16634, 1.15769, 1.14909, 1.13892, 1.13000, 1.12114, 1.11367, 1.10345, 1.09334, 1.08271, 1.07295, 1.06329, 1.05216, 1.04315, 1.03423, 1.02972, 1.02873, 1.02774, 1.02904, 1.03102, 1.03301, (2) 1.03554, 
		0.92055, 0.94849, 0.97651, 1.00535, 1.03477, 1.06506, 1.09266, 1.11415, 1.13606, 1.15626, 1.17226, 1.18847, 1.20070, 1.21192, 1.22325, 1.23328, 1.24220, 1.25119, 1.26115, 1.27131, 1.28156, 1.29187, 1.30239, 1.31299, 1.32412, 1.33345, 1.34285, 1.35146, 1.35955, 1.36772, 1.37502, 1.37956, 1.38410, 1.38494, 1.38302, 1.38110, 1.37868, 1.37617, 1.37366, 1.37123, 1.37064, 1.37006, 1.37072, 1.36962, 1.36853, 1.36791, 1.36718, 1.36644, 1.36465, 1.36114, 1.35765, 1.35272, 1.34782, 1.34105, 1.33431, 1.32795, 1.32214, 1.31635, 1.31199, 1.30752, 1.30305, 1.29855, 1.29308, 1.28762, 1.28102, 1.27233, 1.26369, 1.25412, 1.24535, 1.23665, 1.22871, 1.22118, 1.21367, 1.20714, 1.20171, 1.19632, 1.19125, 1.18560, 1.17998, 1.17399, 1.16712, 1.16026, 1.15218, 1.14331, 1.13451, 1.12533, 1.11554, 1.10583, 1.09631, 1.08786, 1.07946, 1.07192, 1.06381, 1.05575, 1.04730, 1.03886, 1.03049, (2) 1.02194, 
		1.08202, 1.09572, 1.10958, 1.12297, 1.13606, 1.14061, 1.14037, 1.13637, 1.12894, 1.12560, 1.12708, 1.12972, 1.13297, 1.13831, 1.14226, 1.14544, 1.14888, 1.14972, 1.14966, 1.15090, 1.15193, 1.15333, 1.15760, 1.16135, 1.16535, 1.17248, 1.18023, 1.18923, 1.19945, 1.21110, 1.22260, 1.23369, 1.24451, 1.25928, 1.27439, 1.28569, 1.29579, 1.30147, 1.30194, 1.30126, 1.29934, 1.29598, 1.29359, 1.28997, 1.28598, 1.28300, 1.27923, 1.27548, 1.27129, 1.26700, 1.26449, 1.26231, 1.25866, 1.25477, 1.25043, 1.24644, 1.24321, 1.24199, 1.24194, 1.24130, 1.23885, 1.23590, 1.23333, 1.23156, 1.23097, 1.22993, 1.22650, 1.22127, 1.21671, 1.21170, 1.20467, 1.19762, 1.19042, 1.18157, 1.17196, 1.16430, 1.15773, 1.14900, 1.13917, 1.12930, 1.11912, 1.11084, 1.10444, 1.09840, 1.09182, 1.08380, 1.07475, 1.06658, 1.05868, 1.05116, 1.04317, 1.03347, 1.02257, 1.01299, 1.00694, 1.00102, 0.99517, (2) 0.98958, 
		// MALE
		1.16434, 1.15277, 1.14131, 1.12997, 1.11827, 1.10671, 1.09526, 1.08355, 1.07195, 1.06049, 1.04732, 1.03430, 1.02146, 1.00576, 0.99029, 0.97508, 0.96009, 0.94650, 0.93311, 0.91992, 0.90547, 0.89124, 0.87725, 0.86214, 0.84728, 0.83268, 0.82023, 0.80796, 0.79589, 0.78399, 0.77361, 0.76338, 0.75328, 0.74606, 0.73892, 0.73184, 0.73027, 0.72868, 0.72712, 0.73167, 0.73624, 0.74085, 0.74597, 0.75113, 0.75632, 0.76237, 0.76846, 0.77461, 0.78153, 0.78851, (49) 0.79554, 
		0.95880, 0.97236, 0.98525, 0.99682, 1.00705, 1.00632, 0.99407, 0.96982, 0.94737, 0.93343, 0.92073, 0.91025, 0.90384, 0.88911, 0.86481, 0.84361, 0.82749, 0.80932, 0.80040, 0.80445, 0.80948, 0.81165, 0.80823, 0.79355, 0.76394, 0.73573, 0.71353, 0.69533, 0.68203, 0.67470, 0.66900, 0.66556, 0.66839, 0.66621, 0.65694, 0.64731, 0.64077, 0.63927, 0.64379, 0.65273, 0.65450, 0.63667, 0.61024, 0.58970, 0.57172, 0.56342, 0.56834, 0.57577, 0.58178, 0.58277, 0.57064, 0.55328, 0.52885, 0.49635, 0.46827, 0.44887, 0.43164, 0.42737, 0.42421, 0.42286, (39) 0.42331, 
		1.13059, 1.14032, 1.15012, 1.15904, 1.16805, 1.17576, 1.18352, 1.19133, 1.19920, 1.20019, 1.20119, 1.20218, 1.19403, 1.18592, 1.16889, 1.15210, 1.13555, 1.11924, 1.09820, 1.07758, 1.05734, 1.03555, 1.01422, 0.99490, 0.97596, 0.95737, 0.93915, 0.92541, 0.91185, 0.89850, 0.88682, 0.87531, 0.86586, 0.85652, 0.84727, 0.83813, 0.83049, 0.82294, 0.81545, 0.80840, 0.80140, 0.79393, 0.78652, 0.77917, 0.77190, 0.76512, 0.75839, 0.75173, 0.74442, 0.73717, 0.72931, 0.72153, 0.71385, 0.70624, 0.69783, 0.68952, 0.68131, 0.67133, 0.66148, 0.65113, 0.64096, 0.63093, 0.62106, 0.61071, 0.60054, 0.59054, 0.58070, 0.57095, 0.56139, 0.55196, (29) 0.54270, 
		0.92581, 0.94661, 0.96762, 0.98841, 1.00966, 1.03102, 1.04327, 1.05568, 1.05960, 1.06028, 1.06097, 1.06012, 1.05927, 1.06025, 1.06519, 1.07015, 1.07209, 1.07403, 1.06892, 1.06040, 1.05195, 1.03907, 1.02633, 1.01121, 0.99574, 0.98051, 0.96698, 0.95365, 0.94046, 0.92721, 0.91414, 0.90284, 0.89166, 0.88106, 0.87217, 0.86336, 0.85474, 0.84621, 0.83669, 0.82861, 0.82060, 0.81006, 0.79965, 0.78739, 0.77741, 0.76755, 0.75649, 0.74561, 0.73468, 0.72749, 0.72038, 0.71388, 0.70746, 0.70156, 0.69516, 0.68884, 0.67937, 0.67001, 0.65922, 0.64742, 0.63582, 0.62491, 0.61419, 0.60494, 0.59744, 0.59001, 0.58329, 0.57666, 0.56959, 0.56319, 0.55687, 0.55246, 0.54808, 0.54485, 0.54441, 0.54399, 0.54438, 0.54477, 0.54476, 0.54480, (19) 0.54484, 
		0.92730, 0.93699, 0.94653, 0.95600, 0.96558, 0.97521, 0.98372, 0.99229, 0.99866, 1.00470, 1.01079, 1.01610, 1.01822, 1.02034, 1.01977, 1.01755, 1.01533, 1.01307, 1.01013, 1.00722, 1.00364, 1.00069, 0.99775, 0.99648, 0.99521, 0.99437, 0.99225, 0.99011, 0.98711, 0.98285, 0.97862, 0.97294, 0.96485, 0.95682, 0.94621, 0.93458, 0.92310, 0.91185, 0.90019, 0.88867, 0.87649, 0.86475, 0.85316, 0.84207, 0.83062, 0.81932, 0.80733, 0.79552, 0.78454, 0.77451, 0.76462, 0.75485, 0.74549, 0.73627, 0.72739, 0.71838, 0.70947, 0.70008, 0.69032, 0.68068, 0.67125, 0.66265, 0.65415, 0.64622, 0.63825, 0.63039, 0.62247, 0.61467, 0.60698, 0.59850, 0.59013, 0.58088, 0.57174, 0.56275, 0.55428, 0.54558, 0.53700, 0.52890, 0.52215, 0.51548, 0.50989, 0.50438, 0.49992, 0.49716, 0.49440, 0.49347, 0.49242, 0.49138, 0.49040, 0.48956, (9) 0.48873, 
		0.86572, 0.88845, 0.91122, 0.93458, 0.95731, 0.98060, 1.00161, 1.01651, 1.03163, 1.04040, 1.04684, 1.05333, 1.05766, 1.05821, 1.05877, 1.05707, 1.05428, 1.05149, 1.04802, 1.04503, 1.04205, 1.04164, 1.04055, 1.03946, 1.03857, 1.03411, 1.02968, 1.02456, 1.01959, 1.01464, 1.00795, 1.00253, 0.99716, 0.99122, 0.98572, 0.98025, 0.97597, 0.97143, 0.96693, 0.96259, 0.95653, 0.95053, 0.94220, 0.93193, 0.92177, 0.90994, 0.89769, 0.88561, 0.87510, 0.86390, 0.85285, 0.84211, 0.83150, 0.82038, 0.80941, 0.79727, 0.78523, 0.77339, 0.76055, 0.74776, 0.73517, 0.72359, 0.71334, 0.70322, 0.69463, 0.68631, 0.67810, 0.66956, 0.66146, 0.65346, 0.64651, 0.63970, 0.63296, 0.62608, 0.61808, 0.61020, 0.60008, 0.59010, 0.58028, 0.57128, 0.56202, 0.55292, 0.54420, 0.53576, 0.52744, 0.51880, 0.51038, 0.50208, 0.49471, 0.48798, 0.48134, 0.47578, 0.47113, 0.46652, 0.46244, 0.45842, 0.45443, (2) 0.45052, 
		0.84389, 0.86194, 0.88028, 0.89902, 0.91812, 0.93763, 0.95557, 0.97153, 0.98776, 1.00220, 1.01506, 1.02810, 1.03884, 1.04922, 1.05968, 1.07096, 1.07907, 1.08723, 1.09139, 1.09173, 1.09209, 1.08972, 1.08415, 1.07860, 1.07199, 1.06518, 1.05843, 1.05305, 1.04801, 1.04300, 1.03899, 1.03596, 1.03294, 1.02959, 1.02646, 1.02335, 1.01949, 1.01382, 1.00817, 1.00202, 0.99712, 0.99226, 0.98880, 0.98566, 0.98253, 0.98013, 0.97674, 0.97335, 0.96730, 0.95855, 0.94986, 0.93943, 0.92911, 0.91670, 0.90445, 0.89307, 0.88150, 0.87009, 0.85867, 0.84718, 0.83584, 0.82420, 0.81122, 0.79846, 0.78537, 0.77324, 0.76130, 0.74924, 0.73782, 0.72656, 0.71608, 0.70627, 0.69659, 0.68743, 0.67937, 0.67141, 0.66420, 0.65699, 0.64985, 0.64274, 0.63504, 0.62744, 0.61869, 0.61000, 0.60143, 0.59288, 0.58363, 0.57453, 0.56562, 0.55769, 0.54985, 0.54195, 0.53369, 0.52555, 0.51746, 0.50943, 0.50153, (2) 0.49361, 
		0.97351, 0.97010, 0.96728, 0.96446, 0.96055, 0.95665, 0.95789, 0.96213, 0.96640, 0.97099, 0.97764, 0.98435, 0.99097, 1.00027, 1.00966, 1.01969, 1.03110, 1.04263, 1.05600, 1.06977, 1.08370, 1.09818, 1.11074, 1.12343, 1.13417, 1.13825, 1.14235, 1.14272, 1.13909, 1.13547, 1.13037, 1.12677, 1.12319, 1.12277, 1.12494, 1.12712, 1.12942, 1.12832, 1.12722, 1.12407, 1.11611, 1.10823, 1.09719, 1.08476, 1.07247, 1.06039, 1.04901, 1.03777, 1.02784, 1.01989, 1.01200, 1.00487, 0.99779, 0.99148, 0.98520, 0.97904, 0.97273, 0.96647, 0.96013, 0.95321, 0.94633, 0.93885, 0.92879, 0.91884, 0.90710, 0.89265, 0.87843, 0.86386, 0.84853, 0.83346, 0.81876, 0.80426, 0.79001, 0.77590, 0.76263, 0.74959, 0.73760, 0.72661, 0.71578, 0.70517, 0.69526, 0.68548, 0.67528, 0.66501, 0.65490, 0.64507, 0.63549, 0.62606, 0.61746, 0.60863, 0.59993, 0.59128, 0.58256, 0.57397, 0.56548, 0.55695, 0.54856, (2) 0.54027, 
	};

	 //EN Main regression coefficients for cancer cure/remission model
	double	CancerCureMainLinearPred[BOOTSTRAP_INDEX_39][CC_MAIN_LINEAR_PREDICTOR] = {
		-0.47739007900, (2) 0.00000000000, 1.13738950150, 0.00000000000, 0.37917408860, (11) 0.00000000000, 0.01433773800, -0.19488748200, 0.29994793620, 0.17801406840, -0.75138545900, -0.14545741900, -0.17462491300, -0.37845920000, -0.32676706800, -0.24816907600, -0.08571848400, (12) 0.00000000000, 0.46386874740, (3) 0.00000000000, 0.22641197990, -0.10117341800, -0.22719754800, (15) 0.00000000000, 0.42703411330, 0.59907743000, 0.49064638990, (4) 0.00000000000, 
		0.03956137690, (2) 0.00000000000, 1.62926205250, 0.00000000000, 0.26013249830, (11) 0.00000000000, 0.17015000550, -0.85244381600, -0.08377410600, 0.27720923010, -0.85872464500, -0.34167325400, -0.43213164300, -0.63935946100, -0.49914222300, -0.18661443100, 0.06065870910, (12) 0.00000000000, 0.34365593900, (3) 0.00000000000, 0.30174113210, -0.12343929400, -0.57042127000, (15) 0.00000000000, 0.13227835420, 0.28706910870, 0.09728079660, (4) 0.00000000000, 
		-0.33774881800, (2) 0.00000000000, 0.69544645410, 0.00000000000, -0.06169134200, (11) 0.00000000000, 0.59289446190, -0.08979531100, 0.56167229430, 0.17123517930, -0.78831383300, 0.43520200180, -0.04803052400, -0.00967896400, -0.13717870700, -0.01259238700, -0.13492025400, (12) 0.00000000000, 0.57936302470, (3) 0.00000000000, -0.10751774400, -0.28309044900, -0.23153210700, (15) 0.00000000000, 0.17798021000, 0.30481495860, 0.27325234070, (4) 0.00000000000, 
		-0.20699149700, (2) 0.00000000000, 2.05875108720, 0.00000000000, 0.29786587910, (11) 0.00000000000, -0.27248952700, -0.05400738300, -0.08574087900, 0.16099888720, -0.45139175600, 0.01513879890, -0.23419304600, -0.39383914400, -0.09559548000, -0.32211971400, -0.15787880800, (12) 0.00000000000, 0.66922116990, (3) 0.00000000000, 0.02253087090, -0.33070936000, -0.51224113100, (15) 0.00000000000, 0.29216377500, 0.51869069040, 0.70450122540, (4) 0.00000000000, 
		0.05719849260, (2) 0.00000000000, 1.74022172000, 0.00000000000, 0.07142998250, (11) 0.00000000000, -0.01715009800, 0.17667424260, 0.37374267190, 0.31147410250, -0.99990487300, -0.27832252700, -0.62346445600, -0.32372770100, -0.70599230500, -0.65658885400, -0.27183594400, (12) 0.00000000000, 0.62935266880, (3) 0.00000000000, 0.03285310560, -0.28747404200, -0.38905091700, (15) 0.00000000000, 0.07422211350, 0.66412307420, 0.34742276330, (4) 0.00000000000, 
		-0.39408521600, (2) 0.00000000000, 1.00364153210, 0.00000000000, 1.50504222790, (11) 0.00000000000, -0.03380881600, -0.44671112900, 0.40036890170, -0.04377437000, -0.93545326600, -0.15628613600, -0.31640559000, -0.63838783800, -0.50670174600, -0.25877828200, -0.07052337800, (12) 0.00000000000, 0.08408046130, (3) 0.00000000000, 0.22309631220, -0.20843793700, -0.08695771000, (15) 0.00000000000, 0.44795911510, 0.49780420040, 0.55271432960, (4) 0.00000000000, 
		-0.45843096700, (2) 0.00000000000, 1.71010049120, 0.00000000000, 0.14839795350, (11) 0.00000000000, -0.91115733600, -0.59184240000, 0.20007100600, 0.12803666220, -0.73077552200, -0.15317343600, -0.17307366500, -0.52449258400, -0.32948811100, -0.50888205000, -0.18712637200, (12) 0.00000000000, 0.59057547370, (3) 0.00000000000, -0.00522329000, -0.24191788600, -0.26388730100, (15) 0.00000000000, 0.52482608350, 0.80857854180, 0.83664966410, (4) 0.00000000000, 
		-0.75553420800, (2) 0.00000000000, 2.01093688470, 0.00000000000, -0.04565120900, (11) 0.00000000000, -0.46562689200, -0.48259748300, 0.25017160370, -0.41662759000, -1.06842469000, -0.35034142900, -0.40773345400, -0.36708491500, -0.47477715800, -0.03686798400, -0.03691606700, (12) 0.00000000000, 0.48956998430, (3) 0.00000000000, 0.43338150390, 0.17166133400, 0.02642713330, (15) 0.00000000000, 0.56680094900, 0.66989861760, 0.70132729370, (4) 0.00000000000, 
		-0.18283322200, (2) 0.00000000000, -0.07691203200, 0.00000000000, 0.14326524590, (11) 0.00000000000, 0.77137109170, 0.33647185750, 0.69510929750, 0.62128977960, -0.62248623600, -0.11350406500, -0.19758757500, -0.53128211900, -0.43298192700, -0.10158590600, -0.18379275800, (12) 0.00000000000, 0.38633031120, (3) 0.00000000000, 0.39814604070, -0.13823638700, -0.25539604700, (15) 0.00000000000, 0.14187607890, 0.11078445390, 0.25267202710, (4) 0.00000000000, 
		-0.57088297000, (2) 0.00000000000, 1.38596853310, 0.00000000000, 0.82992503640, (11) 0.00000000000, -0.16438954500, -0.32771577100, 0.28466584220, -0.02911889000, -0.41412026300, 0.39017649370, -0.25592047500, -0.43654241900, -0.19662092700, -0.08374197300, 0.48799678910, (12) 0.00000000000, 0.27894043140, (3) 0.00000000000, 0.02614332920, -0.20218323400, -0.31266772600, (15) 0.00000000000, 0.62739144020, 0.76514385890, 0.68671341110, (4) 0.00000000000, 
		-0.39708243600, (2) 0.00000000000, 0.94260460350, 0.00000000000, 0.37124779720, (11) 0.00000000000, 0.02545765150, -0.65490304900, -0.01029570800, 0.46986040670, -0.64543448500, 0.17755401870, -0.21256784200, -0.81734892600, -0.51060110900, -0.10131957300, -0.04459989900, (12) 0.00000000000, 0.46324686020, (3) 0.00000000000, 0.24981380780, -0.05493236900, 0.03537306970, (15) 0.00000000000, 0.37581348820, 0.44524864750, 0.26133848380, (4) 0.00000000000, 
		0.04651496890, (2) 0.00000000000, 2.89608451320, 0.00000000000, 0.21650411640, (11) 0.00000000000, 2.64364116130, -0.77097521100, -0.08631642100, 0.13841907370, -1.12765757200, -0.70376470100, -0.56674462600, -1.04750210000, -0.76022368300, -0.68304481300, -0.28188259600, (12) 0.00000000000, 0.26703488850, (3) 0.00000000000, 0.47080315710, -0.17827825400, -0.40685956300, (15) 0.00000000000, 0.26164284960, 0.52843318470, 0.39988915970, (4) 0.00000000000, 
		-0.65733206000, (2) 0.00000000000, 2.10769795660, 0.00000000000, 0.34908792010, (11) 0.00000000000, -0.17270812400, -0.43555602900, 0.39597238150, -0.14460690300, -0.57846890500, 0.15595293090, -0.04354949000, -0.15143407000, -0.32507387400, -0.22979905300, -0.00446639700, (12) 0.00000000000, 0.38082641300, (3) 0.00000000000, 0.40786537940, 0.07953649820, -0.06987407600, (15) 0.00000000000, 0.37056740580, 0.42891925240, 0.60594235340, (4) 0.00000000000, 
		-0.40523215100, (2) 0.00000000000, 1.04401829710, 0.00000000000, 0.20775558140, (11) 0.00000000000, 0.19691681730, -0.14618053600, 0.48566973550, -0.24352934500, -1.01265096900, -0.33637163300, -0.56038170300, -0.72256923900, -0.64703607000, -0.38327057400, -0.34250612800, (12) 0.00000000000, 0.66163724950, (3) 0.00000000000, 0.35865753020, -0.11211199600, -0.02715774500, (15) 0.00000000000, 0.58506697390, 0.92871742780, 0.59380532650, (4) 0.00000000000, 
		-0.18195537400, (2) 0.00000000000, 1.58417139660, 0.00000000000, 0.40857505300, (11) 0.00000000000, -1.32138034000, -0.95171253100, -0.04676094600, -0.15777822000, -0.64963676700, -0.45297619200, -0.67942428400, -0.77613198200, -0.62007104000, -0.27328608200, -0.28891806600, (12) 0.00000000000, 0.49317828280, (3) 0.00000000000, 0.20163010130, -0.10812758700, -0.43338943200, (15) 0.00000000000, 0.36595129210, 0.65508879950, 0.48082114580, (4) 0.00000000000, 
		-0.11728743300, (2) 0.00000000000, 0.93737925130, 0.00000000000, 0.46597998300, (11) 0.00000000000, 0.21832106910, -0.42123445000, 0.83264043160, 0.32339205900, -1.23762280600, -0.07547551900, -0.12386217500, -0.34031027500, -0.27172833600, -0.28830115900, -0.44918723800, (12) 0.00000000000, 0.60502075500, (3) 0.00000000000, 0.06095928880, -0.44381104000, -0.34700843600, (15) 0.00000000000, 0.15533413210, -0.01704363000, 0.01092036560, (4) 0.00000000000, 
		-0.41544943100, (2) 0.00000000000, 0.83510266340, 0.00000000000, 0.78223693060, (11) 0.00000000000, 0.09822272090, -0.55081491800, 0.52293576300, 0.00504846770, -0.77922384400, -0.39094468100, -0.19359785500, -0.44655962000, -0.34435784400, -0.19476164100, -0.04362202100, (12) 0.00000000000, 0.31673834510, (3) 0.00000000000, 0.09853117270, -0.05645573500, -0.39199888700, (15) 0.00000000000, 0.62110707280, 0.67541421360, 0.57470799750, (4) 0.00000000000, 
		-0.22468406300, (2) 0.00000000000, 0.26960288850, 0.00000000000, 0.15279990020, (11) 0.00000000000, 0.24186276470, -0.18451161800, 1.12554650890, 0.43938829810, -1.03898464800, 0.02590489150, 0.45985059000, 0.01668157610, -0.17234495800, -0.14712544800, -0.08577025400, (12) 0.00000000000, 0.81929663230, (3) 0.00000000000, -0.09070158900, -0.62157290200, -0.38737994300, (15) 0.00000000000, 0.22584875220, 0.51467171230, 0.25582654750, (4) 0.00000000000, 
		-0.54156670200, (2) 0.00000000000, 0.43238772580, 0.00000000000, 0.60651519450, (11) 0.00000000000, 0.21952771920, 0.63287201480, 0.03295191430, 0.27618579810, -0.14178174900, 0.03075124000, 0.20602664870, -0.48854682700, -0.43187180000, -0.21085915400, -0.07970053400, (12) 0.00000000000, 0.53827233780, (3) 0.00000000000, 0.53931812080, -0.09533407200, -0.20642531000, (15) 0.00000000000, 0.29233891770, 0.29472468410, 0.28534586230, (4) 0.00000000000, 
		-0.10123734200, (2) 0.00000000000, 1.16658704240, 0.00000000000, 0.51192934080, (11) 0.00000000000, 0.37063711510, 0.04285980460, 0.22647206500, 0.32625540650, -0.86519062400, -0.55279231100, -0.24175334000, -0.71462799000, -0.58087980900, -0.39320979400, -0.44114069100, (12) 0.00000000000, 0.48678992150, (3) 0.00000000000, 0.17217133590, -0.16978907300, -0.48764987900, (15) 0.00000000000, 0.15204238570, 0.55207185510, 0.04588390810, (4) 0.00000000000, 
		-0.16805205400, (2) 0.00000000000, 2.08404948130, 0.00000000000, 0.05184062170, (11) 0.00000000000, -0.14362699400, -0.55855631600, -0.03481427800, 0.31422144490, -0.92681477000, -0.57514913000, -0.30495382900, -0.35076274600, -0.51048321500, -0.17490318700, 0.07100233940, (12) 0.00000000000, 0.50469840430, (3) 0.00000000000, 0.23029539590, -0.20934296700, -0.30734044200, (15) 0.00000000000, 0.31970375030, 0.45865976960, 0.37300192830, (4) 0.00000000000, 
		-0.28568434800, (2) 0.00000000000, 0.63777803650, 0.00000000000, 0.40236527770, (11) 0.00000000000, -2.24157470400, 0.00068047270, 0.35830077850, 0.74365698010, -0.42681821400, -0.05361919800, 0.02940857890, -0.03012729200, -0.28192456400, -0.26951506100, 0.09740882190, (12) 0.00000000000, 0.59008815050, (3) 0.00000000000, -0.06842499300, -0.54249339400, -0.53500687400, (15) 0.00000000000, 0.30322794060, 0.77077684730, 0.13327594930, (4) 0.00000000000, 
		-0.29325565500, (2) 0.00000000000, 0.88289135880, 0.00000000000, 0.75491060410, (11) 0.00000000000, 2.69665244980, 0.05084392460, 0.47699202820, -0.38191916900, -1.02880390800, -0.19561352200, -0.82728143800, -0.59105734800, -0.55724388400, -0.80782445300, -0.41989689100, (12) 0.00000000000, 0.62926635040, (3) 0.00000000000, 0.00988082890, -0.21702690200, -0.30680541400, (15) 0.00000000000, 0.52112916450, 0.58383251710, 0.73163257260, (4) 0.00000000000, 
		-0.57057852100, (2) 0.00000000000, 0.69423406610, 0.00000000000, 0.12947974250, (11) 0.00000000000, -0.30484270900, -0.46379598400, 0.49146033890, 0.70569635260, -0.72670152300, -0.01633896600, 0.03796742120, -0.42375049400, -0.33906343900, -0.15997185400, 0.25056076370, (12) 0.00000000000, 0.43877395600, (3) 0.00000000000, 0.23295222510, -0.09118193900, -0.61434626300, (15) 0.00000000000, 0.51861451460, 0.66999063410, 0.59103827040, (4) 0.00000000000, 
		-0.70711322000, (2) 0.00000000000, 1.41340444300, 0.00000000000, 0.22982516360, (11) 0.00000000000, 0.12100510360, -0.41215938700, 0.19380431950, 0.47810703360, -0.56277288000, -0.36047372200, -0.21095956000, -0.31278010300, -0.21456669500, -0.26030346500, -0.31127155100, (12) 0.00000000000, 0.42893923220, (3) 0.00000000000, 0.43567616690, 0.33869713240, 0.16428991280, (15) 0.00000000000, 0.22978876450, 0.53480859930, 0.33534504620, (4) 0.00000000000, 
		-0.32276432800, (2) 0.00000000000, 1.24018338020, 0.00000000000, 0.52724151770, (11) 0.00000000000, -0.28151945900, -0.78947660100, 0.51085298460, 0.51934378660, -0.50826483000, -0.05299522000, -0.26859381200, -0.44241649600, -0.09700588300, -0.08522835100, 0.25406145650, (12) 0.00000000000, 0.49445502100, (3) 0.00000000000, -0.03578460500, -0.29443614300, -0.21726133700, (15) 0.00000000000, 0.19938918320, 0.47128887890, 0.59220087490, (4) 0.00000000000, 
		-0.42455142300, (2) 0.00000000000, 1.07365373520, 0.00000000000, 0.16058617540, (11) 0.00000000000, -0.27711528200, -0.26162169000, 0.47969845690, 0.02014383260, -0.84512072900, -0.27535027200, -0.04800588900, -0.28773563600, -0.21011135200, -0.51076564700, -0.20245709200, (12) 0.00000000000, 0.86277954150, (3) 0.00000000000, 0.25710787800, -0.33121005800, -0.20610356700, (15) 0.00000000000, 0.46455949730, 0.48407165170, 0.46958540430, (4) 0.00000000000, 
		-0.00497966900, (2) 0.00000000000, 1.90009216060, 0.00000000000, 0.05128698660, (11) 0.00000000000, 0.18928211530, 0.23594256310, 0.32039133530, -0.13104078900, -1.43146899300, -0.38532543500, -0.54691514300, -0.28309893600, -0.40008654200, -0.39627260800, 0.15916457110, (12) 0.00000000000, 0.31147765930, (3) 0.00000000000, -0.09183333000, -0.45498901200, -0.35655742100, (15) 0.00000000000, 0.33457137840, 0.49068440450, 0.33633170890, (4) 0.00000000000, 
		-0.46655525100, (2) 0.00000000000, 0.67703799130, 0.00000000000, 0.25676137290, (11) 0.00000000000, -0.01581399400, -0.34342161000, 0.62222377350, 0.23449764120, -1.16218412700, 0.05084355730, 0.02182586630, -0.27810954400, -0.20794762400, -0.04879401500, 0.10202659790, (12) 0.00000000000, 0.84553749400, (3) 0.00000000000, 0.07374546420, -0.26807839500, -0.04388586300, (15) 0.00000000000, 0.18569266090, 0.42656583170, 0.47732006290, (4) 0.00000000000, 
		-0.57302151400, (2) 0.00000000000, 0.09766427340, 0.00000000000, 0.54355679320, (11) 0.00000000000, 0.71978296370, 0.08048406900, 0.84229902810, 0.94503053290, -0.34970815200, 0.12202789110, 0.33290463870, 0.13690966440, -0.26281499300, -0.11016639800, -0.19060225300, (12) 0.00000000000, 0.51665629630, (3) 0.00000000000, 0.17399130300, -0.02281976500, -0.45473747000, (15) 0.00000000000, 0.35105116790, 0.31301206240, 0.44768602100, (4) 0.00000000000, 
		-0.64143491300, (2) 0.00000000000, 1.41139729560, 0.00000000000, 0.44263334970, (11) 0.00000000000, -0.29896419300, -0.21136048100, 0.50275377070, -0.06661218700, -0.59675986300, 0.03417244510, -0.34820992700, -0.43235754800, -0.38003243600, -0.22929039700, -0.35477898800, (12) 0.00000000000, 0.72232476400, (3) 0.00000000000, 0.14248703550, -0.04314213200, -0.02368638700, (15) 0.00000000000, 0.62669152740, 0.92260223470, 0.54550043050, (4) 0.00000000000, 
		-0.03623807500, (2) 0.00000000000, 1.15510884750, 0.00000000000, 0.03088141360, (11) 0.00000000000, -1.06954726500, -0.73064924800, -0.44047372000, -0.44596013900, -1.11428053000, -0.30814885700, -0.63563957500, -0.85744680000, -0.81632911100, -0.78002837400, -0.56212451600, (12) 0.00000000000, 0.80753089400, (3) 0.00000000000, 0.40940139230, -0.12723698300, -0.56390750300, (15) 0.00000000000, 0.38203254190, 0.65409862990, 0.64476845020, (4) 0.00000000000, 
		-0.06222063800, (2) 0.00000000000, 1.04245536930, 0.00000000000, 0.52790021710, (11) 0.00000000000, -0.39380944600, -0.56298512600, 0.08917494510, 0.31454621570, -0.92007419300, -0.10469146400, -0.18753302500, -0.27037093000, -0.30077826300, -0.09888388000, 0.32337915660, (12) 0.00000000000, 0.08006145380, (3) 0.00000000000, 0.03010162160, -0.37817439500, -0.32065376400, (15) 0.00000000000, 0.14889286990, 0.38649561750, 0.32034413790, (4) 0.00000000000, 
		-0.29132033300, (2) 0.00000000000, 0.68647227770, 0.00000000000, 0.45581048240, (11) 0.00000000000, 0.29387340040, -0.60136939100, 1.00667334130, 0.17345308760, -0.98297246700, 0.24551171030, 0.43853777230, -0.13583614700, -0.14131429700, 0.06989302220, 0.09343465480, (12) 0.00000000000, 0.40028261300, (3) 0.00000000000, -0.16111123900, -0.67512872500, -0.63597273000, (15) 0.00000000000, 0.29352490440, 0.43705836450, 0.54879031310, (4) 0.00000000000, 
		-0.21324763100, (2) 0.00000000000, 0.86570185220, 0.00000000000, 0.33921696710, (11) 0.00000000000, -0.16932198800, -0.62896830900, 0.60566413010, 0.10096521720, -1.58090287000, -0.32436978200, -0.48539316000, -0.50039396100, -0.16337103700, -0.19664303500, -0.25915345000, (12) 0.00000000000, 0.06752825490, (3) 0.00000000000, 0.08944767860, -0.33231730800, -0.42444673000, (15) 0.00000000000, 0.33405486900, 0.60192472500, 0.56689834590, (4) 0.00000000000, 
		-0.38439009100, (2) 0.00000000000, 0.80352190040, 0.00000000000, 0.41463976810, (11) 0.00000000000, 0.08847124240, -0.41569512700, 0.94136873620, 0.00019869170, -1.26133732600, -0.23754103500, -0.18426985400, -0.53176314300, -0.76858769800, -0.20669478100, -0.33334899600, (12) 0.00000000000, 0.63009653230, (3) 0.00000000000, 0.46730387130, 0.08243878530, -0.23470056500, (15) 0.00000000000, 0.26147541800, 0.68733593920, 0.59788483200, (4) 0.00000000000, 
		-0.73497791600, (2) 0.00000000000, 0.45312253450, 0.00000000000, 0.63776888470, (11) 0.00000000000, -0.25622066000, -0.02449595100, 0.86116690830, 0.24439571460, -0.94007480400, -0.09400931300, -0.56873254600, -0.32183614800, -0.32778850800, -0.47374254200, -0.04454065100, (12) 0.00000000000, 0.44854046610, (3) 0.00000000000, 0.35778823420, 0.17099530440, -0.03323775100, (15) 0.00000000000, 0.75049664400, 0.82404954470, 0.89336168730, (4) 0.00000000000, 
		-0.50061149100, (2) 0.00000000000, 0.43488170210, 0.00000000000, 0.38040790170, (11) 0.00000000000, 0.22585632640, -0.28692756300, 0.27893193000, 0.00778038300, -0.61441282200, -0.21697941600, -0.25262710300, -0.25331668200, -0.34853101300, -0.32136297400, -0.09566708400, (12) 0.00000000000, 0.66456831610, (3) 0.00000000000, 0.23958491070, 0.00441032710, -0.14259803900, (15) 0.00000000000, 0.36488516430, 0.54357702040, 0.60053779090, (4) 0.00000000000, 
		-0.32113373000, (2) 0.00000000000, 1.32012086580, 0.00000000000, -0.23599926300, (11) 0.00000000000, -0.29778308100, -0.13978928700, 0.05826596530, 0.68243129730, -0.39568829300, 0.25107082070, -0.31412381200, -0.28938099200, -0.39109883100, 0.07956851640, -0.18215917300, (12) 0.00000000000, 0.27698030000, (3) 0.00000000000, 0.08891768860, -0.04126710800, -0.12649962800, (15) 0.00000000000, 0.22620611050, 0.55071818030, 0.49144582330, (4) 0.00000000000, 
		-0.60823824900, (2) 0.00000000000, 0.89116446950, 0.00000000000, 0.62315688040, (11) 0.00000000000, -0.30646421600, -0.01331975500, 0.21219341370, 0.35609119310, -0.31924649900, -0.35245591200, -0.18660691000, -0.41828438800, -0.26160976000, -0.45908548200, -0.05485647600, (12) 0.00000000000, 0.37508229720, (3) 0.00000000000, 0.28205344610, -0.09014740400, -0.06924340400, (15) 0.00000000000, 0.61775162830, 0.75809150730, 0.50223893880, (4) 0.00000000000, 
	};

	 //EN Main regression coefficients for heart disease cure/remission model
	double	HeartDiseaseCureMainLinearPred[BOOTSTRAP_INDEX_39][CC_MAIN_LINEAR_PREDICTOR] = {
		-0.76895912200, (2) 0.00000000000, -0.19978563000, (13) 0.00000000000, 0.57248485120, 0.46466940370, 0.24359313020, 0.09790815570, -0.33274740500, 0.15427967100, -0.38505870400, 0.08601620370, 0.02817864970, -0.00987575400, -0.16130024000, 0.00000000000, 0.07779960370, (8) 0.00000000000, -0.23504952600, (5) 0.00000000000, -0.03936449000, -0.16663428600, -0.27908049700, (22) 0.00000000000, 
		-0.82179030300, (2) 0.00000000000, -0.25346233500, (13) 0.00000000000, 0.18457682400, 0.72724991420, -0.41398339000, 0.58806649650, -0.28414124300, 0.23371594130, -0.21003626700, 0.13694214110, 0.10866257840, 0.00775104520, -0.18441903800, 0.00000000000, 0.06356639650, (8) 0.00000000000, -0.19373156700, (5) 0.00000000000, -0.10435808400, -0.09231277800, -0.23659838400, (22) 0.00000000000, 
		-0.36632876400, (2) 0.00000000000, -0.27565825600, (13) 0.00000000000, 0.01099522030, 0.45310197280, 0.02332406470, -0.32439803400, -0.52438259400, -0.07023299600, -0.54336611700, -0.13979732500, -0.14016545400, -0.17913578400, -0.37757514100, 0.00000000000, -0.03543380100, (8) 0.00000000000, -0.31833501700, (5) 0.00000000000, -0.29283874700, -0.39591196700, -0.38486450800, (22) 0.00000000000, 
		-0.75530460800, (2) 0.00000000000, -0.22118573500, (13) 0.00000000000, -0.06435184700, 0.89245686200, -0.79285338300, 0.24263012950, -0.32031145200, 0.56191855730, -0.29164965200, -0.09907502600, -0.05052418900, -0.15449081200, -0.16196624400, 0.00000000000, -0.00736123600, (8) 0.00000000000, -0.11360517900, (5) 0.00000000000, -0.14769241200, -0.02405986500, -0.44184472000, (22) 0.00000000000, 
		-0.95734971900, (2) 0.00000000000, -0.13797844900, (13) 0.00000000000, 0.26980599000, 0.94492497520, 0.89439230450, 0.00998873720, -0.07484400500, 0.23530568000, -0.37261050700, 0.20701509940, 0.08950907640, 0.08910154830, -0.29318143200, 0.00000000000, 0.12742767090, (8) 0.00000000000, -0.13148369800, (5) 0.00000000000, 0.05000611760, -0.06284189900, -0.30917740700, (22) 0.00000000000, 
		-0.48400366900, (2) 0.00000000000, -0.33054321000, (13) 0.00000000000, 0.49540271070, 0.48481736210, -0.17644920400, 0.17236732860, -0.45325730200, -0.22339608800, -0.52190762600, 0.00447175340, 0.00492376010, -0.27954384700, -0.12451094300, 0.00000000000, 0.04322466800, (8) 0.00000000000, -0.24663842600, (5) 0.00000000000, -0.21953067400, -0.40216074300, -0.39168186700, (22) 0.00000000000, 
		-0.99122143100, (2) 0.00000000000, -0.07674159700, (13) 0.00000000000, 1.20281589380, 0.12545877330, 0.01137213140, 0.60417121560, 0.07538145870, 0.19059073490, -0.33934702900, 0.24558012240, 0.23424399800, 0.07210892580, 0.00188707050, 0.00000000000, 0.10300664800, (8) 0.00000000000, -0.21594096700, (5) 0.00000000000, -0.04100980200, -0.12540910300, -0.19727072200, (22) 0.00000000000, 
		-0.86151775600, (2) 0.00000000000, -0.18304112100, (13) 0.00000000000, 1.13455149210, 0.14671388920, 0.35882535680, -0.18191294600, -0.33100016600, 0.28686871970, -0.37955937500, 0.11404470130, 0.04894252810, 0.11718180400, -0.10095386000, 0.00000000000, 0.10499697850, (8) 0.00000000000, -0.28347383400, (5) 0.00000000000, 0.03213967010, -0.27772373300, -0.41473776100, (22) 0.00000000000, 
		-0.67835816300, (2) 0.00000000000, -0.35334031100, (13) 0.00000000000, 2.11745544980, 1.15345120840, -0.30449204100, -0.18801259100, 0.05766145890, 0.42585966130, -0.22041124000, 0.15066726240, 0.12170460070, 0.13473886760, -0.18904926600, 0.00000000000, 0.03067387850, (8) 0.00000000000, -0.26236689600, (5) 0.00000000000, -0.09195513400, -0.18916968800, -0.35780232000, (22) 0.00000000000, 
		-0.97459695400, (2) 0.00000000000, 0.02270059390, (13) 0.00000000000, 0.44834328130, 0.26761049300, 0.35932307320, 0.25206122780, -0.29868628600, 0.20145317490, -0.41472136900, -0.01207061200, 0.00836399120, 0.04715298170, -0.06944248200, 0.00000000000, 0.08636912800, (8) 0.00000000000, -0.25736545200, (5) 0.00000000000, 0.10338188350, -0.15508191800, -0.20280379600, (22) 0.00000000000, 
		-0.80963122800, (2) 0.00000000000, -0.30805211400, (13) 0.00000000000, 0.39497696480, 0.63009614480, 0.69002382690, 0.17152681470, -0.01378294200, 0.05491659080, -0.11298007300, 0.08721387730, 0.12782557610, 0.03645009930, -0.13003232200, 0.00000000000, 0.11969122720, (8) 0.00000000000, -0.32792476600, (5) 0.00000000000, 0.05584736260, -0.00658495000, -0.17394535300, (22) 0.00000000000, 
		-0.73663836600, (2) 0.00000000000, -0.18930396700, (13) 0.00000000000, 0.65462282860, 0.50528262600, 0.54912129730, -0.12154001900, -0.62539622600, 0.14918935910, -0.35117283900, 0.19019256730, 0.14174828280, 0.24654056970, -0.13241977600, 0.00000000000, 0.05515783180, (8) 0.00000000000, -0.17901241800, (5) 0.00000000000, -0.05794887900, -0.13076625600, -0.40039000600, (22) 0.00000000000, 
		-0.76931831800, (2) 0.00000000000, -0.17815434300, (13) 0.00000000000, 0.54167627950, 0.89006332350, -0.70401919500, 0.07580185760, 0.44855175670, -0.09410858700, -0.27433879100, 0.22774416470, 0.21239714470, -0.10322804500, -0.08122150000, 0.00000000000, 0.09603359440, (8) 0.00000000000, -0.30901045300, (5) 0.00000000000, -0.11992721700, -0.39856187600, -0.38540018900, (22) 0.00000000000, 
		-0.73330971600, (2) 0.00000000000, -0.23509488600, (13) 0.00000000000, 0.30942581800, -0.34100251900, 0.35786914500, -0.18695086200, -0.22268608200, 0.18851612990, -0.22301106300, 0.04239277440, 0.11175396080, -0.01254566700, -0.18323490000, 0.00000000000, -0.00263246200, (8) 0.00000000000, -0.42766777600, (5) 0.00000000000, 0.04535656070, -0.03726199800, -0.21118549100, (22) 0.00000000000, 
		-0.91088408600, (2) 0.00000000000, -0.15406794200, (13) 0.00000000000, 0.66214246030, 0.58694495320, 0.58730620970, 0.13279756290, -0.17110518800, 0.21927486470, -0.37181794800, 0.24680496180, 0.05733129210, 0.07840946640, -0.02374557200, 0.00000000000, 0.10295367050, (8) 0.00000000000, -0.34317303300, (5) 0.00000000000, 0.22396022260, 0.01324499540, -0.17456473600, (22) 0.00000000000, 
		-0.70220622300, (2) 0.00000000000, -0.25798999700, (13) 0.00000000000, 0.50317297790, 0.34386441190, -0.02374859700, 0.03635364980, -0.42272569000, 0.02047141270, -0.38709964500, -0.04486589300, 0.04471092450, 0.13358640360, -0.28577783200, 0.00000000000, 0.07193961730, (8) 0.00000000000, -0.23593778100, (5) 0.00000000000, -0.12517307500, -0.08582696000, -0.24534005400, (22) 0.00000000000, 
		-0.66783982200, (2) 0.00000000000, -0.22479808400, (13) 0.00000000000, 0.38763560120, 0.03161965480, 0.49219699500, -0.25215929600, -0.52317416900, 0.06237969780, -0.29129684100, -0.02986093800, 0.15002809130, 0.04498226520, -0.21980547700, 0.00000000000, 0.10113605920, (8) 0.00000000000, -0.33153670600, (5) 0.00000000000, -0.11216220900, -0.29736320800, -0.22798605700, (22) 0.00000000000, 
		-0.81091064400, (2) 0.00000000000, -0.24177531900, (13) 0.00000000000, 0.59942745550, 0.57820877610, 0.67428918790, -0.31976805100, -0.64944444300, -0.08527133000, -0.56116994000, -0.07423164900, -0.19454070800, -0.09141262400, -0.50456559600, 0.00000000000, 0.04478242960, (8) 0.00000000000, -0.19974902100, (5) 0.00000000000, 0.23585635310, 0.21286855050, -0.01815234500, (22) 0.00000000000, 
		-0.70475391100, (2) 0.00000000000, -0.23358994400, (13) 0.00000000000, 0.74509595940, 0.30459832630, -0.60058854100, 0.23353192520, -0.51056405700, 0.51550379830, -0.21139847500, 0.02277576440, 0.07042090590, 0.02519226470, 0.05523894990, 0.00000000000, 0.06163767510, (8) 0.00000000000, -0.15147166600, (5) 0.00000000000, -0.13233568400, -0.52899046200, -0.57895431000, (22) 0.00000000000, 
		-0.68065881200, (2) 0.00000000000, -0.26021216600, (13) 0.00000000000, 0.50137782930, -0.12816806400, -0.50422855700, 0.12269727520, -0.86675232400, 0.33097846800, -0.26164486300, -0.00747565100, 0.19501655080, -0.16491041800, -0.26841924600, 0.00000000000, 0.09793074870, (8) 0.00000000000, -0.29058619700, (5) 0.00000000000, -0.21529470400, -0.19462720400, -0.32079268300, (22) 0.00000000000, 
		-0.86439497900, (2) 0.00000000000, -0.26360046700, (13) 0.00000000000, 2.21148435330, 1.20255472410, 0.26033324310, -0.08586792900, -0.36794284100, -0.07459202300, -0.39670511700, 0.31022227760, 0.07123163750, 0.03764145290, -0.12248406000, 0.00000000000, 0.00582782620, (8) 0.00000000000, -0.39013361300, (5) 0.00000000000, 0.19475018530, 0.00841786470, 0.00384208460, (22) 0.00000000000, 
		-0.75568133200, (2) 0.00000000000, -0.04909213900, (13) 0.00000000000, 1.07638296230, 0.39730514040, -0.04323771200, 0.02417939410, -0.56471686000, 0.28378871940, -0.43523625500, 0.24492362740, 0.05130946930, -0.03014834000, -0.13975840400, 0.00000000000, 0.06020730470, (8) 0.00000000000, -0.26705064200, (5) 0.00000000000, -0.08791429900, -0.29856090000, -0.45201764300, (22) 0.00000000000, 
		-0.64919868300, (2) 0.00000000000, -0.16740041300, (13) 0.00000000000, 0.32931229520, 0.73219089680, 0.92301374680, 0.31663097760, -0.36595861800, 0.19591879400, -0.22109730200, 0.03010367940, 0.04913736680, -0.06421188400, -0.19134089500, 0.00000000000, 0.10538492400, (8) 0.00000000000, -0.19676513500, (5) 0.00000000000, -0.26510242000, -0.21105935700, -0.41509110100, (22) 0.00000000000, 
		-0.87061929600, (2) 0.00000000000, -0.10592952800, (13) 0.00000000000, 0.54942705080, 0.59608884020, 0.58664623340, -0.32414805200, -0.20957405000, -0.07078391000, -0.62781808400, -0.09238838100, -0.18762456300, -0.16041969200, -0.25687760600, 0.00000000000, 0.05270028150, (8) 0.00000000000, -0.23043055900, (5) 0.00000000000, 0.04727422240, 0.17109145760, -0.05064419000, (22) 0.00000000000, 
		-0.66184930400, (2) 0.00000000000, -0.13053918700, (13) 0.00000000000, 0.56774556350, 0.00354667650, 0.41879076760, 0.26486393630, -0.69152363500, -0.12652666600, -0.43841736700, -0.11236344400, -0.30490239700, -0.08251375400, -0.45361416300, 0.00000000000, 0.12995511550, (8) 0.00000000000, -0.22135191700, (5) 0.00000000000, 0.03751558500, -0.24462368600, -0.43866628400, (22) 0.00000000000, 
		-1.04259899900, (2) 0.00000000000, -0.16328936300, (13) 0.00000000000, 0.34074314830, 0.64075264610, 0.52909160920, 0.23310699900, -0.79778696700, 0.14607641360, -0.30191803600, 0.18223779380, 0.23281430460, 0.03976590230, -0.17635862000, 0.00000000000, 0.10630346870, (8) 0.00000000000, -0.17266626100, (5) 0.00000000000, 0.16814144680, -0.05616794100, -0.21825396700, (22) 0.00000000000, 
		-0.66420579400, (2) 0.00000000000, -0.33734417600, (13) 0.00000000000, 0.87018269210, 0.33891008030, 0.51694105540, 0.23537867190, -0.46229171700, 0.22658489830, -0.40681942800, 0.15897743700, -0.01706688800, -0.23478447200, -0.11469379100, 0.00000000000, 0.06980273250, (8) 0.00000000000, -0.29864364100, (5) 0.00000000000, 0.03218269570, -0.15141418400, -0.12862834100, (22) 0.00000000000, 
		-0.93680257900, (2) 0.00000000000, -0.20636152200, (13) 0.00000000000, 0.87741046970, 0.57324209750, 0.87201851290, 0.12406175790, -0.41828585900, 0.43746687940, -0.27004818500, 0.00579871640, 0.15963958300, 0.23687413210, 0.03577958800, 0.00000000000, 0.12005304240, (8) 0.00000000000, -0.25550120600, (5) 0.00000000000, 0.10841672280, -0.15418358200, -0.32144680000, (22) 0.00000000000, 
		-0.86362151400, (2) 0.00000000000, -0.09969095600, (13) 0.00000000000, 0.76944158280, 0.48385064340, 0.49657665540, -0.34800293400, -0.26831449100, 0.06964953730, -0.45364548800, 0.10420616330, 0.13196248400, -0.03151932000, -0.14879067700, 0.00000000000, 0.04487190050, (8) 0.00000000000, -0.11823275100, (5) 0.00000000000, 0.06479007310, -0.28266729000, -0.18799670000, (22) 0.00000000000, 
		-0.83016924100, (2) 0.00000000000, -0.42237315600, (13) 0.00000000000, 0.68178548860, 0.38195011270, -0.18257038600, 0.18547820300, -0.09092452800, 0.23426259470, -0.09833128200, 0.24282898200, 0.19108232840, 0.05472197790, -0.09053450400, 0.00000000000, 0.09149157960, (8) 0.00000000000, -0.10959137200, (5) 0.00000000000, -0.10368394400, -0.30565941700, -0.33779607500, (22) 0.00000000000, 
		-0.72308965600, (2) 0.00000000000, -0.10345907000, (13) 0.00000000000, 0.18929399850, -0.12219038500, -0.45668689900, 0.34900331930, -1.08910684900, 0.08962396740, -0.80583165600, 0.07883479050, -0.02053625300, -0.01901371500, -0.30398590100, 0.00000000000, 0.03905832750, (8) 0.00000000000, -0.28202380500, (5) 0.00000000000, -0.06629597300, -0.00732678600, -0.06029673900, (22) 0.00000000000, 
		-0.71852202300, (2) 0.00000000000, -0.33729740900, (13) 0.00000000000, 0.20686957390, 0.26044638190, 0.50992558090, 0.34553047120, -0.15022276900, -0.16632216500, -0.49940513100, -0.04371753900, 0.00778622690, 0.08611244090, -0.29119185300, 0.00000000000, -0.02222409600, (8) 0.00000000000, -0.03037700000, (5) 0.00000000000, -0.16858680400, -0.20581992200, -0.42758878700, (22) 0.00000000000, 
		-0.85286339900, (2) 0.00000000000, -0.28137237000, (13) 0.00000000000, 0.37019126200, 0.28730599610, 0.11236204890, -0.12088983300, -0.44086312100, 0.52979870430, -0.25327723500, 0.20225301250, 0.30064654170, 0.29714541210, 0.11775460390, 0.00000000000, 0.11870941810, (8) 0.00000000000, -0.22748994300, (5) 0.00000000000, -0.16645831600, -0.35848204200, -0.48699760200, (22) 0.00000000000, 
		-0.59565918100, (2) 0.00000000000, -0.23986658500, (13) 0.00000000000, 1.31784684370, 0.41432657830, -0.20040476700, -0.34010145600, -0.32835234500, 0.25056145290, -0.24516194300, -0.17107529800, -0.08192695900, -0.13781175400, -0.21243224900, 0.00000000000, 0.02764820390, (8) 0.00000000000, -0.15898765700, (5) 0.00000000000, -0.12559886500, -0.31881368000, -0.35485481400, (22) 0.00000000000, 
		-1.01147822900, (2) 0.00000000000, -0.15031740700, (13) 0.00000000000, 0.90649748120, 0.21179733020, -0.08940424600, 0.71184495160, -0.14476653700, 0.44181358080, -0.49848788000, 0.18296746240, 0.10429496600, 0.40711745720, -0.11085496200, 0.00000000000, 0.09321815330, (8) 0.00000000000, -0.32246435800, (5) 0.00000000000, 0.07528265870, 0.01601776590, -0.18921401700, (22) 0.00000000000, 
		-0.72166927200, (2) 0.00000000000, -0.29841642200, (13) 0.00000000000, 0.96905131820, 0.82834049610, 0.28464515750, -1.09476758800, 0.05340175500, 0.05311735180, -0.03801436100, 0.08937503130, -0.11938616400, -0.06913277100, -0.18729443200, 0.00000000000, 0.05972625540, (8) 0.00000000000, -0.20219969200, (5) 0.00000000000, -0.26580404600, -0.06874587900, -0.35702079700, (22) 0.00000000000, 
		-0.84088291100, (2) 0.00000000000, -0.04223393600, (13) 0.00000000000, 0.55350811550, 0.45878917330, -0.50749861000, 0.02563782790, 0.07142314050, 0.29276189370, -0.47234915500, -0.25138189600, -0.35828022100, -0.37988576400, -0.27106977300, 0.00000000000, 0.05455332540, (8) 0.00000000000, -0.07532143200, (5) 0.00000000000, 0.05267971050, -0.16733810800, -0.28005931900, (22) 0.00000000000, 
		-1.02916713500, (2) 0.00000000000, -0.06360404100, (13) 0.00000000000, 1.08217325470, 0.03823912110, 1.12142731200, -0.00239910200, -0.51209490300, -0.13034461000, -0.14191762200, 0.41840637820, 0.14611438950, -0.07037721100, 0.05893183730, 0.00000000000, 0.11640189360, (8) 0.00000000000, -0.20792861000, (5) 0.00000000000, 0.01738891160, -0.06096838400, -0.05499524300, (22) 0.00000000000, 
		-0.72630911900, (2) 0.00000000000, -0.36235817500, (13) 0.00000000000, 0.49733938830, 0.87910295180, -0.12543851100, 0.18642213190, -0.30626306400, 0.06303794230, -0.25664430600, -0.06773222300, 0.05375085840, -0.02389917400, -0.18218310100, 0.00000000000, 0.03012891760, (8) 0.00000000000, -0.35083136300, (5) 0.00000000000, 0.01417585570, -0.13010758400, -0.26027142700, (22) 0.00000000000, 
		-0.94045753700, (2) 0.00000000000, -0.21635678800, (13) 0.00000000000, 0.68900327300, 0.72256980710, -0.29506127000, 0.14351574440, -0.13843142600, 0.33057918230, -0.26108014100, 0.12264664850, -0.08207806900, -0.03822161200, 0.01354063050, 0.00000000000, 0.09216483510, (8) 0.00000000000, -0.21069589700, (5) 0.00000000000, -0.03377274100, -0.08237016500, -0.35836920400, (22) 0.00000000000, 
	};

	 //EN Main regression coefficients for diabetes cure/remission model
	double	DiabetesCureMainLinearPred[BOOTSTRAP_INDEX_39][CC_MAIN_LINEAR_PREDICTOR] = {
		-1.92426762000, -0.13527165600, 0.00000000000, -0.72841841300, 0.00000000000, 1.09256874420, (11) 0.00000000000, -0.73181029100, 1.18777290760, 0.09575732540, -0.24772575500, -0.69130994600, -0.36409520900, -0.36374534100, -0.89753872200, 0.47615305900, -0.15333014900, 0.31645857560, (41) 0.00000000000, 
		-1.84917899800, -0.12535357700, 0.00000000000, -0.46980939700, 0.00000000000, 0.97537705550, (11) 0.00000000000, -12.23368179000, 1.11147684020, 0.37293807480, 0.29407524770, -1.70314584600, -0.55081726700, -1.03198561300, -1.14379814300, 0.08525391310, -0.32611845700, -0.87084325100, (41) 0.00000000000, 
		-1.81528180300, -0.14153987300, 0.00000000000, -0.47727173800, 0.00000000000, 1.52027842530, (11) 0.00000000000, -13.82828126000, 0.79695923390, -1.14300348100, -0.88799007600, -1.69335647100, -0.55290737400, -1.28384183400, -1.43409734200, 0.00768064140, 0.02310631870, 0.11292249810, (41) 0.00000000000, 
		-1.98460565000, -0.08126672000, 0.00000000000, -0.62231974800, 0.00000000000, -0.36915915700, (11) 0.00000000000, 0.67366801050, 1.55654932390, 0.63072020910, -0.04116635000, -1.64432830000, 0.01867667670, -1.36774772300, -1.42959959200, -0.16677604400, -0.73445431900, -0.87358263000, (41) 0.00000000000, 
		-1.52969141700, -0.15494824100, 0.00000000000, -0.83837640100, 0.00000000000, 1.64114539250, (11) 0.00000000000, -10.69937724000, 0.20390963540, -0.50026138200, -0.27736039600, -1.36829851000, -0.42147892700, -1.10298303600, -1.39768802300, 0.35229737670, -0.12863746600, 0.12813111090, (41) 0.00000000000, 
		-2.26639594200, -0.06653803600, 0.00000000000, -0.49110045500, 0.00000000000, 1.40191356820, (11) 0.00000000000, -14.41854530000, 0.26853398170, 0.11241308220, -0.83764304800, -1.34656120200, -0.69501522900, -0.50827417300, -0.62529722400, 0.55213642710, -0.62318164900, 0.71214971200, (41) 0.00000000000, 
		-2.20670446300, -0.14940271300, 0.00000000000, -0.56956227300, 0.00000000000, 1.35529386780, (11) 0.00000000000, -14.54429007000, 0.78201912730, 0.52123287050, -0.66089884100, -0.05862058400, 0.40558681810, -0.86896375300, -0.04165462300, 0.80918790450, 0.01569564840, 0.94277820510, (41) 0.00000000000, 
		-1.10643066500, -0.19629923400, 0.00000000000, -0.60245259200, 0.00000000000, 0.98242276920, (11) 0.00000000000, -14.71197539000, 0.32760702430, -1.94308104100, -1.19947842800, -0.82882474900, -1.15847894700, -0.55130144200, -1.54370099300, 0.00591270840, -0.38100314000, 0.08877925850, (41) 0.00000000000, 
		-1.61211231600, -0.16091836400, 0.00000000000, -0.69138057100, 0.00000000000, 1.06954188830, (11) 0.00000000000, -15.29828794000, 1.69490947120, 0.46196379150, -3.52981194400, -3.01820136100, -0.73945407000, -0.40752310400, -3.39286941200, 0.49458669440, -0.63317936900, -0.25823189300, (41) 0.00000000000, 
		-1.59570640100, -0.13291212000, 0.00000000000, -0.70946820700, 0.00000000000, 1.20904203780, (11) 0.00000000000, -14.28356511000, 0.16119908320, 0.37613201080, -0.20120916000, -0.87158842200, -0.36604359700, -0.53386043000, -1.04685413200, 0.23173651360, -0.43798079900, 0.16495260170, (41) 0.00000000000, 
		-1.80975536000, -0.16502815900, 0.00000000000, -0.55185460800, 0.00000000000, 1.81001464070, (11) 0.00000000000, -17.41600988000, 0.71072542770, -0.19212038300, -0.72498664500, -1.02285059000, -0.79473939900, -0.69405836100, -0.90424702500, 0.30362593390, -0.71098225200, 0.47365201120, (41) 0.00000000000, 
		-1.37020073100, -0.12866659600, 0.00000000000, -0.49885484800, 0.00000000000, 0.62994959690, (11) 0.00000000000, -16.27214224000, 0.44831046200, 0.00947542410, -1.04186186000, -0.70586800100, -0.77285581300, -1.11606042800, -1.37655025500, -0.18902526100, -0.54720259200, -0.27320879400, (41) 0.00000000000, 
		-1.86035931600, -0.09700719700, 0.00000000000, -0.81948640700, 0.00000000000, 0.91106646380, (11) 0.00000000000, -0.48711620800, 0.85775852480, 0.00999533160, -0.18146879600, -0.37417837700, -0.59273705900, -0.91098149100, -1.00736307400, 0.02904077050, -0.03778115300, 0.23151702100, (41) 0.00000000000, 
		-2.14384905800, -0.09115259100, 0.00000000000, -0.25908809900, 0.00000000000, 0.76490854230, (11) 0.00000000000, -16.88857238000, 1.69682463670, -1.02415010400, -0.38662576100, -2.72982307800, -0.91188793900, -0.91906433500, -0.72901773500, 0.43254544720, -0.53050841000, 0.07708205660, (41) 0.00000000000, 
		-1.82857736000, -0.13430995100, 0.00000000000, -0.58165583600, 0.00000000000, 0.81113337240, (11) 0.00000000000, 0.26199106280, 1.50282272360, -1.17703250900, -3.23800507500, -0.36899154700, -0.48556770100, -0.99139788000, -1.64344208200, 0.35209713680, -0.44769390900, -0.21241628600, (41) 0.00000000000, 
		-1.99923147600, -0.09650908100, 0.00000000000, -1.20288373300, 0.00000000000, 1.62611821080, (11) 0.00000000000, 1.43770783980, 1.16332409750, 0.38578753580, -0.28066814900, -0.82200955100, -0.13146158100, -0.34510116800, -0.70537538300, 0.39546840910, -0.39857437800, 0.42704473340, (41) 0.00000000000, 
		-2.26541158600, -0.14618652700, 0.00000000000, -0.63526796800, 0.00000000000, 1.65767060600, (11) 0.00000000000, -14.42254224000, 1.73738933270, -1.76657822900, 0.37678135500, -1.14475963200, -0.33965965400, -0.09595477800, -0.46316151800, 0.85933465400, 0.22744279380, 0.59912966120, (41) 0.00000000000, 
		-1.50419613200, -0.19985786700, 0.00000000000, -0.47264780500, 0.00000000000, 0.84035187600, (11) 0.00000000000, -0.47712642900, 1.43393723370, -1.19197684400, -0.23127580600, -0.42849876200, -0.61701855600, -0.19497851900, -1.86695132000, 0.06473649630, -0.33632424200, -0.31097106100, (41) 0.00000000000, 
		-2.37830358300, -0.06614612500, 0.00000000000, -0.67188343200, 0.00000000000, 1.59692076220, (11) 0.00000000000, 2.43534509770, 1.71286379580, -0.76902454100, -0.84658573100, -2.59642072200, -1.25180307700, -1.42094508800, -1.01682097900, 0.31790252590, -0.78310367400, 0.22754522980, (41) 0.00000000000, 
		-2.59707512600, -0.10824197600, 0.00000000000, -0.74583477200, 0.00000000000, 0.92418136990, (11) 0.00000000000, -12.46003886000, 0.98600417330, -0.06183115500, 0.53043877220, -0.07119104800, 0.32743637730, 0.22487755300, -1.13973074300, 1.02789117020, 0.68100785990, 0.21580628110, (41) 0.00000000000, 
		-1.62550593800, -0.16476442300, 0.00000000000, -0.50275831100, 0.00000000000, 0.95618552880, (11) 0.00000000000, 0.38791885150, 1.41447952830, -0.24760360500, -0.78382884600, -0.90117251100, -0.18930113900, -1.98253753800, -1.59137578800, 0.04575633730, -0.25548534100, -0.04951529000, (41) 0.00000000000, 
		-2.09686021600, -0.12807497100, 0.00000000000, -0.46386307600, 0.00000000000, 1.26957623170, (11) 0.00000000000, -0.46482940800, 1.15784831180, -1.70353256200, -0.26445241300, -1.05193999200, -0.05787752800, -0.43309229200, -0.51532369200, 0.44951736100, -0.34158724700, 0.56298939130, (41) 0.00000000000, 
		-1.20580511200, -0.17963460900, 0.00000000000, -0.53218608500, 0.00000000000, 1.15202500770, (11) 0.00000000000, -13.61070653000, 0.44688622840, -0.23256224100, -0.26061215800, -0.78253467900, -0.21655174700, -1.47889213600, -1.50015692800, 0.27312496230, -0.28001255400, -0.73478492800, (41) 0.00000000000, 
		-1.74928283500, -0.12958530800, 0.00000000000, -0.81198158400, 0.00000000000, 1.28990240780, (11) 0.00000000000, -19.79915287000, 1.00185976230, 0.02792639860, -1.42397661400, -1.64154643600, -1.03106357400, -0.57233701400, -0.93746506700, 0.29521071490, -0.30450298600, 0.14217241870, (41) 0.00000000000, 
		-2.12879473500, -0.12685682800, 0.00000000000, -0.65724905600, 0.00000000000, 1.45746379450, (11) 0.00000000000, -14.19433573000, 1.63442621690, 0.30027313520, -3.54435012300, -1.12144861000, -0.53053421400, 0.07640695910, -1.62185587700, 0.66661227230, -0.66351611500, 0.40141848030, (41) 0.00000000000, 
		-2.21463006500, -0.09722519500, 0.00000000000, -0.95403373200, 0.00000000000, 1.08718743610, (11) 0.00000000000, -1.06944330200, 1.68888996360, 0.35013351110, -0.55284535200, -1.28977370900, 0.08185054080, -0.82598785200, -0.17013914300, 0.72498231760, 0.11664712840, 0.62191054400, (41) 0.00000000000, 
		-1.49913914600, -0.14289684300, 0.00000000000, -1.45459418100, 0.00000000000, 0.87079571360, (11) 0.00000000000, -0.48319193600, 0.81895503800, -0.24167873700, -0.26359628700, -0.57432215600, -0.55201684100, -0.96573890800, -1.85572070300, 0.33494216170, -0.45525079400, 0.36292161240, (41) 0.00000000000, 
		-2.36804681300, -0.07446155100, 0.00000000000, -1.11375624500, 0.00000000000, 1.54488168050, (11) 0.00000000000, -1.26876281600, 1.34314218990, -0.16582702800, 0.11146828810, -1.92286937600, -1.96258674400, -0.22027500700, -1.20262659600, 0.63038361150, 0.72825727450, 0.30976643540, (41) 0.00000000000, 
		-1.55678123700, -0.15144763900, 0.00000000000, -0.74786760800, 0.00000000000, 1.16428958400, (11) 0.00000000000, 0.02504138030, 0.60583831550, 0.58405183010, -1.05854131200, -0.64867854800, -0.57115767600, -0.38909938700, -0.94448990000, 0.15412387500, -0.16722003300, 0.12811301350, (41) 0.00000000000, 
		-1.99554961200, -0.12260819200, 0.00000000000, -0.96547682600, 0.00000000000, 0.91349420210, (11) 0.00000000000, 0.90844313580, 0.82179446430, 0.54129025160, -0.70654729500, 0.01420365920, -0.29659539900, -0.06876380000, -1.34490986500, 0.56698733150, 0.30346027170, 0.07217535470, (41) 0.00000000000, 
		-1.70201203500, -0.12845485400, 0.00000000000, -0.76811998900, 0.00000000000, 0.91201128470, (11) 0.00000000000, 0.11005857890, 1.81560224970, -1.25567204000, -0.22471058000, -0.45828683000, -0.39029408900, -0.33868047200, -1.06138305100, 0.41587143600, -0.18911481800, 0.16681726670, (41) 0.00000000000, 
		-1.82226648600, -0.10721016300, 0.00000000000, -0.79144039600, 0.00000000000, 0.21054783300, (11) 0.00000000000, 0.62127313720, 1.69625094590, 0.93114312780, -0.21080314200, -0.21999336000, -0.50560295200, -0.56741570900, -1.32020197700, 0.36716196230, -1.52072162300, -0.58172356900, (41) 0.00000000000, 
		-1.98360959900, -0.13840070500, 0.00000000000, -0.48953825300, 0.00000000000, 1.03819354390, (11) 0.00000000000, -14.19589814000, 1.25316642620, 0.63728920010, 0.24586062440, -1.61392061600, -0.49069333300, -0.95777485800, -1.68489088700, 0.64313624900, 0.03940199340, 0.23504417960, (41) 0.00000000000, 
		-1.84243792500, -0.15034958700, 0.00000000000, -0.57442970500, 0.00000000000, 1.21455686230, (11) 0.00000000000, 1.32372855170, 2.00306768670, -14.70035141000, -0.66212789200, -0.67926908500, 0.05483166300, -0.65269955400, -0.90188437000, 0.46154985580, -0.34480037000, 0.38136532870, (41) 0.00000000000, 
		-2.05746237500, -0.11489495300, 0.00000000000, -0.43038634400, 0.00000000000, 0.89024251240, (11) 0.00000000000, -13.26164731000, 0.52765564370, 0.35322428600, 0.11112613000, -0.41122135300, -0.09574709100, 0.04436625820, -1.10664407200, 0.95853967030, -0.25022625700, -0.63373835900, (41) 0.00000000000, 
		-1.75474776000, -0.13778708200, 0.00000000000, -0.66533176600, 0.00000000000, -0.23309207300, (11) 0.00000000000, -12.22115477000, 1.35046623190, 0.48000733350, -0.03900295300, 0.02921408590, 0.02999265680, -0.56924006900, -0.78318376000, 0.40981442230, -0.50651659500, -0.17972887400, (41) 0.00000000000, 
		-2.17592171000, -0.12988955500, 0.00000000000, -0.96091514900, 0.00000000000, 0.65522615220, (11) 0.00000000000, -11.95097127000, 1.01936105210, 0.76151066030, 0.41818473820, -0.82086762800, 0.27192158310, 0.12976254110, -0.07370838600, 0.69657056390, 0.06878693930, 0.46923687630, (41) 0.00000000000, 
		-1.90956948700, -0.12614998200, 0.00000000000, -1.09637349900, 0.00000000000, 0.99701458810, (11) 0.00000000000, 1.02957020730, 1.50655254590, 0.37200569240, 0.34925546770, -0.11512234600, 0.55862588830, -1.51860320200, -0.84918229800, 0.19570783310, -0.20487610300, 0.82556642320, (41) 0.00000000000, 
		-1.89547288300, -0.14210646200, 0.00000000000, -0.71223425800, 0.00000000000, 0.79102434480, (11) 0.00000000000, -13.87435574000, 1.37909255500, 0.40384504170, -0.31726663600, -0.47976480400, 0.10605213410, -0.71174131600, -0.51944724000, 0.80627934350, -0.32675443300, 0.49988952720, (41) 0.00000000000, 
		-1.99413798300, -0.16408359500, 0.00000000000, -0.68635764700, 0.00000000000, 1.39463644270, (11) 0.00000000000, -13.33846387000, 1.09369095050, -3.19176335400, -0.49490965400, -0.31708679600, 0.07347244320, -0.61693845200, -0.88352188300, 0.64013311130, 0.09201892120, 0.33861202940, (41) 0.00000000000, 
	};

	 //EN Main regression coefficients for hypertension cure/remission model
	double	HypertensionCureMainLinearPred[BOOTSTRAP_INDEX_39][CC_MAIN_LINEAR_PREDICTOR] = {
		-1.86798077000, (2) 0.00000000000, 0.53691783580, (26) 0.00000000000, 0.65908921460, 0.00000000000, -0.34926285400, -0.44396864200, -0.48420462900, (5) 0.00000000000, -0.29352607100, (17) 0.00000000000, -0.21942485700, -0.09718170000, -0.05304847700, 0.00000000000, -0.27306321100, -0.01955267600, -0.14509210700, (4) 0.00000000000, 
		-1.77309881700, (2) 0.00000000000, 0.62776859730, (26) 0.00000000000, 0.24972811020, 0.00000000000, -0.38543648500, -0.64816192500, -0.28714798200, (5) 0.00000000000, -0.15186905500, (17) 0.00000000000, -0.23282946800, -0.01082551500, 0.04063149870, 0.00000000000, -0.35649520600, -0.10290765000, -0.36764212000, (4) 0.00000000000, 
		-2.10411565900, (2) 0.00000000000, 0.58606443020, (26) 0.00000000000, 0.75974552530, 0.00000000000, -0.13930875300, -0.21421888300, -0.51062633800, (5) 0.00000000000, -0.29731560000, (17) 0.00000000000, -0.41805944700, -0.34570002200, -0.11747768000, 0.00000000000, -0.07364588200, 0.11333792280, 0.10918105090, (4) 0.00000000000, 
		-1.78826659700, (2) 0.00000000000, 0.48527580120, (26) 0.00000000000, 0.57064922570, 0.00000000000, -0.43553391000, -0.37723945100, -0.66476299200, (5) 0.00000000000, -0.16823627100, (17) 0.00000000000, -0.24848797600, -0.26117370700, 0.22670391570, 0.00000000000, -0.13784771400, -0.01576143000, -0.00660622500, (4) 0.00000000000, 
		-2.09405374100, (2) 0.00000000000, 0.48491075640, (26) 0.00000000000, 0.71165290180, 0.00000000000, -0.28406163700, -0.50067526500, -0.46729018900, (5) 0.00000000000, -0.17929197900, (17) 0.00000000000, -0.16434679500, -0.12782054100, -0.19615938900, 0.00000000000, -0.02021122200, 0.19168409070, 0.09337692680, (4) 0.00000000000, 
		-1.85024061400, (2) 0.00000000000, 0.53444932140, (26) 0.00000000000, 0.56851592850, 0.00000000000, -0.22437830400, -0.46527122700, -0.59306455400, (5) 0.00000000000, -0.10214308600, (17) 0.00000000000, -0.11816785000, -0.16645057500, -0.57477261800, 0.00000000000, -0.29375762200, -0.19656899600, -0.07165225100, (4) 0.00000000000, 
		-1.65347077100, (2) 0.00000000000, 0.47184494880, (26) 0.00000000000, 0.53859102570, 0.00000000000, -0.44174245500, -0.56140448300, -0.90595500900, (5) 0.00000000000, -0.35250190300, (17) 0.00000000000, -0.17876298700, -0.19644873800, -0.49787259100, 0.00000000000, -0.28829768000, 0.01559402780, -0.38158301200, (4) 0.00000000000, 
		-2.07280844800, (2) 0.00000000000, 0.63771540300, (26) 0.00000000000, 0.85863781280, 0.00000000000, -0.34839593200, -0.55508634900, -0.29283047400, (5) 0.00000000000, -0.23598598500, (17) 0.00000000000, -0.14661832700, -0.12464195300, -0.04996767100, 0.00000000000, -0.27969797900, 0.11649289750, -0.01527267500, (4) 0.00000000000, 
		-1.94986677100, (2) 0.00000000000, 0.60359030480, (26) 0.00000000000, 0.69385879710, 0.00000000000, -0.37208978200, -0.28401653200, -0.15436678800, (5) 0.00000000000, -0.28559102200, (17) 0.00000000000, -0.17029628500, -0.05603313300, -0.00158992900, 0.00000000000, -0.37396422800, -0.02381021100, -0.01816363700, (4) 0.00000000000, 
		-2.03128872500, (2) 0.00000000000, 0.38345118390, (26) 0.00000000000, 0.83803103500, 0.00000000000, -0.31853217300, -0.29999515000, -0.28247265100, (5) 0.00000000000, -0.37846960900, (17) 0.00000000000, -0.28650179700, -0.25959766500, 0.02690598310, 0.00000000000, -0.05132714300, 0.30879032740, 0.08741925150, (4) 0.00000000000, 
		-1.77629466500, (2) 0.00000000000, 0.58190418090, (26) 0.00000000000, 0.55747449600, 0.00000000000, -0.48412461500, -0.52963891800, -0.29856157200, (5) 0.00000000000, -0.19857365400, (17) 0.00000000000, -0.14750712700, 0.01972528330, -0.20028194700, 0.00000000000, -0.42466760900, -0.29235318700, -0.24230814000, (4) 0.00000000000, 
		-1.86753555900, (2) 0.00000000000, 0.57704840380, (26) 0.00000000000, 0.59325035170, 0.00000000000, -0.37273278200, -0.25375459500, -0.76713388900, (5) 0.00000000000, -0.42706714100, (17) 0.00000000000, 0.02477063050, 0.02537776340, -0.09658374000, 0.00000000000, -0.40712114200, -0.15237364000, -0.25911360300, (4) 0.00000000000, 
		-1.84959384200, (2) 0.00000000000, 0.31062371100, (26) 0.00000000000, 0.68823226170, 0.00000000000, -0.47914512800, -0.41270823900, -0.66591564500, (5) 0.00000000000, -0.36572514100, (17) 0.00000000000, -0.26545415300, -0.37461311500, -0.10672530800, 0.00000000000, -0.04776117000, 0.26725213290, 0.01280908600, (4) 0.00000000000, 
		-1.73747798300, (2) 0.00000000000, 0.53621089740, (26) 0.00000000000, 0.96170598170, 0.00000000000, -0.36595329900, -0.68864356000, -0.62988209300, (5) 0.00000000000, -0.27179051600, (17) 0.00000000000, -0.13940309800, -0.18607287100, 0.20477415820, 0.00000000000, -0.39142945000, -0.07116429200, -0.03272924800, (4) 0.00000000000, 
		-1.87215422100, (2) 0.00000000000, 0.50461927830, (26) 0.00000000000, 0.73804292230, 0.00000000000, -0.35355253000, -0.36605642600, -0.70973472100, (5) 0.00000000000, -0.39354934500, (17) 0.00000000000, -0.25781744400, 0.03664110100, -0.17653483700, 0.00000000000, -0.24281914600, -0.06847858000, -0.15432535300, (4) 0.00000000000, 
		-1.75456370100, (2) 0.00000000000, 0.41213261310, (26) 0.00000000000, 0.64963810090, 0.00000000000, -0.24735615000, -0.53544416700, -0.51968424300, (5) 0.00000000000, -0.00215344600, (17) 0.00000000000, -0.13719329200, -0.23319914300, -0.14101932000, 0.00000000000, -0.36813943400, -0.27579932700, -0.07994303900, (4) 0.00000000000, 
		-1.78744886300, (2) 0.00000000000, 0.63416776000, (26) 0.00000000000, 0.08722355110, 0.00000000000, -0.35778922000, -0.46826420200, -0.45240101600, (5) 0.00000000000, -0.38886826300, (17) 0.00000000000, -0.23764904900, -0.09598191200, -0.52267273900, 0.00000000000, -0.22572169700, -0.05603311100, -0.25231648700, (4) 0.00000000000, 
		-1.89437806400, (2) 0.00000000000, 0.48097037570, (26) 0.00000000000, 0.85258911050, 0.00000000000, -0.32008991800, -0.47900915300, -0.58744711900, (5) 0.00000000000, -0.48484412900, (17) 0.00000000000, -0.19419347700, -0.05835801900, -0.09945351900, 0.00000000000, -0.22120879400, 0.07559541260, -0.06885263600, (4) 0.00000000000, 
		-2.00637526900, (2) 0.00000000000, 0.62709643230, (26) 0.00000000000, 0.67387932260, 0.00000000000, -0.09254069800, -0.35106887500, -0.60815878700, (5) 0.00000000000, -0.20171830000, (17) 0.00000000000, -0.11169318200, 0.08218318990, -0.11297336400, 0.00000000000, -0.50664692500, -0.11552912400, -0.51464154400, (4) 0.00000000000, 
		-1.89413726300, (2) 0.00000000000, 0.60775722970, (26) 0.00000000000, 0.88725328850, 0.00000000000, -0.39436135100, -0.38840782500, -0.51990565400, (5) 0.00000000000, -0.46427178000, (17) 0.00000000000, -0.25747887400, -0.16121372200, 0.35786707350, 0.00000000000, -0.27396155800, -0.04333831100, -0.16218526200, (4) 0.00000000000, 
		-2.06466277300, (2) 0.00000000000, 0.57998970030, (26) 0.00000000000, 0.79789080130, 0.00000000000, -0.27431228600, -0.34959553900, 0.11576926190, (5) 0.00000000000, -0.08821424600, (17) 0.00000000000, -0.21112734100, -0.11671184200, 0.02035577200, 0.00000000000, -0.28328384600, 0.07472608440, 0.00371828520, (4) 0.00000000000, 
		-1.83634689200, (2) 0.00000000000, 0.58475083870, (26) 0.00000000000, 0.64270517860, 0.00000000000, -0.37906468300, -0.52858550800, -0.36138700000, (5) 0.00000000000, -0.22617816500, (17) 0.00000000000, 0.00412643270, -0.02454343300, -0.00914147000, 0.00000000000, -0.43475471000, -0.21725636800, -0.27109015800, (4) 0.00000000000, 
		-1.91866616700, (2) 0.00000000000, 0.59815738930, (26) 0.00000000000, 0.55648302700, 0.00000000000, -0.42233696500, -0.53837306500, -0.29700054200, (5) 0.00000000000, -0.28298366600, (17) 0.00000000000, -0.31966446800, -0.18512696600, 0.09014450720, 0.00000000000, -0.15077037400, -0.01577479400, -0.21314737300, (4) 0.00000000000, 
		-1.75801308700, (2) 0.00000000000, 0.62865488240, (26) 0.00000000000, 0.13785549670, 0.00000000000, -0.33468294200, -0.44212601300, -0.41993868300, (5) 0.00000000000, -0.29727001500, (17) 0.00000000000, -0.28252639200, -0.19224806300, -0.06255431700, 0.00000000000, -0.41934257900, -0.13823052900, -0.15609493600, (4) 0.00000000000, 
		-1.84196279100, (2) 0.00000000000, 0.67234939820, (26) 0.00000000000, 0.38321539610, 0.00000000000, -0.42816667300, -0.65905477800, -0.63893715900, (5) 0.00000000000, -0.38849976400, (17) 0.00000000000, -0.09503305400, 0.05453523150, -0.45203640900, 0.00000000000, -0.30808162300, -0.06801346600, -0.07670244700, (4) 0.00000000000, 
		-1.72099615600, (2) 0.00000000000, 0.49081116090, (26) 0.00000000000, 0.77630862250, 0.00000000000, -0.34336821100, -0.53720398700, -0.76603081200, (5) 0.00000000000, -0.23789337200, (17) 0.00000000000, -0.27308724300, -0.23357840300, 0.04243583030, 0.00000000000, -0.33050516100, -0.17035426300, -0.18557872900, (4) 0.00000000000, 
		-1.74483648000, (2) 0.00000000000, 0.45473656390, (26) 0.00000000000, 0.36352930140, 0.00000000000, -0.35871427900, -0.42390881900, -0.37849884300, (5) 0.00000000000, -0.54203186800, (17) 0.00000000000, -0.29752075800, -0.07849618300, -0.05583759900, 0.00000000000, -0.36654854400, -0.00853131300, -0.13500403000, (4) 0.00000000000, 
		-2.23537647400, (2) 0.00000000000, 0.52446921850, (26) 0.00000000000, 0.62302028910, 0.00000000000, -0.26303466900, -0.43413398900, -0.20813486000, (5) 0.00000000000, -0.22216870600, (17) 0.00000000000, 0.09047999460, 0.07164392080, -0.19971813700, 0.00000000000, -0.15818776300, 0.04960245970, -0.06876109000, (4) 0.00000000000, 
		-1.77335030800, (2) 0.00000000000, 0.48255722990, (26) 0.00000000000, 0.87285643730, 0.00000000000, -0.22621168400, -0.43815658600, -0.44204602700, (5) 0.00000000000, -0.21172955500, (17) 0.00000000000, -0.45758449300, -0.22790599700, -0.24915273600, 0.00000000000, -0.22670887500, 0.07518440640, 0.22033061270, (4) 0.00000000000, 
		-2.04614904500, (2) 0.00000000000, 0.55202035360, (26) 0.00000000000, 0.69586431320, 0.00000000000, -0.11356599100, -0.38985330800, -0.19435185300, (5) 0.00000000000, -0.43172783000, (17) 0.00000000000, -0.24867058800, -0.02543281000, -0.05250044300, 0.00000000000, -0.18488983100, 0.05309139120, -0.10984630300, (4) 0.00000000000, 
		-1.89946581300, (2) 0.00000000000, 0.51407180590, (26) 0.00000000000, 0.40500877730, 0.00000000000, -0.15319925600, -0.26911643000, -0.63218904400, (5) 0.00000000000, -0.23978825800, (17) 0.00000000000, -0.11853387900, 0.09511391510, -0.11498664000, 0.00000000000, -0.36436899800, -0.18807344700, -0.31081982300, (4) 0.00000000000, 
		-2.06508352000, (2) 0.00000000000, 0.59836071530, (26) 0.00000000000, 0.63374840530, 0.00000000000, -0.40289238500, -0.59874367000, -0.20964292300, (5) 0.00000000000, -0.29238340100, (17) 0.00000000000, -0.28567156900, -0.07156762500, 0.04270070550, 0.00000000000, -0.06633804100, 0.18828097650, 0.06706580620, (4) 0.00000000000, 
		-1.79581186300, (2) 0.00000000000, 0.59808923510, (26) 0.00000000000, 1.12568908550, 0.00000000000, -0.55699134800, -0.61311425800, -0.67872207200, (5) 0.00000000000, -0.40075767800, (17) 0.00000000000, -0.18410140300, -0.03162542600, -0.38585272300, 0.00000000000, -0.15280402500, -0.05037023000, -0.23184136200, (4) 0.00000000000, 
		-1.94470990100, (2) 0.00000000000, 0.42064385180, (26) 0.00000000000, 1.29855767640, 0.00000000000, -0.27605996100, -0.29524313000, -0.25851365800, (5) 0.00000000000, -0.20691204400, (17) 0.00000000000, -0.15333453000, -0.03098959400, 0.18980740110, 0.00000000000, -0.23155674200, -0.10877078400, -0.19000225700, (4) 0.00000000000, 
		-1.89401458500, (2) 0.00000000000, 0.64239032890, (26) 0.00000000000, 0.73173300040, 0.00000000000, -0.43005966900, -0.54391979800, -0.37260085300, (5) 0.00000000000, -0.10566058900, (17) 0.00000000000, -0.32534744200, -0.03901623600, 0.18928164160, 0.00000000000, -0.20857593800, 0.16585711220, -0.22557835200, (4) 0.00000000000, 
		-1.79247403100, (2) 0.00000000000, 0.53032805570, (26) 0.00000000000, 0.65842362290, 0.00000000000, -0.39638758500, -0.44039987700, -0.69988173200, (5) 0.00000000000, -0.37035824700, (17) 0.00000000000, -0.31118241100, -0.07088260400, 0.01814490130, 0.00000000000, -0.24843534900, -0.11594079100, -0.08448384800, (4) 0.00000000000, 
		-2.03231859400, (2) 0.00000000000, 0.53027558150, (26) 0.00000000000, 1.01696183040, 0.00000000000, -0.33627282500, -0.35205197200, -0.57356317500, (5) 0.00000000000, -0.21896026000, (17) 0.00000000000, -0.46141820300, -0.10831556900, 0.15838912930, 0.00000000000, -0.00562395300, 0.28046476570, 0.12780778730, (4) 0.00000000000, 
		-1.62389024500, (2) 0.00000000000, 0.61935238390, (26) 0.00000000000, 0.09606699330, 0.00000000000, -0.55214917400, -0.65629429000, -0.54396163800, (5) 0.00000000000, -0.35377795700, (17) 0.00000000000, -0.13322708800, -0.13864390300, -0.10327650500, 0.00000000000, -0.43981996900, -0.18334751900, -0.41028285900, (4) 0.00000000000, 
		-1.74504874000, (2) 0.00000000000, 0.45848546200, (26) 0.00000000000, 0.49945605430, 0.00000000000, -0.27501670200, -0.33551815100, -0.58545397300, (5) 0.00000000000, -0.38786802800, (17) 0.00000000000, -0.10371250500, -0.16275236600, -0.26184024600, 0.00000000000, -0.45909583900, -0.16204608100, -0.30529844100, (4) 0.00000000000, 
		-2.08453298300, (2) 0.00000000000, 0.47523579680, (26) 0.00000000000, 0.70358337280, 0.00000000000, -0.19776810000, -0.31856161200, -0.24619719900, (5) 0.00000000000, -0.20334353000, (17) 0.00000000000, -0.28678362000, -0.09407269700, -0.03787894400, 0.00000000000, -0.19156193700, 0.34083181890, -0.01240537000, (4) 0.00000000000, 
	};

	 //EN Main regression coefficients for mortality model
	double	MortalityOnsetMainLinearPred[BOOTSTRAP_INDEX_39][CC_MAIN_LINEAR_PREDICTOR] = {
		-2.43131531000, 0.00060795460, 0.00000000000, 0.68803703600, 0.00000000000, -0.45718840000, 0.00000000000, 1.15594970870, -0.22000542800, -0.11932178400, -0.10931738500, -0.18513899800, 0.00000000000, 0.56136646510, 0.33614310680, 0.22943112830, 0.00000000000, -4.17865172000, -3.89298366800, -3.50523028700, -3.80050790800, -3.11799662000, -2.73506021700, -2.51122398900, -1.89138820500, -1.66351667500, -1.03164701400, -0.68802749600, 0.00000000000, 0.10212084260, 0.49605354590, 0.00000000000, -0.21960460600, -0.25457334400, 0.10231276590, 0.00000000000, 1.39166813430, 0.00000000000, -0.06262859500, 0.00000000000, 0.38968777530, 0.00000000000, 0.94699821890, (5) 0.00000000000, -0.07200577500, -0.36718928200, -0.61544921100, -0.09236430600, 0.00000000000, 0.13611069340, 0.61174741380, (3) 0.00000000000, -0.37148823100, -0.51141768700, -0.28336111400, 0.00000000000, -0.18009429500, -0.16465690900, -0.19176389600, 0.00000000000, -0.05329666600, -0.11876154000, -0.14446377500, 
		-2.00386923100, -0.01858511400, 0.00000000000, 0.66319655770, 0.00000000000, -0.39641765400, 0.00000000000, 0.88155693260, -0.22103977600, 0.01672442090, -0.06856025300, -0.22462936100, 0.00000000000, 0.26901757630, -0.07623120400, 0.01348298370, 0.00000000000, -4.21822627100, -3.76530087200, -3.84467058500, -4.00188677800, -3.11473909200, -3.30124930600, -2.81362874500, -2.09438375900, -1.88121415100, -1.12438923500, -0.68267397200, 0.00000000000, 0.11435489070, 0.63595290870, 0.00000000000, -0.13736767400, -0.06307114300, 0.21240338420, 0.00000000000, 1.32656026000, 0.00000000000, -0.06223996900, 0.00000000000, 0.45181622980, 0.00000000000, 0.79582328160, (5) 0.00000000000, -0.08488020200, -0.44050614800, -0.53533649100, -0.30576751800, 0.00000000000, 0.11542755540, 0.73221189800, (3) 0.00000000000, -0.35899253000, -0.41539145800, 0.03062782730, 0.00000000000, -0.14962791200, -0.16349058600, -0.27701339800, 0.00000000000, 0.06602267980, -0.12924706200, -0.13698572500, 
		-2.58715008600, 0.00009882140, 0.00000000000, 0.65915190650, 0.00000000000, -0.45615761600, 0.00000000000, 1.55329743240, -0.20186805300, 0.05706942330, -0.00860006100, -0.09568334100, 0.00000000000, 0.68423304500, 0.48764730640, 0.32571101950, 0.00000000000, -4.03580215700, -4.56188792300, -3.37980478500, -3.85573171900, -2.95001142300, -2.75450009100, -2.47107098300, -1.70649612900, -1.58331229300, -1.06351103700, -0.72358606400, 0.00000000000, 0.11204628620, 0.51309951910, 0.00000000000, -0.29900896700, -0.41494209700, -0.20422544600, 0.00000000000, 1.26844272590, 0.00000000000, -0.08336496900, 0.00000000000, 0.46177681330, 0.00000000000, 0.98363446060, (5) 0.00000000000, -0.27946156300, -0.38768846700, -0.51696730200, -0.17509389600, 0.00000000000, 0.26768438790, 0.70141690210, (3) 0.00000000000, -0.41901982000, -0.73451861500, -0.79463660100, 0.00000000000, -0.12064169400, -0.24274687300, -0.13077215600, 0.00000000000, -0.02611021300, 0.02708894790, -0.23452295100, 
		-2.57508861200, -0.00571307900, 0.00000000000, 0.74188481550, 0.00000000000, -0.48558613500, 0.00000000000, 0.98901375060, -0.37287177500, -0.12310586700, -0.13293223100, -0.30840640000, 0.00000000000, 0.50516054560, 0.33415525840, 0.30514785260, 0.00000000000, -4.51898933100, -4.16197595000, -3.13225699800, -3.70492531100, -2.98657850300, -2.76090651600, -2.69209795600, -1.75886363500, -1.67474129700, -1.09905789900, -0.71366676700, 0.00000000000, 0.12046707460, 0.53821009760, 0.00000000000, -0.20227754500, -0.11331707700, 0.25496772020, 0.00000000000, 1.45671757860, 0.00000000000, 0.03677488840, 0.00000000000, 0.25072565240, 0.00000000000, 0.94481146460, (5) 0.00000000000, -0.16952316100, -0.47633554100, -0.54429730600, -0.15967084200, 0.00000000000, 0.15827052320, 0.59961227760, (3) 0.00000000000, -0.32395555700, -0.57296406000, -0.01973113700, 0.00000000000, 0.10021878360, -0.04902733400, 0.02590587680, 0.00000000000, 0.00118165940, -0.15542857900, -0.17027844700, 
		-2.46869501200, 0.02037508150, 0.00000000000, 0.75221722780, 0.00000000000, -0.43789633000, 0.00000000000, 0.78112511480, -0.56304384800, -0.36300265900, -0.13288972700, -0.34205755800, 0.00000000000, 0.58543949750, 0.45120621250, 0.29989035350, 0.00000000000, -4.52265867600, -3.85756808300, -3.49087051000, -3.82202262600, -3.26497980400, -2.63058001200, -2.19848737400, -2.04679910000, -1.80724631000, -1.08060050200, -0.67957339600, 0.00000000000, 0.11009947980, 0.39955327560, 0.00000000000, -0.30987918400, -0.24472851200, -0.29645727900, 0.00000000000, 1.37730096040, 0.00000000000, -0.02044656700, 0.00000000000, 0.49633140000, 0.00000000000, 1.06374055580, (5) 0.00000000000, -0.08404132800, -0.23700533900, -0.75576051800, -0.01714740100, 0.00000000000, 0.05017734030, 0.47444235940, (3) 0.00000000000, -0.28185719400, -0.39804310900, -0.36404829500, 0.00000000000, -0.36479732400, -0.50884932100, -0.39974594400, 0.00000000000, 0.04688907240, -0.21300052600, 0.18477429650, 
		-2.62129453600, -0.01093110900, 0.00000000000, 0.80701611840, 0.00000000000, -0.39490672600, 0.00000000000, 1.45091297980, -0.32347482400, -0.06017573300, -0.20620013000, -0.33721339600, 0.00000000000, 0.76392144620, 0.63557456870, 0.44990716480, 0.00000000000, -4.11094941400, -3.47603589900, -3.42363662800, -3.84939614200, -2.91890799600, -2.82352539300, -2.41107584700, -1.90549092300, -1.61210745700, -1.26151889300, -0.72425100300, 0.00000000000, 0.09661614750, 0.65606173880, 0.00000000000, -0.15846268600, -0.23597223300, 0.60727507990, 0.00000000000, 1.47043960370, 0.00000000000, -0.04841878500, 0.00000000000, 0.46090087200, 0.00000000000, 1.12096946040, (5) 0.00000000000, -0.08285504900, -0.24414672500, -0.51876147600, 0.34359219770, 0.00000000000, -0.01048933000, 0.43227075360, (3) 0.00000000000, -0.24969627500, -0.41170067700, -0.04115548800, 0.00000000000, -0.19062943700, -0.18592950800, -0.23690521500, 0.00000000000, -0.13662150400, -0.43178632600, -0.11714415400, 
		-2.16067790500, -0.00818273800, 0.00000000000, 0.77463638960, 0.00000000000, -0.53931607900, 0.00000000000, 1.19653975230, -0.30951212200, -0.18653184200, -0.02714573700, -0.28220854300, 0.00000000000, 0.60474876450, 0.44180429000, 0.17103072530, 0.00000000000, -3.93698008200, -4.22163110300, -3.52730027800, -3.70053884100, -2.86793528000, -2.84411504300, -2.48478178800, -1.77577988800, -1.77536775400, -0.83848313100, -0.84520497100, 0.00000000000, 0.11020585010, 0.22783771060, 0.00000000000, -0.41318125900, -0.31538038600, -0.39380172900, 0.00000000000, 1.56496864530, 0.00000000000, -0.08792470000, 0.00000000000, 0.65046321730, 0.00000000000, 1.02644594460, (5) 0.00000000000, -0.08641911700, -0.30728547100, -0.56501589400, -0.26705093200, 0.00000000000, 0.02572703150, 0.66708660270, (3) 0.00000000000, -0.43444984800, -0.69160686000, -0.40856512800, 0.00000000000, -0.40247704500, -0.49147205300, -0.29476105600, 0.00000000000, -0.04048062900, -0.33004928900, 0.06430233440, 
		-2.58508373400, -0.00974163700, 0.00000000000, 0.73548602180, 0.00000000000, -0.42820437200, 0.00000000000, 1.22610412260, -0.18942679600, -0.19438218300, -0.16430697800, -0.27678032000, 0.00000000000, 0.53623748760, 0.17796612750, 0.19005533250, 0.00000000000, -3.63135720100, -3.24867832900, -3.94186703100, -3.81150019500, -3.32411085800, -2.65657570300, -2.63773631800, -1.57036621400, -1.52158499500, -1.00530389000, -0.32048975300, 0.00000000000, 0.10769733430, 0.67353521000, 0.00000000000, -0.11545031000, -0.14318497500, 0.33184857950, 0.00000000000, 1.95782267010, 0.00000000000, -0.17273744300, 0.00000000000, 0.43669538750, 0.00000000000, 1.07788296410, (5) 0.00000000000, 0.01079096940, -0.27483255400, -0.39663020900, 0.18705993560, 0.00000000000, 0.23732605410, 0.72721247530, (3) 0.00000000000, -0.32997869100, -0.56467438400, -0.70838057900, 0.00000000000, -0.15888881200, -0.27241686900, -0.15368567600, 0.00000000000, -0.10199531000, -0.35365541000, -0.11674372200, 
		-2.64430012500, 0.00665370740, 0.00000000000, 0.60889501430, 0.00000000000, -0.19936299200, 0.00000000000, 0.58468568240, -0.29352415900, 0.03952130460, -0.17333594100, -0.32273300900, 0.00000000000, 0.77316575880, 0.46184018680, 0.36815714490, 0.00000000000, -4.43417689900, -3.51406951500, -3.54550116500, -4.27079722400, -3.37148168800, -2.69138846600, -2.49402242400, -1.94249255800, -1.63938243000, -1.11587129700, -0.58787435400, 0.00000000000, 0.13013266150, 0.38623933150, 0.00000000000, -0.14324971600, -0.27347824100, 0.24913810090, 0.00000000000, 1.79853911310, 0.00000000000, -0.19129061700, 0.00000000000, 0.50456859310, 0.00000000000, 0.87456144320, (5) 0.00000000000, -0.10317365300, -0.43026540400, -0.56976331500, -0.01122003500, 0.00000000000, 0.21915363840, 0.82542580790, (3) 0.00000000000, -0.41468478300, -0.66586814400, -0.36897662200, 0.00000000000, -0.16549286800, -0.17487837700, 0.03938752640, 0.00000000000, -0.05280403600, 0.21543798190, -0.19808866100, 
		-2.70802161200, 0.01384130000, 0.00000000000, 0.69004201460, 0.00000000000, -0.60262159200, 0.00000000000, 0.79050866390, -0.24525315400, -0.14167914800, -0.06294615900, -0.09403950700, 0.00000000000, 0.70381776360, 0.44911758060, 0.32405791040, 0.00000000000, -4.37087031100, -4.53811238200, -3.47977632100, -3.58798930000, -3.10130349800, -2.87116003000, -2.42569696400, -2.08112162200, -1.79376632000, -0.88375033500, -0.81445435500, 0.00000000000, 0.10163915750, 0.43864579050, 0.00000000000, -0.27012132900, -0.11230377200, -0.08941559500, 0.00000000000, 1.18199284160, 0.00000000000, 0.05475974770, 0.00000000000, 0.47081303840, 0.00000000000, 0.81337119480, (5) 0.00000000000, -0.01793380800, -0.41732901900, -0.60934480800, 0.26571668940, 0.00000000000, 0.23300933990, 0.76808118860, (3) 0.00000000000, -0.37307487100, -0.52943476600, -0.25219023700, 0.00000000000, -0.17989597000, -0.22689127600, -0.29780172700, 0.00000000000, -0.13120968200, -0.09563268600, -0.06088210500, 
		-2.21873645700, -0.00977562800, 0.00000000000, 0.67114203310, 0.00000000000, -0.34836881400, 0.00000000000, 1.65546074100, -0.29511933700, -0.09833449800, -0.11319922600, -0.11325199300, 0.00000000000, 0.45469180870, 0.15371909590, 0.13432768910, 0.00000000000, -4.29759298300, -4.20287006000, -3.58099901300, -3.75141396900, -3.39392762300, -2.75472739100, -2.89646319300, -1.86897867700, -1.68931770300, -1.03547004900, -0.73867315000, 0.00000000000, 0.08989055480, 0.81018263030, 0.00000000000, -0.05692764900, -0.21968864200, 0.31277233080, 0.00000000000, 1.37323155090, 0.00000000000, -0.08800728400, 0.00000000000, 0.25902526950, 0.00000000000, 0.93968884620, (5) 0.00000000000, -0.00723758700, -0.34524053000, -0.50761894800, -0.19839753800, 0.00000000000, 0.14124844890, 0.53073581560, (3) 0.00000000000, -0.40131498100, -0.41245275100, -0.27247726000, 0.00000000000, -0.26593431800, -0.19450421700, -0.36931438800, 0.00000000000, -0.01062497500, -0.32254044500, -0.14500800200, 
		-2.49686650600, -0.00069291000, 0.00000000000, 0.56471130280, 0.00000000000, -0.70480014900, 0.00000000000, 0.96605347030, -0.06336249300, -0.11774720700, 0.02720364080, -0.07612523100, 0.00000000000, 0.62169331090, 0.44933229400, 0.33514943340, 0.00000000000, -4.09615490400, -3.57553919600, -3.46378685200, -3.77856205500, -3.61984084300, -2.55915391800, -2.55045749400, -1.75092964000, -1.50436295400, -1.12161724700, -0.73076023400, 0.00000000000, 0.09550182970, 0.19366677900, 0.00000000000, -0.13516540300, -0.15458734400, 0.28034399050, 0.00000000000, 1.45820560320, 0.00000000000, -0.02282281900, 0.00000000000, 0.43468963520, 0.00000000000, 0.89357385830, (5) 0.00000000000, -0.20546698800, -0.48685401900, -0.61921226800, -0.19626554800, 0.00000000000, 0.05548132090, 0.67222144350, (3) 0.00000000000, -0.29146767600, -0.50987161600, -0.36408205600, 0.00000000000, -0.05754313300, -0.08165218500, -0.09098891500, 0.00000000000, -0.24299508600, -0.44231017200, -0.14798724300, 
		-2.39282279000, -0.01022832400, 0.00000000000, 0.59987603980, 0.00000000000, -0.22821532100, 0.00000000000, 0.84880325080, -0.39789233300, -0.15310575200, -0.13216001400, -0.28208395400, 0.00000000000, 0.54641313010, 0.40048922950, 0.26618154870, 0.00000000000, -5.40591168800, -4.14161773100, -4.82801462400, -3.63568999200, -3.11102967000, -2.73676554600, -2.71350726400, -2.06195644100, -1.70534968800, -1.16457811300, -0.68242579000, 0.00000000000, 0.10979986110, 0.74201253420, 0.00000000000, -0.17758888300, -0.32107179100, 0.06838267810, 0.00000000000, 1.56816182200, 0.00000000000, -0.08502495800, 0.00000000000, 0.52841229250, 0.00000000000, 0.83343177670, (5) 0.00000000000, 0.07961422240, -0.17277919200, -0.21594528100, -0.12404226500, 0.00000000000, 0.04429580250, 0.61744548330, (3) 0.00000000000, -0.37038325300, -0.65446248200, 0.03502361630, 0.00000000000, -0.16967341900, -0.26149807200, -0.00222492800, 0.00000000000, 0.03523455010, -0.23186280700, -0.15177203700, 
		-2.26933011500, -0.00951296900, 0.00000000000, 0.55491412560, 0.00000000000, -0.08651762900, 0.00000000000, 0.62018521310, -0.05978926500, 0.04463604310, -0.02923339900, -0.18488079900, 0.00000000000, 0.55279179830, 0.38862280010, 0.02784802970, 0.00000000000, -4.16473953900, -4.13306684000, -4.07610322900, -4.65274817500, -3.22887144200, -2.75656782200, -2.55671686800, -2.03566852200, -2.00299283100, -1.10836419300, -0.89946261700, 0.00000000000, 0.07811701300, 0.28476820220, 0.00000000000, -0.24786227400, -0.25245013700, -0.19599626100, 0.00000000000, 1.57834512280, 0.00000000000, -0.03654301800, 0.00000000000, 0.32617249440, 0.00000000000, 0.86508514000, (5) 0.00000000000, -0.21684727400, -0.50634878700, -0.69226285200, -0.19789598200, 0.00000000000, 0.17458717560, 0.64097054880, (3) 0.00000000000, -0.40585418400, -0.50824031700, -0.16043368600, 0.00000000000, -0.00066248400, -0.02016093700, -0.05723495300, 0.00000000000, 0.01333679630, 0.01407511650, -0.17131798000, 
		-2.55711721500, 0.00442255260, 0.00000000000, 0.65341625690, 0.00000000000, -0.46518267900, 0.00000000000, 1.65739202130, -0.07714329900, 0.19658862150, 0.00398726460, -0.07339479200, 0.00000000000, 0.47104314500, 0.21421888420, 0.06153396170, 0.00000000000, -4.34567144100, -3.52476318000, -3.54212692500, -3.90554432100, -3.06934629000, -2.54825557500, -2.15122235100, -1.71527718800, -1.78527791000, -1.17252525900, -0.80012926900, 0.00000000000, 0.07970067950, 0.92300097350, 0.00000000000, -0.10751912200, -0.04883640500, 0.12308491870, 0.00000000000, 1.26631392950, 0.00000000000, -0.04675306000, 0.00000000000, 0.49355545860, 0.00000000000, 1.03716537420, (5) 0.00000000000, -0.16279578900, -0.36210268800, -0.69990810700, -0.18941830600, 0.00000000000, 0.15709140670, 0.52467323290, (3) 0.00000000000, -0.52566836900, -0.59160262600, -0.45041779900, 0.00000000000, 0.01864626990, 0.05496656060, 0.13718714890, 0.00000000000, -0.06384748800, 0.02598439070, -0.50623542600, 
		-2.64083103900, -0.00715180800, 0.00000000000, 0.71541573560, 0.00000000000, -0.51933467000, 0.00000000000, 1.71954575700, 0.00430897040, 0.28098281660, -0.03204383800, 0.01417469780, 0.00000000000, 0.60517482910, 0.32616979240, 0.18378351360, 0.00000000000, -4.08375641500, -4.30553878400, -3.68903128800, -3.89550346800, -3.19479305600, -2.55432003000, -2.31070571700, -1.92565466500, -1.63088376400, -1.13890370900, -0.58342738800, 0.00000000000, 0.10779862190, 0.63146003210, 0.00000000000, -0.23259923200, -0.26331353900, 0.14857470660, 0.00000000000, 1.51047721840, 0.00000000000, 0.01000795450, 0.00000000000, 0.29675561480, 0.00000000000, 1.00276630180, (5) 0.00000000000, -0.25585307500, -0.35146565000, -0.77890397700, -0.11521232100, 0.00000000000, 0.29966132250, 0.70193714320, (3) 0.00000000000, -0.49146915400, -0.74807852700, -0.21437338500, 0.00000000000, -0.20403325000, -0.08272585700, -0.11649235800, 0.00000000000, -0.04852770700, 0.04524245470, -0.16574128200, 
		-2.52681420300, -0.00856300700, 0.00000000000, 0.64568658840, 0.00000000000, -0.56124859100, 0.00000000000, 1.60565570260, -0.12072846300, -0.07504661300, 0.05739453520, 0.01354452030, 0.00000000000, 0.58463269340, 0.35923966360, 0.28851749120, 0.00000000000, -3.89796658000, -3.66258084400, -3.71264742000, -3.81411032800, -3.45510907000, -2.41170808600, -2.27209624200, -1.85899110800, -1.38326946500, -1.03995406300, -0.49258172800, 0.00000000000, 0.10302470120, 0.70456266550, 0.00000000000, -0.02972927800, -0.13806699500, 0.17703894940, 0.00000000000, 1.41489377810, 0.00000000000, -0.10116913700, 0.00000000000, 0.27106680060, 0.00000000000, 0.89924710880, (5) 0.00000000000, -0.17799893800, -0.65982843900, -0.69689364600, -0.33216900100, 0.00000000000, 0.36618021960, 0.64860473750, (3) 0.00000000000, -0.39995183900, -0.58127819300, -0.79157826000, 0.00000000000, -0.27543147800, -0.30349620400, -0.35349939100, 0.00000000000, 0.02122499690, -0.10160698300, -0.09946885200, 
		-2.29688955400, -0.00877876000, 0.00000000000, 0.46009951060, 0.00000000000, -0.58080610500, 0.00000000000, 1.59509381690, -0.11359260400, -0.03454006500, -0.10681053500, -0.13628302600, 0.00000000000, 0.49642940230, 0.32841098580, 0.17757621240, 0.00000000000, -4.68624833300, -4.74014767500, -4.09842880900, -3.83917882900, -2.96661730600, -3.21083868000, -2.51976704600, -1.95170265200, -1.85539557000, -1.14286217700, -1.04819009900, 0.00000000000, 0.07895288410, 0.75231514070, 0.00000000000, -0.16259124600, -0.10833324600, -0.11048141500, 0.00000000000, 1.25862502140, 0.00000000000, -0.13660582000, 0.00000000000, 0.37442939640, 0.00000000000, 0.90950853800, (5) 0.00000000000, 0.05179516940, -0.13429611200, -0.42497428500, -0.04135719600, 0.00000000000, 0.12002983540, 0.44984718450, (3) 0.00000000000, -0.32946184400, -0.38927331700, -0.36502785100, 0.00000000000, -0.15748563100, -0.02957734200, -0.04472741200, 0.00000000000, -0.03363893500, -0.39526288000, -0.06651219900, 
		-2.33325159200, 0.00199994920, 0.00000000000, 0.84883061910, 0.00000000000, -0.21573063400, 0.00000000000, 1.14875925010, -0.22369464100, -0.07309158000, -0.02453236700, -0.20014053100, 0.00000000000, 0.38460398080, 0.07511651680, 0.04506650520, 0.00000000000, -4.65667438100, -4.52697750500, -3.41411469600, -4.60249822400, -3.89703901100, -3.10656002500, -2.97192977500, -2.17077408500, -1.90055300600, -1.24029536100, -0.66341140800, 0.00000000000, 0.09694197950, 0.62747817390, 0.00000000000, -0.38832835300, -0.11838851300, 0.07991554370, 0.00000000000, 1.41175425030, 0.00000000000, -0.12904974700, 0.00000000000, 0.49442631710, 0.00000000000, 1.06783596570, (5) 0.00000000000, 0.00031891950, -0.18983195800, -0.63932628100, 0.08903179560, 0.00000000000, 0.02329470370, 0.75637000440, (3) 0.00000000000, -0.46138317500, -0.44009338600, -0.12685372400, 0.00000000000, -0.26425140200, -0.22928516900, -0.28406007100, 0.00000000000, 0.03713126530, 0.16347153400, -0.21054042800, 
		-2.59717324300, 0.01056471470, 0.00000000000, 0.67210147860, 0.00000000000, -0.70993041300, 0.00000000000, 1.50361990620, -0.34021456800, -0.27043678900, -0.27751585200, -0.27657902700, 0.00000000000, 0.77888863790, 0.67817634030, 0.48839142970, 0.00000000000, -4.12153794900, -4.34008202200, -3.90773365100, -3.88061792300, -3.27341792300, -2.43896050000, -2.66292809500, -1.86726103600, -1.58995641200, -1.03208017000, -0.58590947600, 0.00000000000, 0.09090813010, 0.43521761400, 0.00000000000, -0.21992960600, -0.24372675800, 0.01509685730, 0.00000000000, 1.37673309750, 0.00000000000, -0.19143921400, 0.00000000000, 0.61555908280, 0.00000000000, 0.92811346300, (5) 0.00000000000, -0.08409356000, -0.29737521100, -0.41112608000, -0.18480633300, 0.00000000000, 0.05961422290, 0.68514287180, (3) 0.00000000000, -0.31996871600, -0.34758400400, -0.22588619700, 0.00000000000, -0.31611182200, -0.30214416600, -0.34906500200, 0.00000000000, -0.02014858400, 0.00268415990, -0.15117567800, 
		-2.17906696900, 0.00401485760, 0.00000000000, 0.70004533290, 0.00000000000, -0.32040094200, 0.00000000000, 1.32176316990, -0.27120812200, -0.20166562800, -0.27035772100, -0.32050517300, 0.00000000000, 0.60534483290, 0.37168095580, 0.23727085890, 0.00000000000, -4.26321728800, -3.83306535000, -3.82875909500, -3.78675437600, -3.28417185400, -2.73532378800, -2.62696994000, -2.23093807400, -1.93873696600, -0.94660491400, -0.62337935000, 0.00000000000, 0.09796167480, 0.29787902450, 0.00000000000, -0.28753328700, -0.14482456700, 0.07224618410, 0.00000000000, 1.68665304870, 0.00000000000, -0.29510733400, 0.00000000000, 0.43678288930, 0.00000000000, 0.93932330770, (5) 0.00000000000, -0.05165895900, -0.22750149800, -0.46604957000, 0.21941472310, 0.00000000000, 0.13325131240, 0.63233893670, (3) 0.00000000000, -0.43565782700, -0.49449577400, -0.23165615300, 0.00000000000, -0.41054932900, -0.40928922500, -0.34881348500, 0.00000000000, -0.10129654400, -0.10981643500, -0.26706451800, 
		-2.21210468600, -0.00301709000, 0.00000000000, 0.64767333270, 0.00000000000, -0.24162975300, 0.00000000000, 0.51857539100, -0.34293156800, -0.17330730900, -0.20016742000, -0.24985683300, 0.00000000000, 0.48720503290, 0.20808441010, 0.04056943040, 0.00000000000, -4.17565441200, -3.92356333100, -3.65510614600, -3.73497080900, -3.09007035500, -2.66568537200, -2.37678199100, -2.07213522300, -1.71945717100, -1.15290712600, -0.66523715500, 0.00000000000, 0.10539826120, 0.53632636380, 0.00000000000, -0.12182798700, -0.17001309800, 0.28316583550, 0.00000000000, 1.35750960300, 0.00000000000, -0.07934806200, 0.00000000000, 0.43226748870, 0.00000000000, 1.04015997050, (5) 0.00000000000, -0.09090290600, -0.41902254300, -0.70853900100, 0.01066932030, 0.00000000000, 0.11480312340, 0.67612795110, (3) 0.00000000000, -0.40844381400, -0.39277891200, 0.03468737110, 0.00000000000, -0.14742106300, -0.36802954200, -0.27571938800, 0.00000000000, -0.08263221400, -0.13299400800, -0.18043411200, 
		-2.21460314800, -0.00649166100, 0.00000000000, 0.58004874800, 0.00000000000, -0.52730857400, 0.00000000000, 1.58219957360, -0.26886202600, -0.04095725800, 0.01274912980, -0.05884831000, 0.00000000000, 0.51072094650, 0.37861196600, 0.05236761010, 0.00000000000, -3.89765129500, -4.45589850400, -3.77649250800, -4.02601222500, -2.82451270400, -2.55097867800, -2.54911432500, -1.90057842400, -1.68709530900, -1.13757311500, -0.67396320300, 0.00000000000, 0.08363339000, 0.41437935960, 0.00000000000, -0.18211526200, -0.23799281500, -0.21932046300, 0.00000000000, 1.26003885080, 0.00000000000, -0.00778599700, 0.00000000000, 0.33485798220, 0.00000000000, 0.81870695120, (5) 0.00000000000, -0.04945583000, -0.55026262700, -0.61837443400, -0.40928158500, 0.00000000000, 0.23990356780, 0.68737692940, (3) 0.00000000000, -0.40658929100, -0.55403904300, -0.13459326200, 0.00000000000, -0.26289258600, -0.37351523600, -0.45076672500, 0.00000000000, 0.03846054240, -0.01677823000, 0.01814378400, 
		-2.36453936700, -0.00046786000, 0.00000000000, 0.69659671980, 0.00000000000, -0.29641273800, 0.00000000000, 0.35039950720, -0.06789187200, -0.25704524100, -0.14084446600, -0.23422077800, 0.00000000000, 0.49072063810, 0.31283955070, 0.12367308000, 0.00000000000, -3.67836606600, -3.43274964300, -3.88655152000, -3.96580837900, -2.74825300000, -2.59636239900, -2.53921802600, -2.17263194000, -2.28102869000, -1.01320280500, -0.76421740800, 0.00000000000, 0.12204170330, 0.22579254710, 0.00000000000, -0.24888405800, -0.36518279300, -0.13080338700, 0.00000000000, 1.47538124950, 0.00000000000, -0.18715382400, 0.00000000000, 0.43752196890, 0.00000000000, 1.00571580040, (5) 0.00000000000, 0.17507624300, -0.26413747100, -0.49062790900, -0.15086010500, 0.00000000000, 0.03580792450, 0.61655096820, (3) 0.00000000000, -0.31132172900, -0.48294666400, -0.01726429000, 0.00000000000, -0.11027477400, -0.16633772300, -0.34407436500, 0.00000000000, -0.07442706500, 0.00272684040, -0.22065936600, 
		-2.11976530100, -0.00511119000, 0.00000000000, 0.77140725470, 0.00000000000, -0.54870927100, 0.00000000000, 0.65298579660, -0.34517109100, -0.21192287000, -0.10800560300, -0.20139406600, 0.00000000000, 0.53593025300, 0.32642026760, 0.22721544040, 0.00000000000, -4.69390527600, -3.98800019400, -2.96804110400, -3.47963736600, -2.93244123700, -2.57195128900, -2.30922905300, -1.91861275000, -1.80284717200, -1.12554694200, -0.78076653700, 0.00000000000, 0.09643883950, 0.41428676050, 0.00000000000, -0.25826402300, -0.21945840400, -0.10106183000, 0.00000000000, 1.35528329270, 0.00000000000, -0.07207084500, 0.00000000000, 0.40478264450, 0.00000000000, 1.09145262250, (5) 0.00000000000, -0.18854240500, -0.32749601400, -0.63337362100, -0.19212126500, 0.00000000000, 0.01899273600, 0.49565245090, (3) 0.00000000000, -0.50328323500, -0.87826481300, -0.11498494900, 0.00000000000, -0.29073897800, -0.21015615700, -0.00866109200, 0.00000000000, -0.06890119100, -0.14759608600, -0.13749663700, 
		-2.48591709300, -0.03210875300, 0.00000000000, 0.58716920380, 0.00000000000, -0.63098630300, 0.00000000000, 1.38727611060, 0.00163998640, 0.12089002620, 0.17082121670, 0.01259722230, 0.00000000000, 0.55825516840, 0.45700229820, 0.29994741450, 0.00000000000, -3.98736389300, -3.76795156200, -3.71152914600, -3.99784564100, -3.26062805800, -2.91776416100, -2.22144976000, -1.82683268800, -1.54972022200, -1.06711001600, -0.70901409700, 0.00000000000, 0.16445378990, 0.31567517520, 0.00000000000, -0.00553519700, -0.00689472200, 0.48206422970, 0.00000000000, 1.48731615640, 0.00000000000, -0.21234454300, 0.00000000000, 0.40795307880, 0.00000000000, 1.09353952230, (5) 0.00000000000, -0.31758377300, -0.47306857700, -0.54001598700, -0.23530310000, 0.00000000000, 0.26633615400, 0.83343120790, (3) 0.00000000000, -0.33563038200, -0.51900257800, -0.26823815100, 0.00000000000, -0.26757124400, -0.19797492400, -0.15916027500, 0.00000000000, -0.02187006000, 0.03140739500, -0.06778055300, 
		-2.24909156500, 0.00937906810, 0.00000000000, 0.73803751310, 0.00000000000, -0.16127230100, 0.00000000000, 0.85783778140, -0.27245197200, -0.00518545300, -0.03345877400, -0.07077706100, 0.00000000000, 0.43319675740, 0.22139440580, -0.06920268500, 0.00000000000, -3.86733565800, -4.28166563500, -3.42161283000, -4.01129634200, -3.47440233500, -2.62509817200, -2.40239575000, -2.07046946900, -1.79514427800, -1.21944450400, -0.72793613300, 0.00000000000, 0.10949246400, 0.34134869480, 0.00000000000, -0.35351500900, -0.44252710500, -0.29981343300, 0.00000000000, 1.14168896690, 0.00000000000, 0.00829164710, 0.00000000000, 0.64189317930, 0.00000000000, 0.82074918940, (5) 0.00000000000, -0.13375118200, -0.54934461000, -0.70385684900, -0.15180321200, 0.00000000000, 0.21555218860, 0.63007188100, (3) 0.00000000000, -0.31346176600, -0.53011015000, -0.22821883700, 0.00000000000, -0.23833546000, -0.31963777400, -0.36256053600, 0.00000000000, 0.08904500680, -0.03281222500, -0.08298037100, 
		-2.29043303700, 0.00063131320, 0.00000000000, 0.60824287230, 0.00000000000, -0.44726718700, 0.00000000000, 1.37906819310, -0.17261913300, -0.19344489400, -0.08513792700, -0.08287408900, 0.00000000000, 0.42958533460, 0.17076445480, 0.20187186340, 0.00000000000, -4.02424391600, -3.50569160300, -3.28620985100, -3.23290828800, -2.69936304500, -2.34418704600, -2.13188168100, -1.69174463300, -1.39019195600, -0.90007359000, -0.52602389900, 0.00000000000, 0.09628869820, 0.78819866060, 0.00000000000, -0.20246148100, -0.30225522600, 0.15727297730, 0.00000000000, 1.22278602880, 0.00000000000, 0.10032204740, 0.00000000000, 0.49303864640, 0.00000000000, 1.01831638760, (5) 0.00000000000, -0.29953307400, -0.56986004800, -0.58586537300, -0.17862379300, 0.00000000000, 0.13852308840, 0.69887378170, (3) 0.00000000000, -0.38292385300, -0.44294200600, -0.69096433300, 0.00000000000, -0.30827299500, -0.18808025100, -0.45378003300, 0.00000000000, -0.14782293200, -0.18373395400, -0.16947059100, 
		-2.67474976800, 0.00409121290, 0.00000000000, 0.58283590610, 0.00000000000, -0.66170224800, 0.00000000000, 0.86223267220, -0.32283111400, -0.07721382400, -0.26710861200, -0.14446950100, 0.00000000000, 0.88507615600, 0.62771878080, 0.50341269190, 0.00000000000, -4.03081504500, -3.78446100200, -3.78750784800, -3.83618616400, -3.34532286300, -3.18090004300, -2.78084158900, -2.05660127200, -2.00079284100, -1.23947368400, -0.90300606000, 0.00000000000, 0.07043613080, 0.37553265030, 0.00000000000, -0.13303101600, -0.18840975000, -0.30228154900, 0.00000000000, 1.35306316740, 0.00000000000, -0.21390414400, 0.00000000000, 0.32131240220, 0.00000000000, 1.09792628970, (5) 0.00000000000, 0.14819430160, -0.25747326300, -0.34479409100, 0.09625339470, 0.00000000000, 0.11470283100, 0.68141771570, (3) 0.00000000000, -0.30421769500, -0.48921595700, -0.33111731100, 0.00000000000, -0.22362310500, -0.24938278000, -0.28857715900, 0.00000000000, 0.01748427110, 0.02587856460, 0.03091494000, 
		-2.27524582000, 0.00625586140, 0.00000000000, 0.75378038670, 0.00000000000, -0.48312676200, 0.00000000000, 0.95393871150, -0.19363962800, -0.25379417000, -0.02311324100, -0.19859852400, 0.00000000000, 0.55182644950, 0.27379573320, 0.11386234510, 0.00000000000, -3.98805754400, -4.24113603500, -3.78356203600, -3.92914538800, -3.14122890300, -2.56666748600, -2.73834754400, -2.10764282400, -1.90622269800, -1.13112852900, -0.99560450500, 0.00000000000, 0.09609543800, 0.42494447070, 0.00000000000, -0.16432616100, -0.37589182500, 0.15340743520, 0.00000000000, 1.04570487490, 0.00000000000, -0.22663675400, 0.00000000000, 0.62932510180, 0.00000000000, 1.03613082870, (5) 0.00000000000, 0.07777617090, -0.32212832900, -0.68669525700, 0.03391311210, 0.00000000000, 0.10749835830, 0.58849742650, (3) 0.00000000000, -0.32674765100, -0.63675299300, -0.39036946700, 0.00000000000, -0.17982307900, -0.35818009200, -0.40537515900, 0.00000000000, -0.06038425000, -0.11324393500, -0.27449595900, 
		-2.81239101400, -0.00606520500, 0.00000000000, 0.87400588030, 0.00000000000, -0.28981601800, 0.00000000000, 1.34927646660, -0.34286488000, -0.00029958000, -0.11634393800, -0.15791452400, 0.00000000000, 0.72825559440, 0.50459204930, 0.40369858740, 0.00000000000, -4.51896302900, -4.21523994000, -3.30166719000, -4.06558201000, -2.97111858100, -2.72294442100, -2.52961027700, -2.11690137100, -1.73240416800, -0.93724877400, -0.68288934900, 0.00000000000, 0.09676366220, 0.45007961640, 0.00000000000, -0.11348118800, -0.27581199300, 0.36771315810, 0.00000000000, 1.56129214300, 0.00000000000, -0.15286084300, 0.00000000000, 0.34030540160, 0.00000000000, 1.07451311070, (5) 0.00000000000, -0.03456491900, -0.31016054100, -0.67823024500, 0.07994133430, 0.00000000000, 0.05922368670, 0.48914186200, (3) 0.00000000000, -0.33374443200, -0.38867549300, 0.03972017900, 0.00000000000, -0.09050635200, -0.09985261800, -0.00745791800, 0.00000000000, 0.05459442770, -0.14534202000, -0.31419842500, 
		-1.91545196700, -0.02229507300, 0.00000000000, 0.70007101580, 0.00000000000, -0.34986678700, 0.00000000000, 0.50125783300, -0.27983787100, -0.25639871800, -0.08812898100, -0.19145475000, 0.00000000000, 0.51239654970, 0.13669846760, -0.06863257800, 0.00000000000, -5.38727251800, -3.85874957900, -3.08925941800, -3.79089679500, -3.30734673300, -2.91575349900, -2.49689380100, -1.89577255600, -1.89127375600, -1.21301773100, -0.68653664000, 0.00000000000, 0.13721189580, 0.52791017770, 0.00000000000, -0.21328628400, -0.34957112800, -0.10856339700, 0.00000000000, 1.33110634130, 0.00000000000, 0.00805636760, 0.00000000000, 0.45928433530, 0.00000000000, 0.80208430630, (5) 0.00000000000, -0.09010328000, -0.45627815700, -0.65619819700, -0.17623037100, 0.00000000000, 0.16334194030, 0.61006481510, (3) 0.00000000000, -0.42322108600, -0.48400076200, -0.40207474600, 0.00000000000, -0.27081790700, -0.22418192900, -0.46782876100, 0.00000000000, -0.08829330900, -0.20644503600, -0.16569726800, 
		-2.57593251100, -0.00045456900, 0.00000000000, 0.69070978180, 0.00000000000, -0.66143270900, 0.00000000000, 1.41402544180, -0.15195403000, -0.09316224900, 0.05142430390, -0.14443377800, 0.00000000000, 0.73161527440, 0.51050565850, 0.18083576540, 0.00000000000, -4.00113615500, -3.34249591600, -3.42428648000, -3.69774088000, -3.16541282200, -2.52064763300, -2.07546025300, -1.68986688900, -1.53220557100, -1.07253497100, -0.74613061000, 0.00000000000, 0.09782367680, 0.67933412190, 0.00000000000, -0.30287237800, -0.33766109600, 0.07081942210, 0.00000000000, 1.24398277000, 0.00000000000, 0.09914532560, 0.00000000000, 0.28722050200, 0.00000000000, 0.95944890990, (5) 0.00000000000, -0.10422424100, -0.44352827500, -0.68143864100, -0.40587978400, 0.00000000000, 0.20343941320, 0.60855938390, (3) 0.00000000000, -0.32783704100, -0.52577793300, -0.30097444600, 0.00000000000, -0.24581164000, -0.27049968300, -0.32095833800, 0.00000000000, -0.04504606100, -0.18103440200, -0.39475982500, 
		-2.31887880700, -0.00237072700, 0.00000000000, 0.63467582280, 0.00000000000, -0.26983417300, 0.00000000000, 1.37204849330, -0.23640365300, 0.01586925580, -0.17129963000, -0.19946792900, 0.00000000000, 0.49018309480, 0.22314748780, 0.25074769120, 0.00000000000, -4.28386671100, -4.11573610100, -3.36052032000, -4.01821247900, -3.41627485600, -3.06660267800, -3.08483609500, -1.94285744500, -1.98251237000, -1.21251607800, -0.78139574400, 0.00000000000, 0.12218529440, 0.53411883620, 0.00000000000, -0.18666326400, -0.17370894000, 0.06427824950, 0.00000000000, 1.46388768810, 0.00000000000, -0.17333795600, 0.00000000000, 0.41955334900, 0.00000000000, 1.06457160900, (5) 0.00000000000, 0.00220101450, -0.32648294100, -0.57842248400, 0.06974325100, 0.00000000000, 0.20702326660, 0.61570311640, (3) 0.00000000000, -0.45603905900, -0.53342433100, -0.77624782000, 0.00000000000, -0.06857097100, -0.21459864000, 0.03149901080, 0.00000000000, -0.08157999700, -0.24672653700, -0.28669348300, 
		-2.40495894400, 0.00695402640, 0.00000000000, 0.64779673880, 0.00000000000, -0.59405604300, 0.00000000000, 1.14829076170, -0.24263315200, -0.19366996000, -0.09954092200, -0.17425990100, 0.00000000000, 0.67814567220, 0.52730856580, 0.26298199580, 0.00000000000, -4.36461157300, -4.06353943600, -3.47867080500, -4.19687070600, -3.44676236900, -2.56654773200, -2.56910918100, -2.02577704800, -1.67971608400, -1.13000831800, -0.83910054100, 0.00000000000, 0.09075146530, 0.62785826020, 0.00000000000, -0.11051839500, -0.35765563900, -0.09590401400, 0.00000000000, 1.34082909290, 0.00000000000, -0.08897518800, 0.00000000000, 0.36816460530, 0.00000000000, 0.84238053110, (5) 0.00000000000, -0.28606127200, -0.59095592300, -0.71653285500, -0.06600735900, 0.00000000000, 0.18119919610, 0.72519439380, (3) 0.00000000000, -0.29430007400, -0.52709197300, -0.27839726900, 0.00000000000, -0.18609253100, -0.11084752200, -0.25358638700, 0.00000000000, -0.07239060200, -0.00734655200, -0.06221997800, 
		-2.09680882400, -0.00000739861, 0.00000000000, 0.73568206780, 0.00000000000, -0.56624607100, 0.00000000000, 1.18542041400, -0.41834972500, -0.27797427000, -0.22799225400, -0.30359900300, 0.00000000000, 0.21971843030, -0.16674145100, -0.22282175200, 0.00000000000, -3.82726046900, -3.55752218800, -2.74251355500, -3.67790280700, -2.87928177500, -2.53280548700, -2.73094352900, -1.76423331000, -1.46199875700, -0.91184566100, -0.52586006300, 0.00000000000, 0.11397147040, 0.57112818410, 0.00000000000, -0.32950078700, -0.41313499100, -0.09000004400, 0.00000000000, 1.55687447990, 0.00000000000, 0.03982430660, 0.00000000000, 0.57148595780, 0.00000000000, 1.08316858410, (5) 0.00000000000, -0.13243335900, -0.34555129900, -0.81678319600, -0.21168928800, 0.00000000000, 0.05361837890, 0.49980669440, (3) 0.00000000000, -0.27629366300, -0.28408105200, -0.46884617600, 0.00000000000, -0.12304409100, -0.13029661200, -0.09917269000, 0.00000000000, -0.05326302100, -0.45725417200, -0.06478815100, 
		-2.75305916800, 0.00320258860, 0.00000000000, 0.71180938560, 0.00000000000, -0.32789002700, 0.00000000000, 1.32686396820, -0.07631211500, 0.21594897760, 0.00121761810, -0.03904432500, 0.00000000000, 0.65741252930, 0.46590193160, 0.25567898310, 0.00000000000, -5.17346313600, -4.57639345700, -4.21682898600, -3.92271756500, -3.10833357700, -2.86352000100, -2.25608500900, -1.86930692200, -1.80898883900, -1.23196951300, -0.91753835600, 0.00000000000, 0.09292964490, 0.50711742630, 0.00000000000, -0.34955879700, -0.23698973500, -0.25413431300, 0.00000000000, 1.30889382930, 0.00000000000, -0.11234610200, 0.00000000000, 0.34309081350, 0.00000000000, 1.03875750710, (5) 0.00000000000, 0.03641153110, -0.26844782700, -0.43243217300, 0.28360579150, 0.00000000000, 0.14902071840, 0.50073725890, (3) 0.00000000000, -0.43849066200, -0.55639622700, -0.50200831700, 0.00000000000, -0.11507981000, -0.09715210100, -0.17229057700, 0.00000000000, 0.04417201900, 0.01012451390, -0.01100073200, 
		-2.70662635600, 0.01830056770, 0.00000000000, 0.55367478760, 0.00000000000, -0.25202701800, 0.00000000000, 0.25269854810, -0.40479786400, -0.20068260200, -0.24002019800, -0.17719083600, 0.00000000000, 0.51367851470, 0.26870523150, 0.20223748450, 0.00000000000, -4.39646336700, -3.51580465600, -3.57779047000, -4.47893663000, -3.05581990500, -2.63961816500, -2.68066843000, -1.62193974300, -1.52385073700, -0.86917825900, -0.67524057800, 0.00000000000, 0.10458259160, 0.56458270180, 0.00000000000, -0.25122200000, -0.00451078900, 0.23600500480, 0.00000000000, 1.75297127890, 0.00000000000, -0.11190964800, 0.00000000000, 0.46538032710, 0.00000000000, 0.97747876440, (5) 0.00000000000, -0.01506567500, -0.24728109000, -0.45692964500, 0.13473455860, 0.00000000000, 0.16650801100, 0.60252320340, (3) 0.00000000000, -0.38486793100, -0.59426187800, -0.16163696900, 0.00000000000, -0.13025709800, 0.04987714000, -0.10065474400, 0.00000000000, -0.15948692100, -0.06269464600, -0.22646780200, 
		-1.98385680500, -0.00766833400, 0.00000000000, 0.76829824640, 0.00000000000, -0.37687091200, 0.00000000000, 0.86681652440, -0.05675477900, 0.07221381000, -0.04464588300, -0.22168890200, 0.00000000000, 0.43265652340, 0.04146202370, -0.10807947500, 0.00000000000, -3.77733086200, -4.68622824300, -3.11538615000, -4.15927866600, -3.44194124200, -3.01813713800, -2.60147775800, -1.97709586300, -2.00133319800, -1.26081315500, -0.97161166500, 0.00000000000, 0.06028157800, 0.42977658760, 0.00000000000, -0.24871437000, -0.27544874500, 0.02084124270, 0.00000000000, 1.48858544040, 0.00000000000, -0.09873628700, 0.00000000000, 0.30897719270, 0.00000000000, 0.98738317470, (5) 0.00000000000, -0.11310116600, -0.20817428400, -0.44227296600, -0.01275780100, 0.00000000000, 0.13343878100, 0.49618850780, (3) 0.00000000000, -0.36813814800, -0.65260282500, -0.86899116600, 0.00000000000, -0.26009458700, -0.26305042600, -0.38077368200, 0.00000000000, -0.11993013500, -0.09913629200, -0.08807926500, 
		-2.30048255500, 0.01053061710, 0.00000000000, 0.67644767480, 0.00000000000, -0.56441071400, 0.00000000000, 1.33411684170, -0.44377757200, -0.31069327000, -0.27431698300, -0.32163472100, 0.00000000000, 0.78594111850, 0.46076751180, 0.54945842630, 0.00000000000, -3.87537408300, -3.67343510100, -3.88115535100, -3.88222169600, -3.67689225300, -2.75964000600, -2.35192000400, -1.96780596500, -1.60952880000, -1.22965731600, -0.80618241100, 0.00000000000, 0.10150661370, 0.69431886630, 0.00000000000, -0.24911432900, -0.31640334100, 0.06110894970, 0.00000000000, 1.61685161920, 0.00000000000, -0.08522843600, 0.00000000000, 0.19056919630, 0.00000000000, 0.95697766590, (5) 0.00000000000, -0.18492728700, -0.39830432400, -0.63742052200, 0.01407864740, 0.00000000000, 0.09039871200, 0.53501123340, (3) 0.00000000000, -0.35592534900, -0.48059941900, -0.61712150100, 0.00000000000, -0.26253637900, -0.31193105300, -0.50039980900, 0.00000000000, -0.07005990500, -0.03498449300, -0.29306629800, 
	};

	 //EN Main regression coefficients for cancer onset/incidence model
	double	CancerOnsetMainLinearPred[BOOTSTRAP_INDEX_39][CC_MAIN_LINEAR_PREDICTOR] = {
		-3.26475719900, -0.05691056000, 0.00000000000, -1.62081644400, 0.00000000000, -0.66631068400, 0.00000000000, 1.68806651740, (5) 0.00000000000, 0.07883880730, 0.08485052790, 0.03718818500, 0.00000000000, -2.33231549000, -2.91597816900, -2.01499849600, -1.37182725900, -1.10584209800, -0.54128255700, -0.35219766100, -0.11759161000, -0.03553816000, -0.18947018300, 0.12034577730, 0.00000000000, 0.06516671080, 0.23536055040, 0.00000000000, -0.22154549900, -0.29516185900, -0.01294214400, (3) 0.00000000000, -0.01734053100, 0.00000000000, 0.12509803200, 0.00000000000, 0.22871939720, 0.00000000000, 0.28583864170, 0.34599177270, 0.52750472710, 0.00000000000, 0.29823925710, 0.11101142900, 0.06903088270, 0.44639774650, 0.00000000000, 0.04929334190, 0.34765721460, (3) 0.00000000000, -0.15797668300, -0.09094257400, -0.47825525900, 0.00000000000, -0.11728551200, -0.22364843900, -0.23227441000, (4) 0.00000000000, 
		-3.34101423800, -0.04747528600, 0.00000000000, -1.87263202000, 0.00000000000, -0.56903954400, 0.00000000000, 2.52587291820, (5) 0.00000000000, -0.20315927300, 0.10480953580, -0.13431914800, 0.00000000000, -2.40565452600, -2.15426986000, -1.94045259400, -1.17977051800, -0.75979062800, -0.25891219400, -0.43417768700, 0.27960956350, 0.25509383330, 0.14601907330, -0.01320844000, 0.00000000000, 0.12550352340, 0.24118710700, 0.00000000000, -0.36164906200, -0.30314156300, -0.32462059900, (3) 0.00000000000, 0.04463329280, 0.00000000000, -0.00736587900, 0.00000000000, 0.27367524240, 0.00000000000, 0.15302350830, 0.29041868660, 0.38234888850, 0.00000000000, 0.55282220480, 0.32391711850, 0.11245634560, 0.84261956450, 0.00000000000, 0.01547492620, 0.15016636650, (3) 0.00000000000, -0.09387499500, -0.15302615400, -0.90403410400, 0.00000000000, -0.14644273800, -0.43134497800, -0.34362698400, (4) 0.00000000000, 
		-3.40646699900, -0.05764577400, 0.00000000000, -3.22886296100, 0.00000000000, -0.66840096600, 0.00000000000, 2.40507761840, (5) 0.00000000000, 0.02131211650, 0.03316664900, 0.07755115440, 0.00000000000, -1.74581018900, -2.33612472400, -1.86795934800, -0.89512615200, -0.79245622000, -0.36998427200, -0.27481194000, 0.24622297440, 0.14029347460, 0.04342470560, 0.32211207090, 0.00000000000, 0.15712009890, 0.21565298310, 0.00000000000, -0.31580913000, -0.20465547100, -0.34754982400, (3) 0.00000000000, 0.04420363820, 0.00000000000, 0.12848721320, 0.00000000000, 0.14653320980, 0.00000000000, 0.15158847380, 0.20466275980, 0.42739039840, 0.00000000000, -0.00746203300, -0.06124356500, -0.07312479100, 0.52055460360, 0.00000000000, 0.22950935210, 0.45525561400, (3) 0.00000000000, -0.11519343800, -0.17164397400, -0.04451689100, 0.00000000000, -0.02743653900, -0.05516182500, -0.20845042400, (4) 0.00000000000, 
		-3.23512684400, -0.04905605300, 0.00000000000, -1.63478341900, 0.00000000000, -0.32770943800, 0.00000000000, 1.62179941520, (5) 0.00000000000, 0.12571288530, 0.15445877550, 0.16020432870, 0.00000000000, -2.54493857600, -2.68239128800, -1.78465783500, -1.33141112600, -1.05764818100, -0.49255244700, -0.43913669000, -0.16059255000, 0.05805095410, -0.22385812500, -0.02484176600, 0.00000000000, 0.09916304870, 0.63654399880, 0.00000000000, -0.31341532500, -0.16755683000, -0.25709872600, (3) 0.00000000000, -0.07531060700, 0.00000000000, 0.19154025680, 0.00000000000, 0.26972196070, 0.00000000000, 0.18793536190, 0.29596909320, 0.60422334040, 0.00000000000, 0.26070618010, -0.03051581600, 0.16443873990, 0.29198679820, 0.00000000000, 0.10153663160, 0.27557061630, (3) 0.00000000000, -0.14257180100, -0.05937489700, -1.12716073100, 0.00000000000, -0.07508026400, -0.48404612600, -0.21404862100, (4) 0.00000000000, 
		-3.24959372100, -0.06117053700, 0.00000000000, -2.10950282600, 0.00000000000, -0.73065832900, 0.00000000000, 1.92939979570, (5) 0.00000000000, 0.13870117940, 0.12848440940, 0.09090319790, 0.00000000000, -2.01572934700, -2.56613608900, -2.10447753100, -1.04157127600, -0.96744613900, -0.30283618100, -0.29683730000, 0.03518931460, -0.01017302200, -0.27143166200, 0.22475536480, 0.00000000000, 0.08704315660, -0.08739973200, 0.00000000000, -0.49376151400, -0.29656121800, -0.11943180700, (3) 0.00000000000, 0.13368082790, 0.00000000000, -0.05250319700, 0.00000000000, 0.11458165290, 0.00000000000, 0.23312624700, 0.24163530770, 0.51820102650, 0.00000000000, 0.30133165640, 0.04835268690, -0.04225977700, 0.60909576860, 0.00000000000, -0.02832886900, 0.22623375010, (3) 0.00000000000, -0.09365218600, 0.10933356180, -1.54474810400, 0.00000000000, -0.09056693100, 0.01252887730, -0.13385773400, (4) 0.00000000000, 
		-3.14342780100, -0.05312280900, 0.00000000000, -1.81813059500, 0.00000000000, -1.34029100800, 0.00000000000, 1.04307725740, (5) 0.00000000000, -0.06727435100, -0.18957060500, -0.12394076400, 0.00000000000, -2.37404443200, -2.90097054100, -1.60049517300, -1.01631596900, -1.10181168500, -0.86920371400, -0.18677715600, -0.28751221500, 0.12328316530, -0.01088991100, -0.15423420200, 0.00000000000, 0.10757384370, -0.01984675300, 0.00000000000, -0.07180201100, -0.35780874400, 0.07570081610, (3) 0.00000000000, -0.00452160900, 0.00000000000, 0.31486099870, 0.00000000000, 0.20209483300, 0.00000000000, 0.34899474300, 0.29261616320, 0.50983005890, 0.00000000000, 0.61583034430, 0.41189944080, 0.37700475780, 0.54375549630, 0.00000000000, -0.04487597300, 0.32110343840, (3) 0.00000000000, -0.26117644300, -0.17045826700, -0.99315850800, 0.00000000000, -0.30501908200, -0.51802824600, -0.45939155000, (4) 0.00000000000, 
		-3.41804087700, -0.03221755300, 0.00000000000, -1.64799175500, 0.00000000000, -0.71250962200, 0.00000000000, 2.13421682860, (5) 0.00000000000, 0.26179998760, 0.23328468100, 0.15390872260, 0.00000000000, -2.35472441500, -2.73506981100, -1.99541673400, -1.58190755700, -1.11686375400, -0.61902127600, -0.25631608100, -0.36088580800, -0.09673839700, -0.24075282800, 0.13625306760, 0.00000000000, -0.06732857000, 0.25267086150, 0.00000000000, -0.10930069800, -0.64603136500, 0.35555617010, (3) 0.00000000000, 0.01139480460, 0.00000000000, 0.01888664210, 0.00000000000, 0.32135777280, 0.00000000000, 0.27162714750, 0.34255198620, 0.53146264910, 0.00000000000, 0.24026759360, 0.07546194740, 0.02528725850, 0.36613872030, 0.00000000000, 0.06002610300, 0.42880308920, (3) 0.00000000000, -0.05133674600, 0.03165502180, -0.05717072500, 0.00000000000, -0.30031800200, -0.25696721800, -0.28566217900, (4) 0.00000000000, 
		-3.29372533700, -0.08270436200, 0.00000000000, -0.65099559000, 0.00000000000, -0.99053856600, 0.00000000000, 2.06465291320, (5) 0.00000000000, -0.00153665900, 0.31712831970, 0.13080132350, 0.00000000000, -1.91575439700, -2.93257710800, -2.03119271300, -1.57896404900, -0.91719296500, -0.78709444300, -0.25593898000, -0.04452784100, 0.04579388980, -0.29042232500, 0.14181460360, 0.00000000000, 0.09872570090, 0.38750186160, 0.00000000000, -0.23627015400, -0.37866929100, -0.29101623500, (3) 0.00000000000, -0.06978048800, 0.00000000000, 0.13082670480, 0.00000000000, 0.35844488300, 0.00000000000, 0.31731956420, 0.57962323200, 0.58366703800, 0.00000000000, 0.26748767540, 0.29281325760, 0.08285188340, 0.47294214970, 0.00000000000, 0.06368165630, 0.32842662050, (3) 0.00000000000, -0.28309138800, -0.30768722500, -0.76440911500, 0.00000000000, -0.02036830800, -0.21327457100, -0.00466662900, (4) 0.00000000000, 
		-3.02008280500, -0.08185566700, 0.00000000000, -2.06046244100, 0.00000000000, -1.20447112000, 0.00000000000, 1.37133598730, (5) 0.00000000000, -0.06799837500, 0.07500248710, 0.08953740390, 0.00000000000, -1.93453774100, -3.14747757500, -2.09683536500, -1.71640786800, -1.29034028000, -0.66032975800, -0.46789237500, -0.44424809600, -0.01929691500, -0.18286091400, 0.09877393570, 0.00000000000, 0.13311045840, 0.14820858020, 0.00000000000, -0.25821705000, -0.23478591500, -0.04408374500, (3) 0.00000000000, -0.00247025000, 0.00000000000, 0.22408453680, 0.00000000000, 0.09955822810, 0.00000000000, 0.11149499000, 0.22442731060, 0.51001805700, 0.00000000000, 0.19022954530, 0.10774760010, 0.12907669050, 0.56475926570, 0.00000000000, 0.26613176100, 0.54349911340, (3) 0.00000000000, -0.12889184300, 0.15347141260, -1.31028071000, 0.00000000000, -0.10286012200, -0.31794114500, -0.34068630900, (4) 0.00000000000, 
		-3.56607314300, -0.05598479500, 0.00000000000, -1.32320871700, 0.00000000000, -0.09048957700, 0.00000000000, 1.30057851540, (5) 0.00000000000, 0.03086232720, 0.13048306580, 0.03010617340, 0.00000000000, -2.60073973400, -3.11659913000, -1.77418093200, -1.58655914000, -1.12175930700, -0.85950295700, -0.30920610900, -0.06812719900, -0.07371997500, -0.19522230100, 0.12302005710, 0.00000000000, 0.02880582360, 0.06664412160, 0.00000000000, -0.28760231200, -0.38945583500, -0.02758999700, (3) 0.00000000000, 0.05178149620, 0.00000000000, -0.09289767300, 0.00000000000, 0.16423601030, 0.00000000000, 0.46660068560, 0.56220888960, 0.80659626200, 0.00000000000, 0.53359922460, 0.48776597010, 0.30448046350, 0.72533026490, 0.00000000000, -0.11175576100, 0.22539901570, (3) 0.00000000000, -0.05062148300, -0.02185774300, -0.23986722100, 0.00000000000, -0.09167053300, -0.42009172100, -0.41942814700, (4) 0.00000000000, 
		-3.48587366800, -0.06685254100, 0.00000000000, -1.35232574200, 0.00000000000, -0.51226349700, 0.00000000000, 1.71643476140, (5) 0.00000000000, 0.07597341360, 0.05653419580, -0.09423268600, 0.00000000000, -2.15468725600, -2.56777081200, -2.13051049900, -1.47128471800, -0.76819468000, -0.46678162500, -0.35424890000, -0.10881268200, -0.11766788400, -0.18336849900, 0.04988797100, 0.00000000000, 0.12281612410, 0.17751293320, 0.00000000000, -0.15770992800, -0.07793859600, -0.12472590500, (3) 0.00000000000, 0.02246459260, 0.00000000000, 0.34243458400, 0.00000000000, 0.14590698590, 0.00000000000, 0.23612187870, 0.37977445440, 0.69950228230, 0.00000000000, 0.37517146470, 0.25402357970, 0.10332132400, 0.31128962390, 0.00000000000, 0.05622716600, 0.52272835880, (3) 0.00000000000, -0.18656571900, -0.02649170900, -0.24423473400, 0.00000000000, -0.13408771500, -0.18555432600, -0.22456740100, (4) 0.00000000000, 
		-3.04947164100, -0.04363307700, 0.00000000000, -1.37115943800, 0.00000000000, -0.65768003500, 0.00000000000, 0.40449432100, (5) 0.00000000000, 0.13866102550, -0.05453283800, -0.27203258000, 0.00000000000, -1.83081807500, -2.52442264500, -1.74346737700, -1.09027024300, -1.05737379100, -0.19882732500, -0.21606596500, -0.30733707300, 0.03945713780, -0.10544203100, -0.03035566300, 0.00000000000, 0.00873768530, 0.44407217710, 0.00000000000, -0.16939139200, -0.26614249400, -0.13113060900, (3) 0.00000000000, -0.08798290200, 0.00000000000, 0.43458551210, 0.00000000000, 0.19491153380, 0.00000000000, 0.10903822940, 0.36751749450, 0.54810931050, 0.00000000000, 0.18098738360, 0.00004577180, -0.10831400800, -0.09735657600, 0.00000000000, 0.23548564470, 0.25484643210, (3) 0.00000000000, -0.29074930500, -0.09448200000, -1.15734009600, 0.00000000000, -0.27431736500, -0.34867737000, -0.59550356400, (4) 0.00000000000, 
		-3.45570267000, -0.06380336300, 0.00000000000, -1.19305969500, 0.00000000000, -0.43662571400, 0.00000000000, 0.40935197830, (5) 0.00000000000, 0.08816797110, 0.16095140980, 0.11056045590, 0.00000000000, -2.86171567100, -3.02941520700, -1.55486170300, -1.48647880000, -0.85694877000, -0.24807280500, -0.06138369300, 0.18623809350, 0.15983958060, 0.19830636850, 0.30862550570, 0.00000000000, 0.03146873990, 0.13027048740, 0.00000000000, -0.23679573800, -0.40837247100, -0.14148542400, (3) 0.00000000000, -0.18138834000, 0.00000000000, 0.46773657040, 0.00000000000, 0.45072146190, 0.00000000000, 0.30446890250, 0.52909891530, 0.65899555330, 0.00000000000, 0.52856100930, 0.18432576300, 0.19414105750, -0.03461560500, 0.00000000000, -0.16949666800, 0.28195175140, (3) 0.00000000000, -0.08852490000, 0.08596960790, -0.58055672900, 0.00000000000, -0.24369233500, -0.39776897600, -0.42972591900, (4) 0.00000000000, 
		-3.16510742400, -0.04839650500, 0.00000000000, -1.72440902700, 0.00000000000, -1.47573733600, 0.00000000000, 2.67490967800, (5) 0.00000000000, -0.08683447200, -0.05733153700, -0.09748734400, 0.00000000000, -2.42606583300, -2.54632977300, -1.91688091400, -1.30448016700, -1.27607696500, -0.49511074300, -0.10713122200, 0.05180103500, 0.09554938800, -0.02154502400, 0.03308492930, 0.00000000000, 0.11469992780, 0.23216125110, 0.00000000000, -0.19910818300, -0.08833248100, 0.29627315210, (3) 0.00000000000, -0.04484753300, 0.00000000000, 0.09278136510, 0.00000000000, 0.30876946930, 0.00000000000, 0.14662850280, 0.31587324150, 0.49289960500, 0.00000000000, 0.32718021340, 0.15446753710, 0.27860980010, 0.60149945140, 0.00000000000, -0.04242656400, 0.21308951490, (3) 0.00000000000, -0.15904587500, -0.08705310000, -0.44239692000, 0.00000000000, -0.26433881600, -0.41335976800, -0.20550260700, (4) 0.00000000000, 
		-3.52349160000, -0.03691791700, 0.00000000000, -1.28661341700, 0.00000000000, -0.98381804200, 0.00000000000, 2.12627185970, (5) 0.00000000000, 0.34587705280, 0.36992610200, 0.16209235330, 0.00000000000, -2.53588857000, -3.06868052900, -2.32417536500, -1.50295510600, -1.36053564200, -0.53224001600, -0.37034778300, -0.14813007600, -0.05923443800, -0.23898028000, 0.21803053750, 0.00000000000, 0.08254717550, 0.14725396110, 0.00000000000, -0.21343699000, -0.39353043000, -0.43192371900, (3) 0.00000000000, -0.11961539500, 0.00000000000, 0.03778883260, 0.00000000000, 0.00960966070, 0.00000000000, 0.35828132340, 0.48967389010, 0.69416159510, 0.00000000000, 0.23705813760, -0.19163860300, -0.06855488500, 0.27285262330, 0.00000000000, 0.09862011510, 0.32765919210, (3) 0.00000000000, -0.26099957600, 0.09377717380, -0.49468487800, 0.00000000000, -0.05817599200, 0.05045230840, 0.02275724710, (4) 0.00000000000, 
		-2.96675004800, -0.06670392700, 0.00000000000, -1.90658401000, 0.00000000000, -0.85923354800, 0.00000000000, 2.36287753780, (5) 0.00000000000, 0.11297142180, -0.00255939200, -0.09684931900, 0.00000000000, -1.90288746500, -3.41518698400, -2.32006920200, -1.37420077700, -0.97886342200, -0.29258387000, -0.25194028100, 0.03368964910, -0.00534425800, -0.03200049800, -0.19075850300, 0.00000000000, 0.10735344210, 0.04288928720, 0.00000000000, -0.35121817700, -0.29820479400, 0.05921083020, (3) 0.00000000000, -0.00559401500, 0.00000000000, 0.36045965580, 0.00000000000, 0.25486959610, 0.00000000000, 0.37676089440, 0.24286894280, 0.45896260050, 0.00000000000, 0.25152407160, -0.03702153900, 0.10424773510, 0.51658504180, 0.00000000000, -0.04405585200, 0.35301237030, (3) 0.00000000000, -0.23906876900, -0.31657084600, -0.94309471700, 0.00000000000, -0.18343792900, -0.26907446500, -0.05392395600, (4) 0.00000000000, 
		-3.83626683300, -0.05292634300, 0.00000000000, -2.47084934700, 0.00000000000, -0.31073140600, 0.00000000000, 0.66360385380, (5) 0.00000000000, 0.27730186350, 0.10438882030, 0.15705483560, 0.00000000000, -1.98497250600, -2.72301180000, -1.86572277200, -1.15926729800, -0.68024744000, -0.43336165700, -0.00019965700, -0.19784204200, 0.15867422360, 0.09149844770, 0.36256093070, 0.00000000000, -0.10249639600, 0.47763711940, 0.00000000000, -0.13837610600, -0.23028469500, 0.25974759640, (3) 0.00000000000, 0.17120969900, 0.00000000000, -0.51831392600, 0.00000000000, 0.06948534350, 0.00000000000, 0.28883458210, 0.17351797310, 0.54854779000, 0.00000000000, 0.43306123270, 0.27239703160, 0.25394239240, 0.37177725270, 0.00000000000, 0.11412942850, 0.29583328040, (3) 0.00000000000, -0.14160550400, 0.12248181960, 0.07452521130, 0.00000000000, -0.08509851500, -0.13794220500, -0.31914106500, (4) 0.00000000000, 
		-3.40192390400, -0.05546493800, 0.00000000000, -2.45646679900, 0.00000000000, -0.48923576100, 0.00000000000, 1.55472579230, (5) 0.00000000000, 0.15429939000, 0.25725916490, -0.01662599200, 0.00000000000, -1.97966408400, -2.54908306300, -2.13886152400, -0.93298078300, -0.94740494800, -0.51700853200, -0.31654551000, 0.04040141910, -0.09680996100, -0.07795376500, 0.01850483190, 0.00000000000, -0.04334757000, 0.00614447080, 0.00000000000, -0.26951428800, -0.23318545300, 0.33898117970, (3) 0.00000000000, -0.02442967800, 0.00000000000, -0.03746155500, 0.00000000000, 0.46388828660, 0.00000000000, 0.25464301330, 0.53608081250, 0.64663231350, 0.00000000000, 0.11428419050, -0.05846812100, 0.04041407670, 0.36277727700, 0.00000000000, 0.14631137090, 0.41191611800, (3) 0.00000000000, -0.07303649400, -0.14680078300, -0.65388527000, 0.00000000000, -0.19372561600, -0.14951982100, -0.17436028900, (4) 0.00000000000, 
		-3.38762514600, -0.03767816300, 0.00000000000, -1.96196922900, 0.00000000000, -1.48755873000, 0.00000000000, 1.34324368210, (5) 0.00000000000, 0.06412112830, -0.11572406200, -0.01409280700, 0.00000000000, -2.01251798200, -3.28143955300, -1.80570339500, -1.28859719100, -0.97423018700, -0.13566973000, 0.00560348360, 0.03892033640, 0.31355660460, 0.09024484360, 0.35230521320, 0.00000000000, 0.11438738990, 0.39603083050, 0.00000000000, -0.22576250700, -0.52665721500, -0.39660045700, (3) 0.00000000000, 0.10598597120, 0.00000000000, 0.26137669200, 0.00000000000, 0.16001145490, 0.00000000000, 0.29372838510, 0.32582956610, 0.55224623320, 0.00000000000, 0.20217903410, 0.08328827480, -0.00625388300, 0.41110041040, 0.00000000000, -0.01211996500, 0.47343439370, (3) 0.00000000000, -0.20372377000, 0.01146450640, 0.08349781650, 0.00000000000, -0.28315555700, -0.42368153900, -0.62716298700, (4) 0.00000000000, 
		-2.66789661900, -0.07070587500, 0.00000000000, -1.28590068800, 0.00000000000, -0.34610002600, 0.00000000000, -11.02321683000, (5) 0.00000000000, 0.03211811570, 0.01000204220, -0.08833816700, 0.00000000000, -1.98606447000, -2.63105707000, -2.10380221900, -1.42038677900, -1.04221291900, -0.70231374400, -0.24170976900, -0.18180464000, 0.06196815030, 0.03426331510, 0.31026805820, 0.00000000000, -0.01788128100, 0.37122746060, 0.00000000000, -0.17660787600, -0.35221247500, -0.41501605600, (3) 0.00000000000, -0.03245421100, 0.00000000000, -0.15883771100, 0.00000000000, 0.04646784410, 0.00000000000, 0.05879028510, 0.25432269370, 0.35429137420, 0.00000000000, -0.08503055700, -0.21743318100, -0.34090677900, -0.02007076600, 0.00000000000, 0.44550851440, 0.47229939370, (3) 0.00000000000, -0.29257087400, -0.16069562200, -0.50882203000, 0.00000000000, -0.27536811300, -0.39525213000, -0.38284014600, (4) 0.00000000000, 
		-2.99699889900, -0.04703041300, 0.00000000000, -1.10308852300, 0.00000000000, -0.76464366300, 0.00000000000, 2.03335818320, (5) 0.00000000000, 0.09919499780, 0.16510460150, 0.18127876910, 0.00000000000, -3.15162041400, -3.33297314600, -2.36669781200, -1.50867425500, -1.30642514300, -0.53862644700, -0.29563798000, -0.17816910200, 0.03314006640, -0.22195726400, 0.06121298570, 0.00000000000, 0.10232201060, 0.18831530850, 0.00000000000, -0.15720637600, -0.20455562800, 0.00554141720, (3) 0.00000000000, -0.14334931000, 0.00000000000, -0.06879366400, 0.00000000000, 0.16918154640, 0.00000000000, 0.11814744610, 0.23070677790, 0.53615477870, 0.00000000000, 0.23011894390, -0.08185552400, -0.02363840100, 0.10834235310, 0.00000000000, 0.03104276540, 0.37820391140, (3) 0.00000000000, -0.20306054700, -0.10089253300, -0.39960586900, 0.00000000000, -0.23298376000, -0.35632401600, -0.35956528300, (4) 0.00000000000, 
		-3.11337383000, -0.06272757500, 0.00000000000, -1.25783929100, 0.00000000000, -0.96640081200, 0.00000000000, 0.50706854120, (5) 0.00000000000, -0.10339454700, -0.21516665100, -0.08139447400, 0.00000000000, -3.05362681300, -3.00210084600, -2.02584844900, -1.77209423400, -1.15172255900, -0.71136848900, -0.36517254900, -0.36760037200, -0.20894462000, -0.21358815400, 0.22102186130, 0.00000000000, 0.11916154010, 0.24388107610, 0.00000000000, -0.08148320400, -0.26796038800, 0.36537676300, (3) 0.00000000000, -0.10564041700, 0.00000000000, 0.34035101700, 0.00000000000, 0.09600948380, 0.00000000000, 0.31122091950, 0.41831835400, 0.61192251260, 0.00000000000, 0.38899871940, 0.25980092740, 0.26632197380, 0.12203334530, 0.00000000000, -0.07357197000, 0.30482647480, (3) 0.00000000000, -0.27357324700, -0.15537532000, -0.29097482200, 0.00000000000, -0.03683370100, -0.33304658200, -0.23577395300, (4) 0.00000000000, 
		-3.62165989300, -0.04233672800, 0.00000000000, -1.35553218500, 0.00000000000, -0.93285032600, 0.00000000000, 2.18128168500, (5) 0.00000000000, -0.08677261600, -0.00567497600, -0.14931451900, 0.00000000000, -2.59214917200, -3.09454258500, -1.86761039600, -1.56244544700, -0.89416230800, -0.56274730100, -0.26643054200, -0.04809862000, -0.10302214200, -0.09921569700, 0.22285744130, 0.00000000000, 0.07785417620, 0.52470542640, 0.00000000000, -0.25860442700, -0.33478644900, 0.14946885630, (3) 0.00000000000, 0.04473902720, 0.00000000000, 0.20984864080, 0.00000000000, 0.37975853920, 0.00000000000, 0.36855869140, 0.39007900100, 0.63470128060, 0.00000000000, 0.32371644630, 0.20030109140, 0.26050071200, 0.79216848520, 0.00000000000, -0.03778595600, 0.30007125590, (3) 0.00000000000, -0.27000845100, -0.24253683200, -0.50587331700, 0.00000000000, 0.06851537360, -0.20270803000, -0.05774680300, (4) 0.00000000000, 
		-3.34909581000, -0.04443369200, 0.00000000000, -0.75271498700, 0.00000000000, -1.14545050800, 0.00000000000, 0.67074974510, (5) 0.00000000000, 0.10109867720, 0.14349390250, 0.14345591720, 0.00000000000, -2.73858064100, -3.12198008300, -2.11423614000, -1.57279608900, -1.13391507700, -0.66149831900, -0.43205836600, -0.38490276200, -0.12140645300, -0.11276253900, 0.01309828630, 0.00000000000, -0.06775536400, 0.59678596360, 0.00000000000, -0.27947556100, -0.24069126100, -0.22254110500, (3) 0.00000000000, -0.03179163700, 0.00000000000, 0.28657336120, 0.00000000000, 0.25625126390, 0.00000000000, 0.36411629480, 0.43872391640, 0.71279256700, 0.00000000000, 0.30740454500, 0.04424778920, -0.07791258600, 0.09073970680, 0.00000000000, 0.13793067180, 0.31955906040, (3) 0.00000000000, -0.18113979700, 0.16259738780, -0.08714088000, 0.00000000000, -0.18545070100, -0.19076513900, -0.29119078800, (4) 0.00000000000, 
		-3.31417076200, -0.04505796600, 0.00000000000, -1.53210377300, 0.00000000000, -0.86115807000, 0.00000000000, 1.80569339520, (5) 0.00000000000, 0.15065744680, -0.02260624800, -0.01058843000, 0.00000000000, -2.74774712700, -2.99903995400, -2.08450713100, -1.52068725000, -1.42814096600, -0.85796584400, -0.34424326400, -0.00380099900, -0.17527893200, -0.44409035300, -0.08188320600, 0.00000000000, 0.06532909650, 0.55732503300, 0.00000000000, -0.21754677000, -0.23625306100, -0.12435625000, (3) 0.00000000000, -0.16030299400, 0.00000000000, 0.31759457580, 0.00000000000, 0.26014424070, 0.00000000000, 0.24294418010, 0.54231614960, 0.48031035830, 0.00000000000, 0.30200012680, 0.19530494050, 0.13088277550, 0.61817308930, 0.00000000000, 0.01353011970, 0.48952097100, (3) 0.00000000000, -0.15190393300, -0.14829271800, -0.95474144400, 0.00000000000, -0.05023489300, -0.04771603200, -0.17022649700, (4) 0.00000000000, 
		-2.48284420600, -0.08872314200, 0.00000000000, -0.85893150400, 0.00000000000, -0.57608786000, 0.00000000000, 1.82780788730, (5) 0.00000000000, 0.11662195770, 0.13338317730, 0.01423768880, 0.00000000000, -3.73204792600, -3.91237277400, -3.23973246900, -1.87758916800, -1.59847409700, -1.08551284500, -0.79702920400, -0.47785103600, -0.22628967500, -0.51551884400, -0.25374105900, 0.00000000000, 0.06363691030, 0.47868294480, 0.00000000000, -0.15602971300, -0.23633996000, -0.07890597900, (3) 0.00000000000, -0.27333161300, 0.00000000000, -0.06679472900, 0.00000000000, 0.29293491730, 0.00000000000, 0.26687416640, 0.46869556320, 0.59178694080, 0.00000000000, 0.02613628350, -0.06697979700, 0.02667109430, 0.39407563060, 0.00000000000, 0.11192030580, 0.42089432370, (3) 0.00000000000, -0.17189831500, -0.15336000500, -0.85107143100, 0.00000000000, -0.23558039700, -0.31332492800, -0.23737563000, (4) 0.00000000000, 
		-3.63446881400, -0.06988145300, 0.00000000000, -1.48302971100, 0.00000000000, -1.79580310300, 0.00000000000, 2.03225375210, (5) 0.00000000000, 0.08386035030, 0.24629360160, 0.20543727450, 0.00000000000, -2.50934011900, -4.13760669500, -2.00958068000, -1.37039631300, -1.08684619700, -0.67544345400, -0.20219270900, -0.10289311400, 0.15305492240, -0.28297117400, 0.40466585950, 0.00000000000, 0.05572813850, 0.48132995250, 0.00000000000, -0.11602687800, -0.39835848000, -0.11484696700, (3) 0.00000000000, -0.03203584600, 0.00000000000, 0.28827986740, 0.00000000000, 0.29742004270, 0.00000000000, 0.43893095520, 0.68805235330, 0.55162007770, 0.00000000000, 0.34381041660, 0.08037825340, 0.01251360240, 0.25520070500, 0.00000000000, 0.18489095660, 0.66583568790, (3) 0.00000000000, -0.20645775600, -0.02828371000, -0.23356023000, 0.00000000000, -0.10005619000, -0.08859452100, -0.36893955500, (4) 0.00000000000, 
		-3.81488785100, -0.04765951200, 0.00000000000, -2.41303976400, 0.00000000000, -0.49444458300, 0.00000000000, 1.54556244120, (5) 0.00000000000, 0.28075972260, 0.14686833040, 0.03260136730, 0.00000000000, -2.40449523500, -2.39723628200, -1.40849274000, -0.66019588700, -0.77019269300, 0.05582294600, -0.03505906900, 0.15494073080, 0.21774669980, 0.00795550290, 0.29307968870, 0.00000000000, 0.09792518790, 0.55798017470, 0.00000000000, -0.21545344300, -0.21911238900, -0.12445362600, (3) 0.00000000000, 0.13978527940, 0.00000000000, -0.00214419800, 0.00000000000, 0.22542587500, 0.00000000000, 0.40001418090, 0.64137455300, 0.76857366220, 0.00000000000, 0.34645733820, 0.07893174020, 0.12890764300, 0.57288057450, 0.00000000000, 0.00022436630, 0.24380214950, (3) 0.00000000000, -0.11316919600, -0.10519669900, -0.12380888300, 0.00000000000, -0.22299200100, -0.09717340000, -0.41115178300, (4) 0.00000000000, 
		-3.26386848900, -0.03783208900, 0.00000000000, -1.10629383200, 0.00000000000, -0.46233332100, 0.00000000000, 2.14947961660, (5) 0.00000000000, 0.10965254900, 0.23288467660, 0.06381462800, 0.00000000000, -2.47610448200, -2.84717963200, -2.15206151200, -1.28552698300, -1.16860274000, -0.48993131000, -0.57387984100, 0.13776466290, -0.09465629100, -0.42952703600, -0.01789137600, 0.00000000000, 0.11391813970, -0.11909108300, 0.00000000000, -0.50507707700, -0.64080082100, 0.21487802850, (3) 0.00000000000, 0.00699345230, 0.00000000000, -0.05002315200, 0.00000000000, 0.19084266010, 0.00000000000, 0.41263168610, 0.53434036250, 0.63205829580, 0.00000000000, 0.27967944230, -0.01964336600, 0.14504689290, 0.47123150360, 0.00000000000, -0.10854852700, 0.30112997100, (3) 0.00000000000, -0.19724757600, -0.34105893900, -0.76270087300, 0.00000000000, -0.19245285300, -0.36715159400, -0.30823510400, (4) 0.00000000000, 
		-3.03643426200, -0.05532537500, 0.00000000000, -1.66302670800, 0.00000000000, -0.56908449700, 0.00000000000, 1.91590630830, (5) 0.00000000000, 0.00519178810, 0.10176141360, 0.07572159420, 0.00000000000, -2.40900148100, -3.36091349400, -2.24818154400, -2.01973514900, -1.42803778200, -1.02654777900, -0.55719349100, -0.32198516700, -0.30007471300, -0.28152989600, -0.08602396000, 0.00000000000, 0.00709357930, 0.40161102070, 0.00000000000, -0.15504307900, -0.22344154700, -0.23622063700, (3) 0.00000000000, 0.00386170700, 0.00000000000, 0.04422971050, 0.00000000000, 0.07123511520, 0.00000000000, 0.28932711100, 0.29489875740, 0.54700640210, 0.00000000000, 0.30978890840, 0.15465021170, 0.28354332760, 0.41560964630, 0.00000000000, -0.05288465600, 0.37551980560, (3) 0.00000000000, -0.20109270800, -0.17425297300, -0.73649487900, 0.00000000000, -0.01861616800, -0.18637729700, -0.14480224600, (4) 0.00000000000, 
		-2.65184347000, -0.06231802500, 0.00000000000, -0.97504825200, 0.00000000000, -1.27882114300, 0.00000000000, 2.59061547510, (5) 0.00000000000, -0.04795487100, -0.15117605300, -0.36889027400, 0.00000000000, -2.26654529300, -3.50475331700, -1.99978989800, -1.49139738200, -1.49970078500, -0.83723687500, -0.47930322000, -0.41667558300, -0.26349031700, -0.35337931300, 0.10650654790, 0.00000000000, 0.08313107660, 0.50869497320, 0.00000000000, -0.16977162700, -0.41781161700, 0.19366643840, (3) 0.00000000000, 0.00255293750, 0.00000000000, 0.19579254040, 0.00000000000, 0.07658715900, 0.00000000000, 0.45956443530, 0.25753874920, 0.45050543340, 0.00000000000, -0.11829830700, -0.29100301200, -0.20614528100, 0.16494738430, 0.00000000000, 0.29529596450, 0.57269802560, (3) 0.00000000000, -0.14376374500, -0.01605202500, -0.36894800100, 0.00000000000, -0.11552404900, -0.33036533900, -0.22161840500, (4) 0.00000000000, 
		-3.26743241500, -0.05658486200, 0.00000000000, -1.52166277100, 0.00000000000, -0.76513435300, 0.00000000000, 0.51294252040, (5) 0.00000000000, 0.08713710710, 0.16683069780, 0.03298287460, 0.00000000000, -1.84990509100, -2.11463385200, -1.53421161100, -1.13211659500, -0.74945448300, -0.33256664400, -0.05299097700, 0.08064260070, 0.29792149500, 0.25070927700, 0.15016170870, 0.00000000000, 0.10252110360, 0.24039040810, 0.00000000000, -0.28028634200, -0.22766410600, -0.18362196700, (3) 0.00000000000, -0.14647351100, 0.00000000000, 0.08707738990, 0.00000000000, 0.29711797550, 0.00000000000, 0.30528987180, 0.28107541310, 0.47680601020, 0.00000000000, 0.23889131390, -0.04139124700, -0.10004652400, 0.10334010820, 0.00000000000, 0.11586399400, 0.29862481940, (3) 0.00000000000, -0.21030494900, 0.01840022980, -1.27755240200, 0.00000000000, -0.34449659900, -0.47001846200, -0.61068112000, (4) 0.00000000000, 
		-3.48179358500, -0.06770719300, 0.00000000000, -2.22863738800, 0.00000000000, -0.84800112100, 0.00000000000, 0.71363901520, (5) 0.00000000000, 0.24072947660, 0.13502608750, 0.32000026850, 0.00000000000, -1.89753938100, -2.72290160100, -2.22332556900, -1.09176839000, -0.85775061800, -0.26935604100, -0.27142507300, 0.08729393590, 0.11742719940, -0.09256536300, 0.36616060860, 0.00000000000, 0.11737427020, 0.11609257760, 0.00000000000, -0.18002774600, -0.15131154100, 0.10415135300, (3) 0.00000000000, -0.03987717800, 0.00000000000, -0.08807393300, 0.00000000000, 0.38462636660, 0.00000000000, 0.25236273620, 0.29063139420, 0.53222735160, 0.00000000000, 0.23388983500, -0.09455496200, 0.14188836060, 0.11471531360, 0.00000000000, 0.04931268400, 0.38813036540, (3) 0.00000000000, -0.04767479000, 0.16698109360, -0.65082272800, 0.00000000000, -0.10758419200, -0.13739160300, -0.40744209000, (4) 0.00000000000, 
		-3.72800507800, -0.06247467000, 0.00000000000, -2.50352240100, 0.00000000000, -1.38192616100, 0.00000000000, 2.47088137560, (5) 0.00000000000, 0.28551575010, 0.36414085840, 0.19477777350, 0.00000000000, -1.79765375900, -1.95496883800, -1.25479620400, -1.00366626900, -0.72700667400, -0.24145437500, -0.11815099900, 0.00949155850, -0.06779827000, -0.10547048800, 0.10371974930, 0.00000000000, 0.10804587420, -0.02097111800, 0.00000000000, -0.30675671900, -0.57645277700, -0.25880366500, (3) 0.00000000000, 0.20333108430, 0.00000000000, 0.35546243590, 0.00000000000, 0.29980170740, 0.00000000000, 0.43522513200, 0.37721592190, 0.63639476990, 0.00000000000, 0.30997335950, 0.22295189930, 0.18020851200, 0.40560558460, 0.00000000000, 0.04019663550, 0.46504744500, (3) 0.00000000000, -0.02959902200, -0.03112707500, -0.29282057300, 0.00000000000, -0.31957095700, -0.28104857700, -0.59521276600, (4) 0.00000000000, 
		-3.16470054700, -0.06586360300, 0.00000000000, -1.61782480000, 0.00000000000, -0.38789748200, 0.00000000000, 0.31904297290, (5) 0.00000000000, 0.14178678510, 0.08853789350, 0.12981258790, 0.00000000000, -2.98668477500, -3.58378231900, -2.14563806800, -1.21413185100, -1.00998788600, -0.62100312700, -0.07840065100, -0.24643238800, -0.20591250400, -0.13619878600, -0.24245369600, 0.00000000000, -0.13569202500, -0.14567549300, 0.00000000000, -0.20594178800, -0.02882320200, 0.58478841130, (3) 0.00000000000, -0.07217968700, 0.00000000000, -0.10292024700, 0.00000000000, 0.48693795630, 0.00000000000, 0.14573332610, -0.09932237200, 0.54212992680, 0.00000000000, 0.33348956360, 0.24182803480, 0.09741134850, -0.03173790100, 0.00000000000, 0.08456168110, 0.43882876910, (3) 0.00000000000, -0.31009522100, 0.00661192910, 0.06086939910, 0.00000000000, -0.27859157600, -0.31165247800, -0.39218063600, (4) 0.00000000000, 
		-3.67754767100, -0.05787569500, 0.00000000000, -1.70950222800, 0.00000000000, -0.22955270100, 0.00000000000, -0.95608848700, (5) 0.00000000000, 0.06357029680, 0.25199210760, 0.21214814630, 0.00000000000, -2.07744881600, -5.13858785600, -1.76313145000, -0.91745463200, -0.98023821000, -0.40033580300, -0.04295471200, 0.05689948750, 0.36393609580, 0.00647852930, 0.46367697980, 0.00000000000, 0.16524552230, -0.02246379600, 0.00000000000, -0.16981366000, -0.46932105300, -0.01980969000, (3) 0.00000000000, -0.01497121300, 0.00000000000, 0.33028622920, 0.00000000000, -0.12272710600, 0.00000000000, 0.32543741570, 0.33758024970, 0.60714317510, 0.00000000000, 0.61342355050, 0.35164579870, 0.23572389150, 0.70029781640, 0.00000000000, 0.06097420150, 0.31797070760, (3) 0.00000000000, -0.21900832600, -0.00376845900, -0.46595587200, 0.00000000000, -0.32661975700, -0.35189339500, -0.31828393200, (4) 0.00000000000, 
		-3.29957180900, -0.03495853100, 0.00000000000, -1.19731426400, 0.00000000000, -0.07481392800, 0.00000000000, 1.22966041110, (5) 0.00000000000, 0.03433921470, 0.04133444510, 0.03308229350, 0.00000000000, -2.84361099200, -3.28158453300, -2.72484635700, -2.03832624800, -1.36285783900, -1.09271598800, -0.96075077000, -0.66420912600, -0.43575620600, -0.31927079700, -0.24411701000, 0.00000000000, 0.03256007000, 0.38660778430, 0.00000000000, -0.14856729500, -0.29443813000, 0.39861110990, (3) 0.00000000000, -0.21702856600, 0.00000000000, 0.05615205300, 0.00000000000, 0.19089269470, 0.00000000000, 0.16280801690, 0.46464496310, 0.68877697230, 0.00000000000, 0.67642003700, 0.43477149910, 0.41138770390, 1.15540722100, 0.00000000000, 0.09637101450, 0.41291609400, (3) 0.00000000000, -0.04243516600, -0.06264204400, -0.49387766300, 0.00000000000, -0.27476591000, -0.44810459300, -0.56182839500, (4) 0.00000000000, 
		-3.54673062000, -0.06122085700, 0.00000000000, -1.75412563800, 0.00000000000, -0.82740552100, 0.00000000000, -0.62312088800, (5) 0.00000000000, 0.27921836990, 0.05766241480, -0.00115354800, 0.00000000000, -1.83738576200, -2.36162280200, -1.63172490000, -1.35235432000, -0.99617051500, -0.32303942100, 0.07066035460, 0.17844123670, 0.23489211060, 0.19373267560, 0.39704536510, 0.00000000000, -0.00699934400, 0.14977670560, 0.00000000000, -0.25736499500, -0.18907366500, 0.01580144700, (3) 0.00000000000, -0.05507508300, 0.00000000000, 0.27441575790, 0.00000000000, 0.12441299140, 0.00000000000, 0.20944624830, 0.31461356090, 0.75120561030, 0.00000000000, 0.38222156140, 0.18548243010, 0.10241782370, 0.40500254630, 0.00000000000, 0.02332880980, 0.26959769110, (3) 0.00000000000, -0.23607763300, 0.00248098330, -1.68247737800, 0.00000000000, -0.16470851500, -0.24027453100, -0.36147661700, (4) 0.00000000000, 
		-3.66305028200, -0.05144480900, 0.00000000000, -1.42297964200, 0.00000000000, -0.05175688300, 0.00000000000, -1.07576458800, (5) 0.00000000000, 0.21859680930, 0.06801609200, 0.04454868470, 0.00000000000, -1.97284818500, -2.27754481400, -2.24466872800, -1.34680183100, -0.55927660600, -0.36542181500, -0.39991450000, -0.03961042100, -0.06035640300, -0.14343448200, 0.21898966650, 0.00000000000, 0.00789469540, 0.32531070900, 0.00000000000, -0.24234077200, -0.25425913900, 0.01808826230, (3) 0.00000000000, 0.09470118130, 0.00000000000, -0.11835155600, 0.00000000000, 0.32188712390, 0.00000000000, 0.40030893410, 0.45485060790, 0.48419213410, 0.00000000000, 0.32426054040, 0.21462947130, 0.08713736570, 0.28143197550, 0.00000000000, 0.09009589140, 0.30959920840, (3) 0.00000000000, -0.24834046400, -0.24350045700, -0.01684194900, 0.00000000000, -0.17689295400, -0.07589776600, -0.15332677500, (4) 0.00000000000, 
		-3.53777703600, -0.06713471600, 0.00000000000, -1.89931206500, 0.00000000000, -0.40505937600, 0.00000000000, 0.35482762710, (5) 0.00000000000, 0.15839349710, 0.13789254830, 0.08406046320, 0.00000000000, -2.32677304900, -2.40565489000, -2.34567644100, -1.13148322900, -0.78172928400, -0.35011345400, -0.29005340300, -0.22019905900, -0.07887926000, -0.29983713700, -0.16659842500, 0.00000000000, 0.08494151330, 0.54894549070, 0.00000000000, -0.12725631700, -0.49137360100, -0.34435653900, (3) 0.00000000000, 0.05951619020, 0.00000000000, 0.20897052690, 0.00000000000, 0.21235163980, 0.00000000000, 0.40788673310, 0.47879404250, 0.59848955390, 0.00000000000, 0.51243457860, 0.32326943810, 0.26637345820, 0.29545499550, 0.00000000000, 0.23085469050, 0.32107012060, (3) 0.00000000000, -0.07728817300, 0.04606407500, -1.48574170600, 0.00000000000, -0.27401808900, -0.28728263000, -0.30418013500, (4) 0.00000000000, 
	};

	 //EN Main regression coefficients for heart disease onset/incidence model
	double	HeartDiseaseOnsetMainLinearPred[BOOTSTRAP_INDEX_39][CC_MAIN_LINEAR_PREDICTOR] = {
		-2.57228641200, -0.05018532300, 0.00000000000, 0.58752575240, 0.00000000000, -0.54860363700, (7) 0.00000000000, 0.19725646210, 0.01256817650, 0.07322511120, 0.00000000000, -4.03713267200, -2.72955912100, -2.87027468900, -2.51613685300, -1.85899821900, -1.72346529700, -1.07218603500, -0.97261198500, -0.79432251400, -0.58728223600, -0.38221031200, 0.00000000000, 0.11057430550, -0.08563400000, 0.00000000000, 0.10288532100, 0.23900059890, 0.38435370970, 0.00000000000, -0.12582890500, 0.00000000000, 0.09388053800, 0.00000000000, 0.41162343840, (3) 0.00000000000, 0.35808713760, 0.57267785010, 0.62813587440, 0.00000000000, 0.02471274820, -0.06734923000, -0.28580332000, -0.29933827200, 0.00000000000, -0.01863178000, 0.40683539460, 0.00000000000, -0.28584120700, 0.00000000000, -0.21413249300, -0.26668358600, -0.34177785000, -0.08247845500, -0.16495691100, -0.24743536600, -0.32991382200, 0.00000000000, -0.13886541400, -0.37540759400, -0.12469616100, 
		-2.31462610700, -0.04016256900, 0.00000000000, 0.63782167600, 0.00000000000, -0.56991109200, (7) 0.00000000000, 0.27584275600, -0.11640887400, 0.13618052940, 0.00000000000, -3.95264777800, -3.63345086700, -3.56576371200, -2.73820577900, -1.95183525300, -1.80042998400, -1.41444856700, -1.15139360200, -0.92257981100, -0.95626394100, -0.53538343800, 0.00000000000, 0.01584468940, -0.34912978800, 0.00000000000, 0.11645857270, -0.01628222300, 0.20423110750, 0.00000000000, 0.51602261620, 0.00000000000, -0.13411954300, 0.00000000000, 0.30922056260, (3) 0.00000000000, 0.24628000840, 0.33715486600, 0.58395563550, 0.00000000000, -0.12951663800, -0.16541538400, -0.45935276200, -0.59334159800, 0.00000000000, -0.05500377100, 0.20068435530, 0.00000000000, -0.52712648600, 0.00000000000, -0.15891596600, -0.19403269800, -0.33230934300, -0.02004091600, -0.04008183300, -0.06012274900, -0.08016366500, 0.00000000000, -0.17210119000, -0.66434297600, -0.18533633200, 
		-2.63801640200, -0.06256425400, 0.00000000000, 0.63530382360, 0.00000000000, -0.60080388800, (7) 0.00000000000, 0.33764192880, 0.07421450130, 0.20297684950, 0.00000000000, -4.11028663800, -2.23675387000, -2.62241239500, -2.78124653300, -1.78795734400, -1.72855774300, -0.95357956300, -0.94395482900, -0.83605798700, -0.50105283700, -0.35158292100, 0.00000000000, 0.05019989710, 0.13878247410, 0.00000000000, -0.07398470900, 0.36239367550, 0.35388019850, 0.00000000000, -0.06694825500, 0.00000000000, -0.09878504500, 0.00000000000, 0.52852074500, (3) 0.00000000000, 0.24786085320, 0.54679426640, 0.59185072000, 0.00000000000, 0.36693432780, 0.17542259040, -0.00157893900, -0.10580354300, 0.00000000000, -0.12138692300, 0.36002418540, 0.00000000000, -0.33016608600, 0.00000000000, -0.22650983900, -0.34117249800, -0.71913042200, -0.08148046200, -0.16296092400, -0.24444138600, -0.32592184800, 0.00000000000, -0.22865607500, -0.76351262600, -0.09866463100, 
		-3.03151134600, -0.04476701600, 0.00000000000, 0.63018767040, 0.00000000000, -0.69088861800, (7) 0.00000000000, 0.59093705530, 0.32104122780, 0.47340540910, 0.00000000000, -4.58042014700, -3.36432522200, -2.55028774300, -2.86177873600, -1.86549431300, -1.61431376500, -1.10414871100, -0.89698309600, -0.86612167400, -0.73903170900, -0.71388699900, 0.00000000000, 0.17238320080, -0.04585278500, 0.00000000000, 0.20019120350, 0.53955505110, 0.53017046050, 0.00000000000, -0.01990342600, 0.00000000000, 0.00286327960, 0.00000000000, 0.55296555230, (3) 0.00000000000, 0.11285210530, 0.43211414510, 0.36527646020, 0.00000000000, 0.03883924170, -0.25407743100, -0.36606812700, -0.41134109600, 0.00000000000, -0.09007747300, 0.34865637400, 0.00000000000, -0.15770085500, 0.00000000000, -0.24628077500, -0.18602324100, -0.00858472600, 0.01877853090, 0.03755706180, 0.05633559270, 0.07511412360, 0.00000000000, 0.12482758050, 0.00133092800, -0.33558353900, 
		-2.62110146900, -0.05085842000, 0.00000000000, 0.52245388620, 0.00000000000, -0.54961772900, (7) 0.00000000000, 0.22204756650, -0.04471981800, 0.09130969350, 0.00000000000, -4.33453090700, -2.40762635700, -2.73956680100, -2.44423924900, -1.64104553800, -1.63368369400, -1.04379584600, -0.80267706800, -0.64943649300, -0.63159193200, -0.45399151000, 0.00000000000, 0.12694119280, -0.02978009400, 0.00000000000, 0.03526531190, 0.32644293110, 0.49398113780, 0.00000000000, -0.01015720200, 0.00000000000, -0.09804170000, 0.00000000000, 0.11724925950, (3) 0.00000000000, 0.21657427010, 0.46316954090, 0.59810605360, 0.00000000000, 0.07319284330, 0.17960413850, -0.04230398800, 0.02636235570, 0.00000000000, -0.01857848600, 0.31612997790, 0.00000000000, 0.08903691620, 0.00000000000, -0.24676901000, -0.38327896000, -0.13849928200, -0.06147148000, -0.12294296100, -0.18441444100, -0.24588592200, 0.00000000000, -0.29284178300, -0.68950982600, -0.22347765600, 
		-2.22155379900, -0.04664044700, 0.00000000000, 0.65416466140, 0.00000000000, -0.48839118700, (7) 0.00000000000, -0.05164518800, -0.15491245900, -0.04615328500, 0.00000000000, -4.22674831900, -3.29039042400, -2.72591617600, -2.60968791200, -2.07539039200, -1.83606569600, -1.38918378200, -0.89200279900, -1.10601592900, -0.72610679900, -0.61137404800, 0.00000000000, 0.09272052770, -0.15069583200, 0.00000000000, 0.20644350580, 0.16151528160, 0.26014772620, 0.00000000000, -0.40306887300, 0.00000000000, -0.04563845200, 0.00000000000, 0.54821373340, (3) 0.00000000000, 0.16919656110, 0.59066530440, 0.62277954450, 0.00000000000, -0.25495079000, -0.19310651500, -0.56006527600, -0.84987655400, 0.00000000000, 0.16763887210, 0.50676212910, 0.00000000000, -0.07716833200, 0.00000000000, -0.17596406100, -0.20325976300, 0.01088490660, -0.08368834900, -0.16737669700, -0.25106504600, -0.33475339400, 0.00000000000, -0.23442868100, -0.69414758200, -0.20570406400, 
		-2.69827185200, -0.04833336600, 0.00000000000, 0.58206611830, 0.00000000000, -0.66048545200, (7) 0.00000000000, 0.12593467570, 0.22103194990, 0.16348135830, 0.00000000000, -3.73288799000, -3.49722241600, -2.65384594900, -2.57716871600, -1.84404678500, -1.58534570100, -1.09710855100, -0.92095952400, -0.76920014500, -0.81239556000, -0.53634505300, 0.00000000000, 0.05533544890, -0.17448645800, 0.00000000000, 0.02846128060, 0.07317608800, 0.30073572280, 0.00000000000, 0.10658063730, 0.00000000000, -0.18862614100, 0.00000000000, 0.62101685050, (3) 0.00000000000, 0.30068554580, 0.64310556790, 0.70365434570, 0.00000000000, -0.00426174900, 0.04758811930, -0.25059700300, -0.62501810400, 0.00000000000, 0.05505862250, 0.47703271690, 0.00000000000, -0.42524752500, 0.00000000000, -0.21041517100, -0.21682294200, -0.50225279300, -0.08487174200, -0.16974348400, -0.25461522600, -0.33948696700, 0.00000000000, 0.00650213500, -0.42993000200, 0.09757667730, 
		-2.33217319600, -0.05862882000, 0.00000000000, 0.51301769600, 0.00000000000, -0.49019530100, (7) 0.00000000000, 0.08717614890, -0.03709935800, 0.21002561510, 0.00000000000, -3.81952500600, -2.28644846200, -2.64574670200, -2.90708735300, -2.18470196000, -1.77585590000, -1.34612127500, -0.97583233700, -0.99807182200, -0.71601620100, -0.69194817600, 0.00000000000, 0.11861250980, -0.00662665900, 0.00000000000, 0.01081766030, 0.14564426760, 0.00431072680, 0.00000000000, 0.11585453010, 0.00000000000, 0.07185600120, 0.00000000000, 0.41904221680, (3) 0.00000000000, 0.23672570940, 0.66162766650, 0.56187878690, 0.00000000000, 0.16572234370, -0.09498332600, -0.23500084600, 0.11543118640, 0.00000000000, 0.01139221060, 0.39103321080, 0.00000000000, -0.61820480600, 0.00000000000, -0.19875882300, -0.26466804400, -0.46151955500, -0.09110635200, -0.18221270300, -0.27331905500, -0.36442540700, 0.00000000000, -0.11370960900, -0.36582167900, -0.03606603000, 
		-2.74834831900, -0.04497720400, 0.00000000000, 0.62155489900, 0.00000000000, -0.56137460200, (7) 0.00000000000, 0.44195052310, 0.23280152640, 0.31466606200, 0.00000000000, -3.55984295300, -3.15832727200, -2.46935216700, -2.23343800400, -1.89321727300, -1.66895488600, -1.12655119900, -1.24414665900, -0.85838919000, -0.73779683200, -0.54961262400, 0.00000000000, 0.16256756940, -0.57128828400, 0.00000000000, 0.18744218820, 0.31336113750, 0.19493102070, 0.00000000000, 0.34873271270, 0.00000000000, -0.20114969600, 0.00000000000, 0.33404623050, (3) 0.00000000000, 0.31179193490, 0.55809910780, 0.53302786320, 0.00000000000, 0.06188760200, -0.14092645400, -0.19058816800, -0.18884296100, 0.00000000000, -0.12831635000, 0.41571928720, 0.00000000000, -0.27654094300, 0.00000000000, -0.13724869000, -0.33846305700, -0.41885769000, -0.12636977900, -0.25273955800, -0.37910933800, -0.50547911700, 0.00000000000, -0.23494643700, -0.18144611100, -0.29631026300, 
		-2.76562560100, -0.04864985200, 0.00000000000, 0.53492977420, 0.00000000000, -0.48071277200, (7) 0.00000000000, 0.22545079150, 0.10664558210, -0.10493105300, 0.00000000000, -3.35414823800, -1.83001472300, -2.71326640800, -2.33116652200, -1.67073477200, -1.79375676400, -0.89743746800, -0.54878906100, -0.60861158500, -0.13556424600, -0.11062387300, 0.00000000000, 0.16812786740, -0.99076550600, 0.00000000000, 0.12589258930, 0.00567615150, 0.31072035510, 0.00000000000, -0.26342583200, 0.00000000000, 0.64553669120, 0.00000000000, 0.52660099690, (3) 0.00000000000, 0.38845863150, 0.38644967400, 0.63010150740, 0.00000000000, 0.04352937110, -0.06814155200, -0.29481064900, 0.00399881160, 0.00000000000, 0.01894208430, 0.58964734710, 0.00000000000, -0.39948944300, 0.00000000000, -0.37064550400, -0.38653788600, -0.46684127200, -0.08920583700, -0.17841167400, -0.26761751100, -0.35682334800, 0.00000000000, -0.16452732400, -0.16226740200, -0.17877277800, 
		-2.44796999300, -0.04405011700, 0.00000000000, 0.46147342920, 0.00000000000, -0.63919192300, (7) 0.00000000000, 0.09694216920, -0.09118014900, 0.11493932660, 0.00000000000, -3.66314185300, -2.29569626800, -3.33714534700, -2.40990890500, -1.97160758300, -1.94852309800, -1.29050037800, -0.95559183600, -0.96002380600, -0.56664191800, -0.47608137100, 0.00000000000, 0.08707288690, -0.17621766700, 0.00000000000, 0.18928816350, 0.40271163880, 0.28835251910, 0.00000000000, -0.06346585900, 0.00000000000, -0.19740182400, 0.00000000000, 0.42688967360, (3) 0.00000000000, 0.37843567600, 0.47570083350, 0.50628411160, 0.00000000000, 0.18330399680, 0.14431035880, -0.19666051300, 0.23203614830, 0.00000000000, 0.03326506390, 0.47277631490, 0.00000000000, -0.13398016700, 0.00000000000, -0.05361288300, -0.30797600900, -0.18252435500, -0.14589833600, -0.29179667200, -0.43769500700, -0.58359334300, 0.00000000000, -0.21364454600, -0.53915203700, -0.21405917800, 
		-3.06105523800, -0.04928789000, 0.00000000000, 0.59789878200, 0.00000000000, -0.93877174500, (7) 0.00000000000, 0.32818981470, -0.04134275900, 0.06262142460, 0.00000000000, -3.80284228000, -2.01122080600, -1.95465254700, -2.03880460900, -1.44864457600, -1.20060054800, -0.69812331100, -0.65821556200, -0.37546968700, -0.07590153100, 0.06173840200, 0.00000000000, 0.18761784200, 0.25209950140, 0.00000000000, 0.14885595470, 0.34354590100, 0.42928373030, 0.00000000000, -0.01889245100, 0.00000000000, 0.43144515050, 0.00000000000, 0.43060384790, (3) 0.00000000000, 0.44789004800, 0.66264202230, 0.78937408260, 0.00000000000, -0.03200118800, -0.11060046700, -0.10875075500, 0.06453481620, 0.00000000000, -0.03965374700, 0.34032246830, 0.00000000000, 0.00094972110, 0.00000000000, -0.09313556100, -0.26271401900, -0.29671640100, -0.15832491400, -0.31664982700, -0.47497474100, -0.63329965500, 0.00000000000, -0.15737758300, 0.00729389850, -0.15196948700, 
		-2.59280249800, -0.06037903400, 0.00000000000, 0.68438283160, 0.00000000000, -0.88933161200, (7) 0.00000000000, 0.21995626530, -0.15342919400, 0.01198009610, 0.00000000000, -4.72461755400, -2.61500934300, -3.24240320800, -2.95344854500, -1.86024828700, -1.64945317600, -0.89885850800, -0.86736899200, -0.88341980200, -0.50270047000, -0.51213419200, 0.00000000000, 0.09389223230, -0.28415764900, 0.00000000000, 0.05252443250, 0.19330893670, 0.28186818070, 0.00000000000, -0.26928453500, 0.00000000000, 0.31892830730, 0.00000000000, 0.35360432160, (3) 0.00000000000, 0.36622975480, 0.54496395930, 0.54188261070, 0.00000000000, 0.10087138140, -0.02651522300, -0.22087775600, -0.67565609700, 0.00000000000, 0.06308047390, 0.40157324680, 0.00000000000, -0.32439192700, 0.00000000000, -0.38475273200, -0.36439281900, -1.00122752400, -0.01091804000, -0.02183608000, -0.03275412100, -0.04367216100, 0.00000000000, -0.10616512200, -0.38217143100, -0.21101950200, 
		-2.33168011900, -0.06155293100, 0.00000000000, 0.55603073750, 0.00000000000, -0.61126393900, (7) 0.00000000000, 0.19012302410, -0.16394820000, 0.08721842720, 0.00000000000, -3.95228665500, -2.32621844100, -2.64686137700, -2.09385008300, -1.74433987500, -1.53523019000, -0.61138576500, -0.74236204800, -0.62342927900, -0.40880139400, -0.24757985300, 0.00000000000, 0.13904682880, 0.02129360380, 0.00000000000, 0.25672984210, 0.29342178210, 0.36041338330, 0.00000000000, -0.38690048800, 0.00000000000, 0.15810422970, 0.00000000000, 0.58385107210, (3) 0.00000000000, 0.47682734560, 0.78510186810, 0.62403781390, 0.00000000000, 0.27403192610, 0.08612159450, -0.22869138900, -0.19444419200, 0.00000000000, -0.18836212900, 0.26443657570, 0.00000000000, -0.26341332400, 0.00000000000, -0.27355604500, -0.34056704900, -0.27104305700, -0.21581808300, -0.43163616600, -0.64745424900, -0.86327233300, 0.00000000000, -0.21526394100, -0.70619330300, -0.13641050100, 
		-2.19972888500, -0.06179089400, 0.00000000000, 0.55143556410, 0.00000000000, -0.50668010700, (7) 0.00000000000, 0.19739416550, -0.20018885200, -0.07469818300, 0.00000000000, -4.52528245500, -2.68715526900, -2.81510140600, -2.94516383400, -2.12180636800, -1.84977041700, -1.33982013700, -1.17702309600, -0.69113863500, -0.88340993600, -0.62230466200, 0.00000000000, 0.12420683470, 0.04004351080, 0.00000000000, 0.10900514650, 0.33480843110, 0.53597931270, 0.00000000000, 0.19662656580, 0.00000000000, -0.20917810000, 0.00000000000, 0.24743207360, (3) 0.00000000000, 0.28336496000, 0.51989493450, 0.59323442630, 0.00000000000, -0.05758328000, 0.01256919770, -0.20761333400, 0.01257097300, 0.00000000000, 0.01118337400, 0.39784142790, 0.00000000000, -0.37164227400, 0.00000000000, -0.14155436300, -0.22427505300, -0.02602297500, -0.12886311500, -0.25772623000, -0.38658934500, -0.51545246000, 0.00000000000, -0.12144263000, -0.25243417300, -0.03547219900, 
		-2.99079714700, -0.03961889900, 0.00000000000, 0.47427227010, 0.00000000000, -0.59053262300, (7) 0.00000000000, 0.28760273750, 0.03159135900, 0.23738430810, 0.00000000000, -4.06371395600, -3.56362309100, -2.59111673700, -2.84773682400, -1.76984602700, -1.65312474000, -1.33435757300, -1.00574972900, -0.65135145700, -0.58706587800, -0.19450971700, 0.00000000000, 0.10667266430, 0.24748785400, 0.00000000000, 0.09497907180, 0.32540203540, 0.32912325580, 0.00000000000, -0.16813768300, 0.00000000000, 0.32853637480, 0.00000000000, 0.50587277210, (3) 0.00000000000, 0.40352802120, 0.61093659340, 0.65831989550, 0.00000000000, -0.05855666100, -0.12006965500, -0.10804997700, -0.61874910900, 0.00000000000, -0.07522652100, 0.27291482800, 0.00000000000, -0.36231685000, 0.00000000000, -0.08079213900, -0.15881701300, -0.15316011600, -0.00619700500, -0.01239400900, -0.01859101400, -0.02478801800, 0.00000000000, -0.20739009300, -0.54525919500, -0.06356057400, 
		-2.27972776500, -0.06692330800, 0.00000000000, 0.58317918800, 0.00000000000, -0.82794406400, (7) 0.00000000000, 0.29047934570, 0.12107734800, -0.05938403300, 0.00000000000, -4.29585909100, -2.39823484200, -2.27303364900, -2.54364572900, -1.86865099100, -1.72688762300, -1.15198154100, -1.14407123200, -0.84669609100, -0.80864695500, -0.52376451200, 0.00000000000, 0.14922760760, -0.01417702100, 0.00000000000, 0.05497244870, 0.10884807380, 0.55726403520, 0.00000000000, -0.09758030900, 0.00000000000, -0.17289777800, 0.00000000000, 0.52291742130, (3) 0.00000000000, 0.28596505170, 0.41053673000, 0.51639984440, 0.00000000000, 0.33775939270, 0.14522341490, -0.09023143800, -0.17957198900, 0.00000000000, 0.07714348190, 0.54959239030, 0.00000000000, -0.42116445900, 0.00000000000, -0.25257655000, -0.44853529900, -0.51024081000, -0.24056758000, -0.48113515900, -0.72170273900, -0.96227031900, 0.00000000000, -0.00976487800, -0.02483398100, -0.24423561400, 
		-2.86274281600, -0.05073429200, 0.00000000000, 0.57517278240, 0.00000000000, -0.59891781300, (7) 0.00000000000, 0.37158020260, 0.04920381650, 0.15383010600, 0.00000000000, -3.57926567900, -2.33133392900, -3.40081744300, -2.46374972300, -1.69797348000, -1.46064437800, -0.77652667700, -1.03558391800, -0.77671459800, -0.18560884800, -0.15613003000, 0.00000000000, 0.14639715610, 0.11426403130, 0.00000000000, 0.27117270870, 0.15860114010, 0.38394587520, 0.00000000000, -0.36054074600, 0.00000000000, 0.14173513420, 0.00000000000, 0.37593800260, (3) 0.00000000000, 0.39391873960, 0.54340320230, 0.56422159040, 0.00000000000, 0.07401862540, 0.09816997580, -0.14771235600, 0.05630099770, 0.00000000000, 0.08910965750, 0.58380616790, 0.00000000000, -0.77669332800, 0.00000000000, -0.48782810100, -0.35154186600, -0.73531723400, -0.11716225200, -0.23432450300, -0.35148675500, -0.46864900600, 0.00000000000, -0.13507680700, -0.20696010300, -0.10331205200, 
		-3.13244728200, -0.02949798500, 0.00000000000, 0.73180925320, 0.00000000000, -0.45134287300, (7) 0.00000000000, 0.33654310740, 0.19349163940, 0.20691293770, 0.00000000000, -4.27901422000, -2.70384322500, -3.09068232200, -2.18494505200, -1.77176692100, -1.55305339700, -0.87250664100, -1.34903951400, -0.99022735800, -0.68422347700, -0.40343295200, 0.00000000000, 0.13208294350, -0.36707531800, 0.00000000000, 0.09446000650, 0.43065688190, 0.23399511730, 0.00000000000, -0.09587902400, 0.00000000000, 0.20291612610, 0.00000000000, 0.24180187530, (3) 0.00000000000, 0.35454618660, 0.50993950800, 0.70536806990, 0.00000000000, 0.00539810030, -0.26312725900, -0.47246902100, -0.88696758200, 0.00000000000, 0.07506494480, 0.56896621480, 0.00000000000, -0.34505288300, 0.00000000000, -0.21389762700, -0.26011368800, -0.57119374100, 0.01745843070, 0.03491686130, 0.05237529200, 0.06983372270, 0.00000000000, -0.21831102800, -0.23450543600, 0.07083609960, 
		-2.57020963600, -0.06265952600, 0.00000000000, 0.47501316510, 0.00000000000, -0.71484824300, (7) 0.00000000000, 0.32834247290, 0.18340873960, -0.01609987500, 0.00000000000, -4.18537658700, -3.96445653000, -3.21148675200, -2.60333445400, -1.99478573700, -1.73154497200, -0.97323106400, -1.06711276600, -0.70334104600, -0.53467356500, -0.49983262200, 0.00000000000, 0.13895532870, -0.24042098600, 0.00000000000, 0.05576865210, 0.27498071740, 0.47368095990, 0.00000000000, -0.13281010800, 0.00000000000, 0.01905716450, 0.00000000000, 0.36129840890, (3) 0.00000000000, 0.31859016570, 0.52886463100, 0.65556589540, 0.00000000000, 0.17747838420, 0.08192413990, -0.14976591400, -0.39468030100, 0.00000000000, -0.15864177900, 0.22930737950, 0.00000000000, -0.15924108400, 0.00000000000, -0.11289368200, -0.17071231500, -0.14071668500, -0.08429412700, -0.16858825400, -0.25288238100, -0.33717650700, 0.00000000000, -0.00672753200, -0.14991460700, -0.00238625600, 
		-2.37965708700, -0.03761146200, 0.00000000000, 0.54382131130, 0.00000000000, -0.47154586200, (7) 0.00000000000, 0.24780378570, 0.04751852770, 0.05770898660, 0.00000000000, -4.17030352400, -2.76694882400, -3.09424833100, -2.53719509700, -2.28076616500, -1.84961781900, -1.03317706000, -1.11598338200, -1.13179991900, -0.67262331200, -0.36404671300, 0.00000000000, 0.04987979900, -0.13659634700, 0.00000000000, 0.17002168740, 0.13008188670, 0.50519258060, 0.00000000000, -0.14317649200, 0.00000000000, 0.06846783140, 0.00000000000, 0.35477230060, (3) 0.00000000000, 0.37973449680, 0.30880241020, 0.57428157040, 0.00000000000, 0.00206406610, -0.20097920100, -0.43359593900, -0.59164297700, 0.00000000000, -0.06551566400, 0.51121474550, 0.00000000000, -0.16989008700, 0.00000000000, -0.11467405800, -0.10706206100, -0.38396398800, -0.13206894900, -0.26413789800, -0.39620684600, -0.52827579500, 0.00000000000, -0.15913525100, -0.44436738300, -0.01195606000, 
		-2.68119713000, -0.04953738900, 0.00000000000, 0.58275146690, 0.00000000000, -0.68004042700, (7) 0.00000000000, 0.41043086160, 0.06679436560, 0.22332339110, 0.00000000000, -3.78075575900, -3.32197784600, -2.98801353300, -2.61229566000, -1.58502629400, -1.52643405700, -0.86441649500, -1.03931567900, -0.99645162300, -0.54981729600, -0.52523626000, 0.00000000000, 0.10516415270, -0.35091799700, 0.00000000000, -0.00275739200, 0.00834027600, 0.30713313470, 0.00000000000, 0.02742100390, 0.00000000000, 0.37442761290, 0.00000000000, 0.33461528960, (3) 0.00000000000, 0.44155063320, 0.43411585670, 0.74420110570, 0.00000000000, 0.04282856950, -0.06956256400, -0.38289100800, -0.32809769000, 0.00000000000, -0.13480633300, 0.28523640440, 0.00000000000, -0.20538312900, 0.00000000000, -0.16622067700, -0.13629613100, -0.04014539400, -0.07712939800, -0.15425879600, -0.23138819400, -0.30851759100, 0.00000000000, -0.07153813600, -0.14631008800, -0.14983731700, 
		-2.87742238000, -0.05869898200, 0.00000000000, 0.52578264860, 0.00000000000, -0.35050069700, (7) 0.00000000000, 0.11720251850, -0.22811172900, -0.23629328800, 0.00000000000, -4.95293643800, -2.14013541600, -2.85014609700, -2.45807044600, -1.49649957000, -1.49589059500, -0.91490898300, -0.50433360600, -0.44597008100, -0.30792857800, -0.18187215200, 0.00000000000, 0.15902590320, 0.13150947280, 0.00000000000, 0.07355891570, 0.34834265680, 0.40318221500, 0.00000000000, -0.42944206300, 0.00000000000, 0.20578727430, 0.00000000000, 0.22161965720, (3) 0.00000000000, 0.29770252100, 0.61026553430, 0.68932231050, 0.00000000000, 0.27702370560, 0.06016951250, -0.14823943200, 0.01235051590, 0.00000000000, -0.00574844600, 0.44929038460, 0.00000000000, -0.29264007100, 0.00000000000, -0.27629761600, -0.16466836700, -0.26630590600, -0.04055288000, -0.08110576000, -0.12165864000, -0.16221152000, 0.00000000000, -0.09699288900, -0.72112829700, -0.20543728200, 
		-2.61609925300, -0.04931414700, 0.00000000000, 0.66582671010, 0.00000000000, -0.44140986800, (7) 0.00000000000, 0.19919631910, -0.19871450700, -0.02108441500, 0.00000000000, -3.41443128300, -1.88613233100, -2.79322991100, -2.07041732600, -1.49034918100, -1.17315763600, -0.72067834800, -0.50768151300, -0.27770555200, -0.11958043300, 0.15952394720, 0.00000000000, 0.14147957660, 0.11107499700, 0.00000000000, 0.11515587060, 0.09091194150, 0.10672436340, 0.00000000000, -0.27484905300, 0.00000000000, 0.53499008760, 0.00000000000, 0.41864144390, (3) 0.00000000000, 0.33725588030, 0.38090824610, 0.44126996580, 0.00000000000, 0.05987888570, -0.21218474900, -0.65034368500, -0.30115623700, 0.00000000000, -0.04553267200, 0.38445249640, 0.00000000000, -0.52617658100, 0.00000000000, -0.48027595200, -0.21848976400, -0.64292123900, -0.10293852400, -0.20587704800, -0.30881557200, -0.41175409600, 0.00000000000, -0.11008490100, -0.64017254500, -0.23272339300, 
		-2.38721482400, -0.05069837900, 0.00000000000, 0.64216501520, 0.00000000000, -0.46755811300, (7) 0.00000000000, 0.21090007090, 0.06686704630, -0.07183700900, 0.00000000000, -4.50446547300, -2.63915953700, -2.86858110100, -2.46903326000, -1.89217432300, -1.75918045800, -0.96996044900, -1.31323534400, -1.01947829400, -0.67741762000, -0.44812060900, 0.00000000000, 0.07351718630, -0.60634421400, 0.00000000000, 0.17747348160, 0.30902114340, 0.50230861420, 0.00000000000, -0.12191895200, 0.00000000000, 0.12415073200, 0.00000000000, 0.42666111490, (3) 0.00000000000, 0.68481029990, 0.81496370410, 0.44713725000, 0.00000000000, -0.01660151500, -0.29340711400, -0.45746948200, -0.49683324600, 0.00000000000, -0.03639277000, 0.43881865550, 0.00000000000, 0.08430197680, 0.00000000000, -0.29345110700, -0.22597164700, -0.25680650700, -0.13419981200, -0.26839962400, -0.40259943600, -0.53679924800, 0.00000000000, -0.15118239300, -0.35023287000, -0.11855368900, 
		-2.34372466100, -0.03636558800, 0.00000000000, 0.67225243520, 0.00000000000, -0.61197274300, (7) 0.00000000000, 0.26357061840, 0.17267746120, 0.06835992490, 0.00000000000, -4.20991357900, -2.31629792500, -3.13842409700, -2.22142104500, -1.92527711700, -1.87018182500, -1.43065537400, -0.99600756800, -1.10528876000, -0.32323964100, -0.48775471400, 0.00000000000, 0.14287122890, -0.11840207700, 0.00000000000, 0.07577890000, 0.11966648660, -0.38822440400, 0.00000000000, -0.47983524000, 0.00000000000, -0.12857077900, 0.00000000000, 0.23017504000, (3) 0.00000000000, 0.40088164730, 0.41186213620, 0.69815012930, 0.00000000000, -0.01129244100, -0.13400101200, -0.33181792200, -0.30108240300, 0.00000000000, -0.06512765900, 0.44682190420, 0.00000000000, -0.59117746200, 0.00000000000, -0.24697060700, -0.15559001400, -0.41752750600, -0.16728579300, -0.33457158600, -0.50185737800, -0.66914317100, 0.00000000000, -0.18895878200, -0.41969152400, -0.32806106000, 
		-2.85988927000, -0.04311267800, 0.00000000000, 0.51624094910, 0.00000000000, -0.44562576000, (7) 0.00000000000, 0.21992419400, 0.05137326800, 0.08242183680, 0.00000000000, -3.63361643500, -3.48801998200, -2.74378674900, -2.37084604500, -1.88499478200, -1.63238939500, -0.97924566900, -0.67552268800, -0.61032913600, -0.47846027000, -0.15505069300, 0.00000000000, 0.13068611050, -0.02705771600, 0.00000000000, -0.00007871200, 0.28500207520, 0.14296081530, 0.00000000000, -0.06830229500, 0.00000000000, 0.06545474690, 0.00000000000, 0.25089699070, (3) 0.00000000000, 0.32313609710, 0.53080617760, 0.63246566330, 0.00000000000, -0.00215866300, -0.01650276700, -0.36332426200, -1.02867609800, 0.00000000000, 0.14066169030, 0.66502251740, 0.00000000000, -0.40363197100, 0.00000000000, -0.20973331000, -0.30895939400, -0.23901849500, -0.02819711000, -0.05639421900, -0.08459132900, -0.11278843800, 0.00000000000, -0.15248838600, -0.30532227700, -0.08441799200, 
		-2.33777842200, -0.06768454400, 0.00000000000, 0.62586765930, 0.00000000000, -0.61573610900, (7) 0.00000000000, -0.00842154400, -0.31893621200, -0.08424408100, 0.00000000000, -3.96028258300, -2.53562731400, -3.15782304500, -2.83138778600, -1.65129478700, -1.51772579900, -0.97038829600, -1.09012384500, -0.78212137300, -0.55970984900, -0.35335646900, 0.00000000000, 0.12590073330, -0.24674119500, 0.00000000000, 0.13913976080, 0.11806980130, 0.39705085800, 0.00000000000, 0.06444320250, 0.00000000000, -0.09147466500, 0.00000000000, 0.42454331800, (3) 0.00000000000, 0.48828118360, 0.50373676520, 0.77543485710, 0.00000000000, 0.18982378370, -0.21732612100, -0.37453384200, -0.20122490600, 0.00000000000, 0.02590562090, 0.49394447720, 0.00000000000, -0.11812166000, 0.00000000000, -0.23443121700, -0.32571422200, -0.31988140700, -0.13035142600, -0.26070285200, -0.39105427800, -0.52140570400, 0.00000000000, -0.01440904000, -0.46893905900, -0.00548641200, 
		-2.58049944400, -0.04882883500, 0.00000000000, 0.60294792530, 0.00000000000, -0.59976332800, (7) 0.00000000000, 0.27645829390, -0.11259788500, 0.04862397060, 0.00000000000, -4.13279459400, -2.66137985900, -3.85063136400, -2.62787579200, -2.17572742100, -1.94487523500, -1.04855189500, -1.17990466800, -1.01818417000, -0.75386043200, -0.33369431800, 0.00000000000, 0.07275647900, 0.39484870890, 0.00000000000, 0.12674150720, 0.38059086540, 0.44773393960, 0.00000000000, -1.06040128400, 0.00000000000, 0.22349138140, 0.00000000000, 0.25440904360, (3) 0.00000000000, 0.24530078310, 0.35181633760, 0.34856310430, 0.00000000000, 0.18070002270, 0.21940443850, -0.13011586200, 0.14660793180, 0.00000000000, 0.06549144670, 0.48832437500, 0.00000000000, -0.17777605400, 0.00000000000, -0.39645715200, -0.22813002100, -0.35241077800, -0.05534893200, -0.11069786500, -0.16604679700, -0.22139572900, 0.00000000000, -0.05357964200, -0.41020007700, -0.24336820000, 
		-2.33535092900, -0.04624729300, 0.00000000000, 0.75384592290, 0.00000000000, -0.99360431300, (7) 0.00000000000, 0.21861541340, -0.08139715600, 0.00875562250, 0.00000000000, -3.79000813800, -3.58825341400, -2.83379701300, -2.42793699200, -1.83306851100, -1.58760777900, -0.98551309600, -0.88347666300, -0.80657333600, -0.44095355200, -0.71035692100, 0.00000000000, 0.13511178250, 0.02921158590, 0.00000000000, 0.15348745650, 0.17769698910, 0.43607704990, 0.00000000000, -0.18182032700, 0.00000000000, -0.37080670000, 0.00000000000, 0.39844794950, (3) 0.00000000000, 0.13173392250, 0.60969613120, 0.50248187470, 0.00000000000, -0.30107098900, -0.21972246100, -0.67515645600, -1.33324178800, 0.00000000000, -0.05124085900, 0.31995273140, 0.00000000000, -0.21143300500, 0.00000000000, -0.31751564000, -0.34332264000, -0.68731733000, -0.01570366900, -0.03140733800, -0.04711100700, -0.06281467600, 0.00000000000, -0.18967442900, -0.22639364200, -0.39199343700, 
		-2.65711264500, -0.03320471100, 0.00000000000, 0.47778460640, 0.00000000000, -0.79532893100, (7) 0.00000000000, 0.36600005950, 0.26405559440, 0.36426205720, 0.00000000000, -4.26901296700, -3.37693900300, -3.01323319800, -2.63177027800, -2.11038401500, -2.10807198900, -1.04307547900, -1.32388958400, -0.80335380600, -0.56412268600, -0.30471387600, 0.00000000000, 0.12924953230, -0.00887192500, 0.00000000000, -0.03062104200, 0.31223621390, 0.36450716720, 0.00000000000, -0.33448398100, 0.00000000000, 0.20764961540, 0.00000000000, 0.28107572050, (3) 0.00000000000, 0.21459298020, 0.39073420980, 0.50183448930, 0.00000000000, -0.06479425600, -0.04029931900, -0.30840231100, -0.36038885200, 0.00000000000, 0.12463568670, 0.50047258080, 0.00000000000, -0.83931597700, 0.00000000000, -0.23560040800, -0.37362993500, -0.66776907800, -0.04870038900, -0.09740077700, -0.14610116600, -0.19480155500, 0.00000000000, -0.09734189900, -0.37212810200, -0.02124195300, 
		-2.70077770100, -0.03453382300, 0.00000000000, 0.68970833690, 0.00000000000, -0.07902766300, (7) 0.00000000000, 0.31160906480, 0.20631625420, 0.14024426580, 0.00000000000, -3.72696864600, -2.38431593200, -2.57939086700, -2.69845011400, -1.78413733700, -1.24463058000, -0.98754158800, -0.58333709900, -0.53932460600, -0.22433145600, -0.02067052800, 0.00000000000, 0.17732544400, -0.10632701900, 0.00000000000, 0.10916228080, 0.15985216760, 0.47311392790, 0.00000000000, -0.00927565500, 0.00000000000, 0.13693343830, 0.00000000000, 0.30297055670, (3) 0.00000000000, 0.30848428950, 0.51060271200, 0.59391554100, 0.00000000000, -0.31380069500, -0.34144780000, -0.54440619300, -0.28929996400, 0.00000000000, -0.03946819900, 0.32079365670, 0.00000000000, -0.34295051600, 0.00000000000, -0.35189465000, -0.23936004100, -0.57867684700, -0.10035213000, -0.20070426000, -0.30105639000, -0.40140852000, 0.00000000000, -0.06617992700, -0.32178246700, -0.24947117200, 
		-2.56073238100, -0.03363350700, 0.00000000000, 0.57382142690, 0.00000000000, -0.44569735900, (7) 0.00000000000, 0.43535102090, 0.17586005310, 0.43233891120, 0.00000000000, -4.19712931600, -4.20009045500, -3.03695417800, -2.56643401500, -1.74117759400, -1.64913487400, -1.05875569700, -1.02433035500, -0.81448433100, -0.66988895200, -0.64899992300, 0.00000000000, 0.11435882180, 0.09985327790, 0.00000000000, -0.05862922500, 0.31127092300, 0.32504732520, 0.00000000000, -0.18214505400, 0.00000000000, -0.02897047200, 0.00000000000, 0.47928078390, (3) 0.00000000000, 0.25029829450, 0.54518300570, 0.35026364940, 0.00000000000, -0.16712661600, -0.34419421000, -0.46572519600, -0.56187349600, 0.00000000000, -0.08360096000, 0.37653988020, 0.00000000000, -0.28219812700, 0.00000000000, -0.33413576100, -0.33525491700, -0.55125112600, -0.06239905700, -0.12479811300, -0.18719717000, -0.24959622700, 0.00000000000, -0.05360337700, -0.21883291800, 0.05633609330, 
		-3.16638094500, -0.05367429000, 0.00000000000, 0.49100661840, 0.00000000000, -0.46486834600, (7) 0.00000000000, 0.49857179110, 0.10897489520, 0.11671771780, 0.00000000000, -4.16575787900, -2.99373668800, -2.90371813200, -2.65426122100, -1.82108179600, -1.75100361800, -1.01822059900, -0.72399297700, -0.74849956800, -0.34917666500, -0.26203675400, 0.00000000000, 0.15767881990, 0.32147103760, 0.00000000000, 0.12408673680, 0.09887971870, 0.46288784370, 0.00000000000, -0.37653206800, 0.00000000000, 0.47548735620, 0.00000000000, 0.36870037680, (3) 0.00000000000, 0.10950966100, 0.27438417300, 0.66331877390, 0.00000000000, 0.22660272060, 0.20623712170, 0.09740723630, -0.39273504700, 0.00000000000, -0.02912622000, 0.50524410920, 0.00000000000, -0.25490406600, 0.00000000000, -0.08800232200, 0.11612941630, 0.01096338240, -0.00648802500, -0.01297605000, -0.01946407500, -0.02595210000, 0.00000000000, -0.21115038300, -0.12051015200, -0.10551438800, 
		-2.37186095700, -0.03873999600, 0.00000000000, 0.47683553500, 0.00000000000, -0.74260999800, (7) 0.00000000000, 0.21516831880, -0.16779720800, 0.07803000350, 0.00000000000, -3.39769923000, -3.63261510400, -3.31542834900, -2.57702065400, -1.63894420300, -1.51835682100, -0.88830450500, -0.89216336000, -0.66810243900, -0.43437174700, -0.13487461100, 0.00000000000, 0.15172330170, 0.11492393090, 0.00000000000, -0.05031749900, 0.08911207950, 0.52638576000, 0.00000000000, -0.09267131100, 0.00000000000, 0.63626491340, 0.00000000000, 0.28388189710, (3) 0.00000000000, 0.19462013210, 0.49440065120, 0.43359558620, 0.00000000000, -0.15210328500, -0.27987518300, -0.43611037700, -0.55594438200, 0.00000000000, -0.03779979600, 0.29670612080, 0.00000000000, -0.22321001600, 0.00000000000, -0.20599826800, -0.08263514300, -0.71704607800, -0.10829198100, -0.21658396200, -0.32487594400, -0.43316792500, 0.00000000000, 0.02681128740, -0.72546871800, 0.10813927690, 
		-2.81396688200, -0.07101523300, 0.00000000000, 0.53653096360, 0.00000000000, -0.52253561600, (7) 0.00000000000, 0.28838552310, -0.02000704500, 0.07076243590, 0.00000000000, -3.69185556600, -2.46846001600, -2.81713954800, -2.88306941300, -1.87938302300, -1.52438660200, -0.80757238900, -0.99352691500, -0.67527962600, -0.45991953100, -0.25425144400, 0.00000000000, 0.06727936900, -0.06717684800, 0.00000000000, 0.02888908720, 0.25554543380, 0.50595984030, 0.00000000000, 0.26027078980, 0.00000000000, -0.00489646400, 0.00000000000, 0.36764606370, (3) 0.00000000000, 0.40131976530, 0.61564184440, 0.63869250220, 0.00000000000, 0.29690556570, 0.09998553840, -0.16841270400, -0.47716744400, 0.00000000000, 0.05987274350, 0.40997536270, 0.00000000000, -0.39611793900, 0.00000000000, -0.01160530600, -0.09752865900, -0.11269624200, -0.07755317200, -0.15510634300, -0.23265951500, -0.31021268600, 0.00000000000, -0.25080360700, -0.74806181700, -0.01975599000, 
		-2.69485664000, -0.04836979900, 0.00000000000, 0.69067707490, 0.00000000000, -0.21331823700, (7) 0.00000000000, 0.39181500400, 0.15574667200, 0.06186837020, 0.00000000000, -4.70601684100, -2.95097981400, -2.36428912500, -3.13562117100, -1.86914862100, -1.72703502800, -1.00858530100, -1.15370866900, -0.80224533500, -0.39658185200, -0.33728783300, 0.00000000000, 0.08324245540, -0.39883917000, 0.00000000000, -0.01174983800, 0.20045829760, -0.04121581900, 0.00000000000, -0.41757100700, 0.00000000000, -0.02610168400, 0.00000000000, 0.38836840450, (3) 0.00000000000, 0.31290511930, 0.73285742590, 0.64558682140, 0.00000000000, -0.03196487800, 0.01045921820, -0.16241122800, -0.55472226200, 0.00000000000, -0.18500184800, 0.30923790750, 0.00000000000, -0.23280482100, 0.00000000000, -0.24633724200, -0.17742399900, -0.66639039500, -0.08564379300, -0.17128758700, -0.25693138000, -0.34257517400, 0.00000000000, -0.09087864200, -0.13686298900, -0.21235564400, 
		-3.16364841900, -0.03180955100, 0.00000000000, 0.57943511640, 0.00000000000, -0.22415569100, (7) 0.00000000000, 0.27420751380, -0.01444894400, 0.09451523400, 0.00000000000, -3.32224359000, -2.32392606200, -2.27918559000, -2.20241350600, -1.64283562700, -1.28421201100, -0.70676752500, -0.98818621300, -0.63758390200, -0.17130182100, -0.30789985900, 0.00000000000, 0.14776995960, -0.63647863500, 0.00000000000, 0.21413679090, 0.34637573430, 0.46004453480, 0.00000000000, 0.01967665050, 0.00000000000, 0.72843937670, 0.00000000000, 0.26185226820, (3) 0.00000000000, 0.45992235620, 0.74803637800, 0.74895823780, 0.00000000000, 0.34607124380, 0.12626960230, -0.27967731300, 0.20892642760, 0.00000000000, 0.02462180820, 0.40325724330, 0.00000000000, 0.18056223290, 0.00000000000, -0.21027835800, -0.26853190500, -0.17683708400, -0.17720048800, -0.35440097600, -0.53160146300, -0.70880195100, 0.00000000000, -0.27067699200, -0.56349603200, -0.16749998200, 
		-2.91521398700, -0.02618817500, 0.00000000000, 0.60039757620, 0.00000000000, -0.33248992600, (7) 0.00000000000, 0.31034782070, 0.15613932710, 0.15275046910, 0.00000000000, -4.08472884800, -2.98059772300, -2.73228239800, -2.50428981400, -1.98631733700, -2.04398624100, -1.11981214200, -0.94491354900, -0.92198670900, -0.58564884800, -0.34216211600, 0.00000000000, 0.12131680960, 0.16413719540, 0.00000000000, 0.15445531630, 0.33854993580, 0.12133352050, 0.00000000000, 0.11996576800, 0.00000000000, -0.06792042600, 0.00000000000, 0.35604232840, (3) 0.00000000000, 0.50296679210, 0.57147504590, 0.73373777470, 0.00000000000, -0.05940220700, 0.07130199940, -0.23379590900, -0.40811432400, 0.00000000000, -0.08313076800, 0.42835502900, 0.00000000000, -0.66233647300, 0.00000000000, -0.24638997100, -0.31200331600, -0.76667268400, -0.06320174100, -0.12640348200, -0.18960522200, -0.25280696300, 0.00000000000, -0.11820192400, -0.58664600600, -0.03043562100, 
		-3.18764043400, -0.04591243700, 0.00000000000, 0.49335258860, 0.00000000000, -0.55719484900, (7) 0.00000000000, 0.38726127510, 0.26566065640, 0.33678724650, 0.00000000000, -3.57774783900, -2.59004760300, -2.56418434700, -2.34913178000, -1.73546132700, -1.56878784600, -0.68633860300, -0.80632533600, -0.75275041200, -0.57379145400, -0.35341563400, 0.00000000000, 0.13308604860, 0.25229039360, 0.00000000000, 0.07758784770, 0.34389457970, 0.29766814230, 0.00000000000, -0.02865373500, 0.00000000000, 0.28262190080, 0.00000000000, 0.68511155410, (3) 0.00000000000, 0.37880385640, 0.57757406410, 0.75332763190, 0.00000000000, -0.06166112100, 0.01923952320, -0.28083714200, -0.69578226500, 0.00000000000, -0.03735433400, 0.39967185810, 0.00000000000, -0.16176909000, 0.00000000000, -0.27314750500, -0.31477987000, -0.10054273300, -0.01299672700, -0.02599345300, -0.03899018000, -0.05198690700, 0.00000000000, -0.07873414500, -0.14678829500, 0.15076498250, 
	};

	 //EN Main regression coefficients for diabetes onset/incidence model
	double	DiabetesOnsetMainLinearPred[BOOTSTRAP_INDEX_39][CC_MAIN_LINEAR_PREDICTOR] = {
		-4.37815532900, 0.00879829950, 0.00000000000, 0.12264995100, 0.00000000000, 0.83221608620, (7) 0.00000000000, 0.02176464320, -0.01999223000, -0.37038882700, 0.00000000000, -3.80881550600, -3.77515479500, -2.68459914400, -2.26591486600, -1.73500403100, -1.22814572400, -0.74062671500, -0.34809579600, -0.40907103300, -0.09241021400, 0.38244746410, 0.00000000000, 0.02194835370, 2.12008971140, 0.00000000000, 2.00373981250, 3.80152383190, 5.49252501850, 0.00000000000, 0.10361662620, 0.00000000000, 0.57027514200, (3) 0.00000000000, 0.08697628300, 0.00000000000, 0.07572537390, -0.02819986300, -0.01013199600, 0.00000000000, 0.31712238900, -0.05744529100, -0.34718848300, -0.12981942800, 0.00000000000, 0.21548354750, 0.14408821510, (3) 0.00000000000, -0.00059817600, -0.04113152500, 0.31279462970, 0.00000000000, -0.08609086000, -0.24403085700, -0.34068827000, 0.00000000000, -0.08290492000, -0.16054958100, -0.21312922600, 
		-4.00111786600, 0.02531872330, 0.00000000000, 0.00213653900, 0.00000000000, 0.33801891130, (7) 0.00000000000, -0.02904643700, -0.00617388700, -0.19962425200, 0.00000000000, -4.23750599000, -3.46922984700, -2.97053896900, -2.13671996200, -2.03085132400, -1.26727033000, -0.51145283700, -0.16914419500, -0.20111490600, 0.17728694830, 0.44307374230, 0.00000000000, 0.08111912410, -167.51688530000, 0.00000000000, 2.16320940260, 3.56430554730, 5.89908256890, 0.00000000000, -0.05158702400, 0.00000000000, 0.21533292650, (3) 0.00000000000, 0.30793857500, 0.00000000000, 0.06178687990, -0.08192581500, 0.07432707010, 0.00000000000, 0.24312595300, -0.03707015000, -0.50491993600, -0.30704383700, 0.00000000000, 0.16449619400, 0.09709356510, (3) 0.00000000000, -0.07583666700, -0.04756519600, 0.49895637950, 0.00000000000, -0.27113544600, -0.55209050900, -0.31522977400, 0.00000000000, -0.17403149700, -0.16491493700, -0.40952375400, 
		-5.11423938700, 0.01510563560, 0.00000000000, -0.07612810400, 0.00000000000, 0.90251129340, (7) 0.00000000000, -0.07214657000, -0.14793944000, -0.50078478800, 0.00000000000, -3.04896059200, -2.63391396700, -2.15099648500, -1.44637424900, -1.23146468000, -0.82524191900, -0.37844530600, -0.00626920600, 0.00061806480, 0.36994691050, 0.78738988990, 0.00000000000, 0.07605448720, 0.54524569710, 0.00000000000, 1.85334564800, 3.55451145610, 5.64772729920, 0.00000000000, 0.30829895760, 0.00000000000, 0.43526021850, (3) 0.00000000000, 0.21567648230, 0.00000000000, -0.00019939900, -0.01855584800, 0.08645489940, 0.00000000000, 0.27917096880, -0.22768475500, -0.39625936000, -0.41730989700, 0.00000000000, 0.35254223400, 0.46015040820, (3) 0.00000000000, 0.16873347230, 0.22125604760, 0.38200504850, 0.00000000000, -0.07355560800, -0.19979153700, -0.20651442600, 0.00000000000, -0.10647570400, -0.13180056400, -0.27354126000, 
		-4.26160486700, 0.01236929100, 0.00000000000, 0.28261734280, 0.00000000000, 0.61230513870, (7) 0.00000000000, -0.02825915700, -0.32476230600, -0.43635187200, 0.00000000000, -4.23604712100, -4.15746881900, -2.66917518600, -2.26003125500, -1.62555456100, -1.31467535800, -0.47848152200, -0.30002590900, -0.16999513100, 0.04685097960, 0.21048197190, 0.00000000000, -0.04078329200, 0.91649567910, 0.00000000000, 1.28136352170, 3.27938012810, 6.71044397430, 0.00000000000, 0.19249706660, 0.00000000000, 0.61501524780, (3) 0.00000000000, -0.20032043000, 0.00000000000, 0.13939809040, -0.19200952200, 0.04835335230, 0.00000000000, 0.28513454320, -0.00239044500, -0.37677527500, -0.18421012600, 0.00000000000, 0.17792162230, -0.03233307300, (3) 0.00000000000, -0.27628052200, -0.14686472400, 0.23425789840, 0.00000000000, 0.07830452020, -0.18743084900, -0.42217248400, 0.00000000000, -0.01877567100, -0.04306641800, -0.09254894800, 
		-4.99140364300, 0.03792966610, 0.00000000000, 0.03916770450, 0.00000000000, 0.86893151940, (7) 0.00000000000, 0.06646941460, 0.22851703590, -0.06817700100, 0.00000000000, -3.82566123400, -4.27427310800, -2.59809263700, -1.88213711900, -1.81686408200, -1.19000968900, -0.41061631900, -0.27445010900, -0.36901132300, -0.08407747100, 0.59767273350, 0.00000000000, 0.09454344320, -0.54257600900, 0.00000000000, 1.21162096300, 3.23573741720, 5.71020247220, 0.00000000000, 0.03416322000, 0.00000000000, 0.27748135280, (3) 0.00000000000, 0.38839025310, 0.00000000000, 0.16731143820, -0.10944107200, -0.10970969200, 0.00000000000, 0.51450073480, 0.14455082760, -0.16536216100, 0.12139588310, 0.00000000000, 0.27514829070, 0.14539985080, (3) 0.00000000000, 0.29890995210, -0.03433996200, 0.31119298180, 0.00000000000, -0.16178047100, -0.15679776400, -0.10047327500, 0.00000000000, -0.32091965900, -0.67700452900, -0.25623250400, 
		-4.21824449300, 0.00292349550, 0.00000000000, 0.17998387860, 0.00000000000, 0.81166832320, (7) 0.00000000000, 0.01344317310, 0.20544427230, -0.29589864100, 0.00000000000, -4.69825460000, -4.71187785100, -3.12273522300, -3.38760039000, -2.16239141700, -1.81441470100, -1.05143566600, -0.54657362100, -0.42184475400, -0.15566703700, 0.10741771970, 0.00000000000, 0.03479754810, 4.35976537130, 0.00000000000, 3.60394967700, 5.30123334970, 5.75099391550, 0.00000000000, -0.12713811600, 0.00000000000, 0.53096914670, (3) 0.00000000000, 0.49850069470, 0.00000000000, -0.01105621200, -0.08481423700, -0.37933246500, 0.00000000000, 0.02985396550, -0.19896359600, -0.53326943600, -0.37856788600, 0.00000000000, 0.09554458420, 0.23005728570, (3) 0.00000000000, 0.01930222350, 0.25807859590, 0.07693918260, 0.00000000000, -0.08051463300, -0.28704329800, -0.39835928400, 0.00000000000, 0.01402174340, 0.34007972140, -0.12950130200, 
		-4.60989226000, -0.00354924500, 0.00000000000, 0.01105097260, 0.00000000000, 1.09969528690, (7) 0.00000000000, 0.26446162690, 0.12754891480, -0.08444312800, 0.00000000000, -3.74767810400, -3.52612473400, -2.35219174400, -1.98274523700, -1.45391678200, -1.55477585100, -0.71871754700, -0.38671386800, -0.42102171000, -0.22002756800, 0.39643313540, 0.00000000000, 0.09090909770, 2.23667934900, 0.00000000000, 1.95234949330, 3.55275692550, 5.17786048690, 0.00000000000, 0.00111164270, 0.00000000000, 0.72202822070, (3) 0.00000000000, 0.27480061650, 0.00000000000, -0.09763807200, -0.14057800500, -0.05388993200, 0.00000000000, 0.40688083990, -0.14680120300, -0.20204498600, -0.02850831500, 0.00000000000, 0.20347094880, 0.10262126310, (3) 0.00000000000, 0.06402057080, 0.11013715480, -0.03513016700, 0.00000000000, -0.02106686400, -0.06900937000, -0.26627816700, 0.00000000000, -0.04313767700, -0.17617160300, -0.11739586800, 
		-4.95429862500, 0.00841607760, 0.00000000000, 0.28010300330, 0.00000000000, 0.82971794950, (7) 0.00000000000, 0.16607999510, 0.02569301940, -0.20357283900, 0.00000000000, -2.55511516200, -3.52870108400, -2.25346045400, -1.59239132900, -1.12758244100, -0.61897728900, -0.68976752000, -0.23586603800, -0.23517822400, 0.19719906110, 0.37209125120, 0.00000000000, 0.02867332630, 1.80795275660, 0.00000000000, 1.40959995250, 3.08395057790, 4.80406910730, 0.00000000000, 0.39866224270, 0.00000000000, 0.45821870730, (3) 0.00000000000, 0.24772908960, 0.00000000000, 0.38593965770, 0.09028144860, 0.30476487880, 0.00000000000, 0.08604309090, -0.19182050200, -0.48350998500, -0.33489655300, 0.00000000000, 0.23200474630, 0.08832894690, (3) 0.00000000000, 0.00098015160, -0.11635593800, -0.04116963100, 0.00000000000, 0.07701098950, -0.14706073100, -0.01538455600, 0.00000000000, -0.13781786200, -0.11855581300, -0.53357104800, 
		-3.60548009800, -0.00073014000, 0.00000000000, 0.10862936950, 0.00000000000, 0.49394891750, (7) 0.00000000000, 0.02891218500, 0.01401973970, -0.49323184100, 0.00000000000, -3.76167715200, -4.57119879200, -3.31695536500, -2.94467694100, -1.97188860000, -1.41874392200, -1.16231777300, -0.29387863900, -0.71987523600, 0.11046853730, 0.46648127140, 0.00000000000, 0.00468598800, 3.81402264140, 0.00000000000, 3.46762294060, 4.52839712180, 6.12163642720, 0.00000000000, -0.03667416000, 0.00000000000, 0.39207499730, (3) 0.00000000000, -0.03758254200, 0.00000000000, 0.03735578400, -0.07755031200, -0.01468280200, 0.00000000000, 0.27187314650, -0.02516172400, -0.35576003200, -0.37391091500, 0.00000000000, 0.21077113470, 0.07160893160, (3) 0.00000000000, -0.24603376000, 0.08881330980, -0.02373738000, 0.00000000000, -0.15102544400, -0.42996850200, -0.50364925800, 0.00000000000, -0.12325061800, -0.33640195200, -0.43446721500, 
		-4.80299190100, 0.00700214090, 0.00000000000, 0.14220368970, 0.00000000000, 0.92729391120, (7) 0.00000000000, 0.04834523620, -0.03484446000, -0.42026123200, 0.00000000000, -4.11390141800, -3.86658143100, -3.09743479800, -2.19789234900, -1.56073433800, -0.82030248500, -0.41812787100, -0.04069448900, -0.23996805200, -0.08305206500, 0.39908938430, 0.00000000000, -0.02771929500, -0.19313304800, 0.00000000000, 1.54425970920, 2.96424197720, 6.81623259370, 0.00000000000, 0.22406369590, 0.00000000000, 0.63655189900, (3) 0.00000000000, 0.15875081620, 0.00000000000, 0.13058105370, -0.25726992100, -0.35870924500, 0.00000000000, 0.88461430300, 0.53036430300, 0.18503969040, 0.80136883490, 0.00000000000, 0.15111965410, -0.01467002300, (3) 0.00000000000, -0.19604797200, -0.29816251900, 0.30827874590, 0.00000000000, 0.01102372710, -0.26551549000, -0.38219703100, 0.00000000000, -0.03291318500, -0.15786862500, -0.27625354500, 
		-4.16901974400, 0.01489265430, 0.00000000000, 0.07971955150, 0.00000000000, 0.64237104110, (7) 0.00000000000, 0.13477124100, 0.03722211340, -0.41621454700, 0.00000000000, -4.33532975000, -4.61620641600, -3.91303537100, -2.88973742900, -2.56449473500, -1.72400110700, -1.01218316300, -0.94195507700, -0.81640754700, -0.30135918300, 0.28700201490, 0.00000000000, -0.03012988400, -0.74271201300, 0.00000000000, 3.49466935780, 5.42899817410, 6.09869927760, 0.00000000000, 0.19833949490, 0.00000000000, 0.88825357500, (3) 0.00000000000, 0.08875563190, 0.00000000000, -0.05076959900, -0.24239859200, -0.14708651600, 0.00000000000, 0.09821751620, -0.01435066700, -0.21650332000, 0.05509326170, 0.00000000000, 0.28316637800, 0.11681813460, (3) 0.00000000000, 0.05555430710, 0.31255003260, 0.29550635120, 0.00000000000, -0.13636003200, -0.27013206500, -0.47618569200, 0.00000000000, -0.16318361400, -0.51174841400, -0.27705660800, 
		-4.42457482800, 0.00498949270, 0.00000000000, 0.11631044850, 0.00000000000, 0.53486087060, (7) 0.00000000000, 0.08871209690, -0.04365054300, -0.28805857100, 0.00000000000, -2.74265905300, -3.20755709800, -2.20455514500, -2.10879681900, -1.37547672100, -0.67749909700, -0.53374599200, -0.04727047500, -0.06118290200, 0.05079283960, 0.44486630740, 0.00000000000, -0.08337850800, 2.24202223200, 0.00000000000, 1.08384819340, 3.33689910470, 4.47074422330, 0.00000000000, -0.25172181400, 0.00000000000, 0.48940335930, (3) 0.00000000000, 0.29057513210, 0.00000000000, -0.09708882100, -0.16290612300, -0.12455367500, 0.00000000000, 0.42457398330, -0.03915053700, -0.31969110100, 0.13886802040, 0.00000000000, 0.06353291370, -0.00950362100, (3) 0.00000000000, -0.02597132100, -0.10317773400, -0.01816245500, 0.00000000000, -0.07839739100, -0.54027066200, -0.42529382400, 0.00000000000, -0.01550256800, -0.22607655000, -0.26145931100, 
		-4.34911318900, 0.00750861350, 0.00000000000, -0.03644138000, 0.00000000000, 0.76508595290, (7) 0.00000000000, -0.21197584500, -0.25995444200, -0.46816681200, 0.00000000000, -3.03232064000, -3.14757842900, -1.75069549700, -1.85901127700, -1.57184896200, -0.77445421500, -0.05125603400, -0.12198167300, -0.45657802000, -0.16613502000, 0.30720790510, 0.00000000000, -0.06826133400, -0.77056693700, 0.00000000000, 1.22145343950, 2.72630186240, 4.43540133780, 0.00000000000, -0.11443328200, 0.00000000000, 0.69596593040, (3) 0.00000000000, 0.29390766000, 0.00000000000, -0.05027734600, 0.06517998610, -0.03148855800, 0.00000000000, 0.30018268520, -0.29976748200, -0.51461947500, -0.37162690600, 0.00000000000, 0.26617932630, 0.16581807300, (3) 0.00000000000, 0.20485323900, 0.28991450900, 0.47834711480, 0.00000000000, -0.20035859700, -0.31090287300, -0.70598803400, 0.00000000000, 0.04976138430, -0.06960943400, -0.38377036000, 
		-4.84732928500, 0.00903835320, 0.00000000000, 0.19865488120, 0.00000000000, 0.86263306700, (7) 0.00000000000, 0.17907048560, 0.01110957090, -0.36846070400, 0.00000000000, -3.16990531300, -3.68037409600, -2.38383250400, -2.12756232200, -1.53390974600, -1.24122919200, -0.79290702500, -0.65282957900, -0.42238486500, -0.27784119400, -0.11128427800, 0.00000000000, 0.09718567700, 1.77641640100, 0.00000000000, 1.47260470190, 3.23681584390, 4.54525501180, 0.00000000000, 0.07808049990, 0.00000000000, 0.56358760120, (3) 0.00000000000, -0.23980453600, 0.00000000000, 0.31288271370, 0.24543419270, 0.14623566690, 0.00000000000, 0.42657769120, -0.04639381000, -0.17993014100, -0.02382940300, 0.00000000000, 0.32476368490, 0.13682369430, (3) 0.00000000000, -0.06847749500, -0.13431181200, 0.15731726700, 0.00000000000, -0.03731057100, -0.18603333800, 0.11246988190, 0.00000000000, 0.07197934600, -0.13005902500, -0.15520691600, 
		-4.78804352000, 0.02692888310, 0.00000000000, 0.22904555820, 0.00000000000, 0.57499267690, (7) 0.00000000000, 0.19241675430, -0.08273254000, -0.02798791700, 0.00000000000, -3.03537232700, -2.74121096100, -1.79106046700, -1.81251728700, -1.30251430500, -0.74025794300, -0.19877794100, -0.02728068200, -0.26265420800, -0.01846093200, 0.56725538910, 0.00000000000, 0.02598686720, 0.00770952360, 0.00000000000, 1.14229712330, 3.33967010780, 4.26345135350, 0.00000000000, 0.29032453050, 0.00000000000, 0.35797060460, (3) 0.00000000000, -0.10766720700, 0.00000000000, 0.04436937100, 0.16198073280, 0.09479481070, 0.00000000000, 0.61477948110, 0.08484026790, -0.36326709900, -0.27980306300, 0.00000000000, 0.10659205060, -0.09461872500, (3) 0.00000000000, 0.10480628230, -0.10178581200, 0.15531220780, 0.00000000000, -0.27260307200, -0.53708931300, -0.47809351000, 0.00000000000, -0.13644589300, -0.17511543900, -0.02435390900, 
		-4.15271516800, 0.00982470800, 0.00000000000, 0.07439240120, 0.00000000000, 0.64476681740, (7) 0.00000000000, -0.02399117600, 0.04723359550, -0.66153229300, 0.00000000000, -3.68152922800, -3.30761401600, -2.65381293400, -3.05411032000, -1.56928429600, -1.05524582600, -0.75236707500, -0.37819355600, -0.25945939200, -0.00404811000, 0.20948269560, 0.00000000000, -0.02932785300, 3.52441172090, 0.00000000000, 1.78186968080, 3.32854898260, 5.12738421940, 0.00000000000, 0.27101931910, 0.00000000000, 0.51394508330, (3) 0.00000000000, 0.34417339620, 0.00000000000, -0.04107087000, 0.10099534990, -0.05515039700, 0.00000000000, 0.26773765060, -0.06831993900, -0.34967208500, -0.11568074600, 0.00000000000, 0.27545888620, 0.35090197240, (3) 0.00000000000, 0.02801511250, -0.17729609000, 0.53169579980, 0.00000000000, -0.24863078000, -0.45754497900, -0.57922883200, 0.00000000000, -0.17570958300, -0.25846418800, -0.36189781700, 
		-4.24832501300, -0.00306651400, 0.00000000000, 0.12701970930, 0.00000000000, 1.01880661680, (7) 0.00000000000, -0.15144621700, -0.10635822800, -0.66714009600, 0.00000000000, -4.99911789000, -4.71345532100, -3.22217317900, -2.80913879500, -2.27789213700, -1.66041760800, -1.10494130700, -0.54377226700, -0.96936678900, -0.30990770600, 0.21294788330, 0.00000000000, 0.00569430790, 4.00834266000, 0.00000000000, 2.64794899110, 4.88357430870, 6.29686242220, 0.00000000000, -0.07232289300, 0.00000000000, 0.56368031560, (3) 0.00000000000, 0.22992135930, 0.00000000000, 0.01306251990, -0.03467455500, -0.00176947800, 0.00000000000, 0.80102867050, 0.35014365660, -0.12158773100, -0.35924318700, 0.00000000000, 0.25785142330, 0.27658596760, (3) 0.00000000000, 0.05576325160, -0.12971240900, -0.07910388500, 0.00000000000, -0.23023763700, -0.48246744900, -0.30594410100, 0.00000000000, 0.06066118820, -0.01112060700, -0.01612995800, 
		-4.41187985300, -0.00406830100, 0.00000000000, 0.23147126740, 0.00000000000, 0.84158929790, (7) 0.00000000000, 0.28902555110, 0.17342783900, -0.03716428400, 0.00000000000, -4.43693585900, -4.55484928700, -3.24283281900, -3.14201449700, -2.65466718600, -2.05124642500, -1.05599324700, -0.70519445700, -0.31180431600, -0.21785820800, 0.41123655170, 0.00000000000, 0.05054989260, 4.20579709500, 0.00000000000, 3.57928230910, 5.51935751530, 6.13575730820, 0.00000000000, -0.17054613900, 0.00000000000, 0.57314404250, (3) 0.00000000000, -0.12014942900, 0.00000000000, 0.23342632880, 0.06213116670, 0.25200763780, 0.00000000000, 0.24634916120, 0.03833672780, -0.05523437300, -0.39488004600, 0.00000000000, 0.21272573190, 0.18065984430, (3) 0.00000000000, 0.01214634330, -0.19461263800, -0.00352901500, 0.00000000000, -0.21696053600, -0.26640774500, -0.05724870500, 0.00000000000, 0.01852035130, 0.21799111880, -0.19028419800, 
		-4.49367620000, 0.00955762950, 0.00000000000, 0.15835684140, 0.00000000000, 0.99947646190, (7) 0.00000000000, 0.12232106120, 0.12133826700, -0.03410187600, 0.00000000000, -4.41558234900, -3.54367106400, -2.74982227500, -2.42281882300, -1.81425414200, -1.11964290700, -0.69201525900, -0.24530704200, -0.71156664600, -0.13145916400, 0.47323641450, 0.00000000000, 0.04804336870, -0.31666523300, 0.00000000000, 1.68992821230, 3.75275959510, 5.56317668710, 0.00000000000, 0.04250687400, 0.00000000000, 0.63629985670, (3) 0.00000000000, 0.25424458720, 0.00000000000, -0.01927439100, -0.27538202400, -0.03789863500, 0.00000000000, 0.14950930490, -0.24536257200, -0.42067960300, -0.51049966500, 0.00000000000, 0.46887651290, 0.49868579970, (3) 0.00000000000, 0.14631342790, -0.15430789100, 0.27923341490, 0.00000000000, -0.06610140300, -0.31212101600, -0.23758005300, 0.00000000000, -0.18876465500, -0.09874917900, -0.32398522000, 
		-4.34933263400, 0.02128232510, 0.00000000000, 0.24592607630, 0.00000000000, 0.82100430370, (7) 0.00000000000, 0.06792418580, -0.05556547900, -0.52392148800, 0.00000000000, -4.32639625900, -3.46544929500, -2.43561549400, -2.02454512700, -1.62538577400, -0.87035647300, -0.57104270200, -0.07948868300, -0.06858290400, 0.15901265900, 0.33185945980, 0.00000000000, 0.07472298830, 3.90634689600, 0.00000000000, 0.93698818160, 4.07790003540, 5.58010267400, 0.00000000000, 0.39472299830, 0.00000000000, 0.64926787630, (3) 0.00000000000, 0.03338202380, 0.00000000000, 0.08680873640, 0.16624516080, 0.07622533000, 0.00000000000, 0.04335044220, -0.23689324600, -0.40966267200, -0.30953355300, 0.00000000000, 0.18102417470, -0.05668506400, (3) 0.00000000000, -0.14611409300, -0.37595792500, 0.41575035880, 0.00000000000, -0.26959089700, -0.54955313700, -0.39219120300, 0.00000000000, 0.03243121020, 0.28702183780, -0.10935926100, 
		-4.44127299100, 0.01160112330, 0.00000000000, 0.07528966130, 0.00000000000, 0.92918613730, (7) 0.00000000000, -0.10387141500, -0.21698691700, -0.52543511700, 0.00000000000, -2.28322267600, -2.67102723200, -1.90483354500, -1.85963322300, -1.44957554900, -0.98410756900, -0.41848426900, 0.18748512310, -0.22150628500, 0.12206425310, 0.48413294900, 0.00000000000, 0.01772880850, -0.26195253900, 0.00000000000, 1.86155713850, 2.40370274830, 4.49433452740, 0.00000000000, 0.49676570680, 0.00000000000, 0.63628220480, (3) 0.00000000000, -0.05958838500, 0.00000000000, 0.12438196620, -0.08632020500, -0.09809960800, 0.00000000000, -0.08211416200, -0.22161466100, -1.04893250800, -0.45307822600, 0.00000000000, 0.29069984850, 0.25129014970, (3) 0.00000000000, -0.28963553100, -0.17850109000, 0.08801126480, 0.00000000000, 0.00908764230, -0.25245904900, -0.27403660200, 0.00000000000, 0.01172757040, -0.07932993400, -0.10282605500, 
		-4.23441910800, 0.00705004060, 0.00000000000, -0.03264500400, 0.00000000000, 0.56500538300, (7) 0.00000000000, 0.18429463240, 0.31580130780, -0.22629467300, 0.00000000000, -3.39760052600, -3.83864519400, -2.49693136500, -2.47957728400, -1.57488738700, -1.16825042000, -0.56917467600, -0.33209586200, -0.34685171800, -0.28174902500, 0.68400294430, 0.00000000000, -0.03138383400, -2.75502356400, 0.00000000000, 1.73706693560, 3.67315973150, 4.77436017790, 0.00000000000, 0.02831980060, 0.00000000000, 0.59292388750, (3) 0.00000000000, 0.33031987790, 0.00000000000, -0.04766172400, -0.13605895300, -0.24706774800, 0.00000000000, 0.19098346950, -0.19556550500, -0.37659318300, -0.08253058700, 0.00000000000, 0.35892424680, 0.32009989700, (3) 0.00000000000, 0.09495609330, 0.06888723670, 0.67037317510, 0.00000000000, -0.27233628400, -0.41150821200, -0.13268948100, 0.00000000000, -0.22312886700, -0.19386210800, 0.06422376500, 
		-4.47439858300, -0.00397409200, 0.00000000000, 0.05023474840, 0.00000000000, 0.66214003220, (7) 0.00000000000, 0.20688559340, -0.00032182100, -0.47786450400, 0.00000000000, -3.52022880900, -3.87402444400, -2.82157587300, -2.28632957400, -1.84481611100, -1.29762445600, -0.71537765800, -0.48572800000, -0.44230880300, 0.00460172180, 0.08524529790, 0.00000000000, 0.03723470120, 3.97467890160, 0.00000000000, 2.40255461730, 4.03899228110, 4.67663835770, 0.00000000000, 0.36668551970, 0.00000000000, 0.72720027190, (3) 0.00000000000, 0.09734588270, 0.00000000000, 0.19876471170, -0.12613123500, -0.18326432600, 0.00000000000, 0.50599036020, 0.08722978540, -0.29786469800, -0.13816283300, 0.00000000000, 0.12615256110, 0.10171796290, (3) 0.00000000000, 0.01664384220, -0.11724460900, 0.05170444560, 0.00000000000, -0.09496915900, -0.39432259300, -0.55021056800, 0.00000000000, 0.01806945020, -0.22278995300, -0.04420747100, 
		-4.71095434500, 0.02353822100, 0.00000000000, 0.02221123010, 0.00000000000, 1.10752057570, (7) 0.00000000000, -0.14184880900, -0.17807106500, -0.47658899100, 0.00000000000, -3.53514593800, -4.08183363000, -2.80430058200, -3.24145620600, -1.90135920200, -1.55443280500, -0.86961287500, -0.52300281600, -0.70917190500, -0.34511558700, 0.28612570450, 0.00000000000, -0.09508612000, 1.01978169300, 0.00000000000, 2.17751348730, 3.40132468590, 5.76564638020, 0.00000000000, -0.00126816200, 0.00000000000, 0.72488705630, (3) 0.00000000000, -0.01633679300, 0.00000000000, 0.04031963910, -0.26776151700, -0.23835444000, 0.00000000000, 0.26313045230, 0.04900468890, -0.35296073200, -0.51356897100, 0.00000000000, 0.31185957970, 0.28693369180, (3) 0.00000000000, -0.02371606600, 0.31958115030, 0.68702528400, 0.00000000000, 0.22436408210, 0.08790353540, 0.06940544390, 0.00000000000, -0.07143736300, -0.18003150400, 0.03712772400, 
		-4.39723545100, 0.00363178290, 0.00000000000, 0.11841339340, 0.00000000000, 0.63175713380, (7) 0.00000000000, -0.01276866900, 0.16792310540, -0.31198270300, 0.00000000000, -2.91452719700, -3.78192160200, -2.60454557300, -1.67469985100, -1.43171934700, -0.89718449900, -0.50993686100, -0.13584278400, -0.26125228700, -0.04291023600, 0.39245365450, 0.00000000000, 0.04433267560, -1.64074710600, 0.00000000000, 1.24243254640, 2.66618532490, 4.55842180790, 0.00000000000, 0.15417715030, 0.00000000000, 0.56868126860, (3) 0.00000000000, -0.00232693700, 0.00000000000, 0.22742406100, 0.17304765490, 0.15625675430, 0.00000000000, 0.46334577440, -0.00035591400, -0.31384190700, -0.20654014000, 0.00000000000, 0.21617513310, 0.20607690150, (3) 0.00000000000, 0.04810787310, -0.20241129100, 0.25422726630, 0.00000000000, -0.25651621600, -0.13748569100, -0.18487432900, 0.00000000000, -0.00007505500, -0.23167971100, -0.33567167900, 
		-4.19569062000, 0.00122261110, 0.00000000000, 0.11630129210, 0.00000000000, 0.82044961250, (7) 0.00000000000, 0.04381553540, -0.11356176300, -0.28010334300, 0.00000000000, -3.98470072900, -4.28070170900, -2.74352552300, -2.40518625700, -1.82859447900, -1.17826486700, -0.73055032400, -0.12370254600, -0.26514869700, 0.15937363990, 0.71232982180, 0.00000000000, 0.05882522130, 4.52839337870, 0.00000000000, 2.28221282390, 4.55552305360, 6.38882673570, 0.00000000000, -0.03570379100, 0.00000000000, 0.60042983910, (3) 0.00000000000, 0.25164268600, 0.00000000000, 0.03976252520, -0.21277878100, -0.26438187900, 0.00000000000, 0.14865861020, -0.33275052700, -0.68618781300, -0.32925791200, 0.00000000000, 0.26828728920, 0.30190700970, (3) 0.00000000000, 0.06726102160, 0.13731368550, 0.13047223550, 0.00000000000, -0.10989351800, -0.24381715100, -0.42884215500, 0.00000000000, -0.12087134000, -0.35473113400, -0.57170975500, 
		-5.07735032700, 0.01898454260, 0.00000000000, 0.14802226470, 0.00000000000, 1.09480752820, (7) 0.00000000000, -0.11631387500, -0.14897058000, -0.54642786100, 0.00000000000, -3.04065083700, -3.48555227300, -2.28794623300, -1.75890032300, -1.27968306100, -0.59763887600, -0.32132114200, 0.08852567640, 0.04262527970, 0.04214608790, 0.94128709840, 0.00000000000, 0.10254253140, 2.78665369370, 0.00000000000, 1.77500953440, 3.47089855330, 5.60481799410, 0.00000000000, -0.14045408000, 0.00000000000, 0.65693382560, (3) 0.00000000000, 0.21082197330, 0.00000000000, -0.05118301000, -0.26975593600, -0.06679602100, 0.00000000000, 0.47664942910, -0.08903518800, -0.30277176300, -0.09591800200, 0.00000000000, 0.26896436170, 0.28332867750, (3) 0.00000000000, -0.00884295100, -0.00271444000, 0.07263290910, 0.00000000000, 0.24232897220, -0.02852544800, 0.00198572150, 0.00000000000, -0.08757555900, -0.06762926400, -0.04473973400, 
		-4.27914263300, 0.01177752470, 0.00000000000, 0.26958590180, 0.00000000000, 0.62209875150, (7) 0.00000000000, 0.22602844400, -0.10068210500, -0.29752894700, 0.00000000000, -2.87283479700, -3.83336137700, -2.51984994400, -2.82761008500, -1.59755153900, -1.30242874800, -0.84528125400, -0.36184892000, -0.75053325400, -0.55350368400, 0.35238434810, 0.00000000000, 0.02166783820, 1.69060189160, 0.00000000000, 2.38425832240, 4.03813716300, 5.48261792750, 0.00000000000, -0.17897363400, 0.00000000000, 0.58364263970, (3) 0.00000000000, 0.15697680880, 0.00000000000, 0.06077451780, 0.31367385030, 0.19497363640, 0.00000000000, 0.05443382110, -0.48889987700, -0.81459232900, -0.72580912100, 0.00000000000, 0.05965162290, 0.13175013090, (3) 0.00000000000, 0.14958753750, 0.02467416010, -0.00593329800, 0.00000000000, -0.04383031700, -0.09429014000, -0.22097113100, 0.00000000000, 0.00653192090, -0.23537449300, -0.19475193800, 
		-4.35157861500, 0.01415758940, 0.00000000000, 0.31403690490, 0.00000000000, 0.89776193560, (7) 0.00000000000, -0.00445395500, 0.11777876600, -0.23016317700, 0.00000000000, -4.67712692700, -4.13269024600, -2.73849353500, -2.03758763100, -2.14310424200, -1.31167044500, -0.64518060100, -0.74165448500, -0.35465168800, -0.51710022900, -0.17755659400, 0.00000000000, -0.07387286600, 3.08405651240, 0.00000000000, 1.07836488420, 3.55436277360, 5.67460358390, 0.00000000000, -0.00204321100, 0.00000000000, 0.50905005400, (3) 0.00000000000, 0.03000654350, 0.00000000000, 0.01976124760, -0.19851978800, 0.02091782940, 0.00000000000, 0.67716771560, 0.17156628400, -0.11104800800, 0.07796043310, 0.00000000000, 0.18515943910, 0.17813319570, (3) 0.00000000000, 0.01416162450, -0.42800095900, 0.33305646780, 0.00000000000, -0.28643376900, -0.22496993400, -0.31921999600, 0.00000000000, -0.04326311400, -0.25125356800, -0.13287786500, 
		-4.65578208400, 0.00538857210, 0.00000000000, -0.01875761000, 0.00000000000, 0.36668071140, (7) 0.00000000000, 0.27940632000, 0.27233686460, -0.07521133500, 0.00000000000, -4.45940906800, -4.00770045000, -2.97604214400, -2.45326166100, -1.69857834400, -1.32127660200, -0.58310039400, -0.28530938100, -0.35846417900, 0.07870674810, -0.34418254200, 0.00000000000, 0.02868050330, 3.11220274420, 0.00000000000, 0.99034678180, 4.44455750700, 6.20548599270, 0.00000000000, 0.44404427270, 0.00000000000, 0.44330465560, (3) 0.00000000000, 0.03450468240, 0.00000000000, 0.08639981000, 0.34482895810, 0.26698606900, 0.00000000000, 0.21478855450, 0.14039733660, -0.25719484200, 0.05084033620, 0.00000000000, 0.22794465510, 0.25537130690, (3) 0.00000000000, -0.20044179300, -0.08989446500, 0.63796532290, 0.00000000000, -0.14998348100, -0.20214869200, -0.21268269100, 0.00000000000, -0.11539237700, -0.21663361800, -0.06115646900, 
		-4.53844096300, 0.00574393370, 0.00000000000, -0.00338333200, 0.00000000000, 0.76094580700, (7) 0.00000000000, -0.01453748800, -0.07202292400, -0.60392137600, 0.00000000000, -3.58097292000, -2.83930685100, -1.77741815500, -1.65680731200, -1.31949580300, -0.66911118600, -0.33539482000, 0.09252766310, 0.23858818200, 0.55580025700, 0.65739997960, 0.00000000000, -0.03209419100, 1.71430393980, 0.00000000000, 1.04563196870, 3.62407700110, 4.82108732640, 0.00000000000, -0.03898158100, 0.00000000000, 0.52680533250, (3) 0.00000000000, 0.09545256040, 0.00000000000, 0.04013193820, -0.09309187400, -0.17676223900, 0.00000000000, 0.41654939510, -0.24883226100, -0.34517434100, 0.08567504590, 0.00000000000, 0.24249655300, 0.35500830010, (3) 0.00000000000, -0.07291842500, -0.22915655800, 0.35351174790, 0.00000000000, -0.30620111300, -0.52820717900, -0.46160176700, 0.00000000000, 0.00157114830, -0.28921599000, -0.17974791500, 
		-4.26834052800, 0.02043135070, 0.00000000000, 0.23198856000, 0.00000000000, 1.00588571820, (7) 0.00000000000, 0.06684191430, -0.22717371600, -0.28704893800, 0.00000000000, -4.78173119900, -4.33399591300, -3.34856912900, -2.95900583500, -2.18116047500, -1.71948741500, -0.89808050100, -0.24005519100, -0.70400695600, 0.09784618280, 0.16617373930, 0.00000000000, -0.04966814400, 5.16324524170, 0.00000000000, 3.10738817460, 4.93206404250, 6.41705576950, 0.00000000000, 0.08332027390, 0.00000000000, 0.71325272220, (3) 0.00000000000, -0.23017265200, 0.00000000000, 0.17888811990, -0.25530690200, -0.20199807700, 0.00000000000, 0.21635968460, 0.15953507540, -0.47505743000, -0.38492120500, 0.00000000000, 0.19748830560, -0.07139985900, (3) 0.00000000000, -0.33503952700, -0.12536246300, 0.11453507640, 0.00000000000, -0.00537929100, -0.13847430100, -0.25931325500, 0.00000000000, -0.15479556500, 0.15114791490, -0.36398672200, 
		-4.53230521900, 0.01678923560, 0.00000000000, 0.25766159310, 0.00000000000, 1.11524207130, (7) 0.00000000000, 0.07063101790, 0.12459753680, -0.43172183000, 0.00000000000, -3.94247384100, -4.01264657000, -3.03390871800, -2.68175941800, -2.05580238400, -1.24374988600, -0.59820075100, -0.19836656100, -0.29216165500, -0.23579333200, 0.57979703020, 0.00000000000, 0.05322494510, 1.51926887350, 0.00000000000, 3.07535575940, 3.76864586060, 6.79353405060, 0.00000000000, 0.39799220900, 0.00000000000, 0.48683395970, (3) 0.00000000000, 0.08593848910, 0.00000000000, 0.10119416710, -0.11195226700, 0.03976524000, 0.00000000000, 0.27496413960, -0.23830424900, -0.56435497800, -0.29796948500, 0.00000000000, 0.26396809840, 0.26912484730, (3) 0.00000000000, 0.05089851360, -0.27862390800, 0.35672870690, 0.00000000000, -0.02093171700, -0.24645436900, -0.21222418300, 0.00000000000, -0.05825806100, -0.25612650200, -0.20634770300, 
		-4.48027848300, 0.01364115200, 0.00000000000, -0.06213836400, 0.00000000000, 1.11980978060, (7) 0.00000000000, -0.08302962600, -0.04996598400, -0.64913080400, 0.00000000000, -3.63979690100, -3.90443109800, -2.68686175000, -2.16264814400, -1.78559771700, -0.93637122900, -0.37675392100, -0.37182694900, -0.15549069200, -0.26666759200, 0.30438188360, 0.00000000000, -0.01659158900, 2.12785822830, 0.00000000000, 2.10216834000, 4.16894873670, 5.06161231250, 0.00000000000, 0.14838361270, 0.00000000000, 0.64126529840, (3) 0.00000000000, 0.24186569660, 0.00000000000, 0.00593692500, -0.20710475600, -0.21849862500, 0.00000000000, 0.18697424380, -0.19343935700, -0.57655123300, -0.40773679600, 0.00000000000, 0.33091807470, 0.29920233950, (3) 0.00000000000, -0.05670798300, -0.07386842100, 0.40135061940, 0.00000000000, 0.26015046360, -0.16162125600, -0.01668682000, 0.00000000000, 0.00209032390, -0.15948732300, -0.21330919300, 
		-4.20730274200, 0.00317196190, 0.00000000000, 0.19890073690, 0.00000000000, 0.87689369910, (7) 0.00000000000, -0.06241082900, -0.00202253600, -0.48975068700, 0.00000000000, -4.11927716600, -5.37436037800, -3.03343986700, -2.63971824100, -2.14236617400, -1.94253654000, -1.21448881600, -0.60892232700, -0.43834590500, -0.20294498100, -0.25939607400, 0.00000000000, 0.02660006690, 4.17068102190, 0.00000000000, 3.00072483950, 4.80043546870, 6.01669921620, 0.00000000000, 0.12304014420, 0.00000000000, 0.62834473940, (3) 0.00000000000, -0.11778836800, 0.00000000000, 0.16840895690, -0.17446425900, 0.13091118000, 0.00000000000, 0.04743291330, -0.07907572400, -0.53264402600, -0.40059550600, 0.00000000000, 0.32363236300, 0.04138748170, (3) 0.00000000000, -0.14910025500, -0.05766322000, -0.13369868600, 0.00000000000, -0.04228392100, -0.15689697100, -0.26138777900, 0.00000000000, -0.13318326800, -0.04467344500, -0.01411339500, 
		-4.92816683500, 0.03967707580, 0.00000000000, -0.21164208700, 0.00000000000, 0.63418609490, (7) 0.00000000000, 0.14225998170, 0.05107507520, -0.12688346900, 0.00000000000, -4.22316577200, -3.60167457400, -2.95557384500, -2.83974242800, -2.09696320200, -1.54457869200, -0.82659783100, -0.44803702700, -0.54078005700, -0.15448993300, 0.30862535290, 0.00000000000, 0.00444722810, 1.67078784440, 0.00000000000, 2.39851035290, 4.40206079520, 5.57317079880, 0.00000000000, 0.40839950990, 0.00000000000, 0.65647007600, (3) 0.00000000000, -0.10711312500, 0.00000000000, 0.04185068450, -0.01304476000, 0.08026570280, 0.00000000000, 0.41413915130, -0.18117686300, -0.38901144100, 0.10986418240, 0.00000000000, 0.42073798840, 0.44342968460, (3) 0.00000000000, 0.22371253150, 0.42499977780, 0.44274468170, 0.00000000000, -0.05996979400, -0.27211499400, -0.11835451500, 0.00000000000, -0.17711575800, -0.30497262700, -0.22546614100, 
		-4.55400129500, 0.00765901270, 0.00000000000, -0.08810288600, 0.00000000000, 0.55895927150, (7) 0.00000000000, -0.01738675600, -0.09548647300, -0.34854281800, 0.00000000000, -4.85102604200, -3.81448669100, -2.87442331400, -2.33698992600, -1.53152740300, -1.38765670500, -0.78878262800, -0.20206186500, -0.48134341700, -0.07569362300, 0.43329968420, 0.00000000000, -0.02884576100, 2.44842026990, 0.00000000000, 2.07044976120, 4.70842022200, 5.34670098240, 0.00000000000, 0.35701030260, 0.00000000000, 0.72235823250, (3) 0.00000000000, 0.00539646500, 0.00000000000, 0.27742864290, 0.07856344960, -0.16477564500, 0.00000000000, 0.40301732950, -0.03052055500, -0.34850936800, -0.11148099100, 0.00000000000, 0.27678804780, 0.37470533090, (3) 0.00000000000, -0.05662373600, -0.15071292700, 0.30204227890, 0.00000000000, -0.10424869000, -0.12390366800, -0.80966888100, 0.00000000000, -0.10639903900, 0.15312801460, -0.06148261400, 
		-4.18566014700, 0.03806731410, 0.00000000000, 0.07508810210, 0.00000000000, 1.06423761560, (7) 0.00000000000, -0.21528019700, -0.44589215400, -0.56862788600, 0.00000000000, -5.13890641500, -5.68569329300, -3.93431590600, -3.62406021400, -2.78748214800, -2.25324258500, -1.55012851100, -0.56752057000, -0.71503692400, -0.11912754800, 0.50001979910, 0.00000000000, 0.01386475510, 2.66604534230, 0.00000000000, 4.64610377290, 5.81425531190, 7.34387600130, 0.00000000000, 0.42393300110, 0.00000000000, 0.61457621070, (3) 0.00000000000, 0.21937381180, 0.00000000000, 0.00645779440, -0.03261110700, -0.07183619000, 0.00000000000, 0.18536753110, 0.02739626110, -0.36556614100, -0.24178941000, 0.00000000000, 0.17300867990, 0.13879094160, (3) 0.00000000000, 0.16613069220, -0.05382447100, 0.58317116160, 0.00000000000, 0.03193575880, -0.20175902500, -0.14583352700, 0.00000000000, -0.34293517600, 0.01860836180, -0.41550828800, 
		-4.14778889500, 0.00822146830, 0.00000000000, 0.23322770900, 0.00000000000, 0.84334601480, (7) 0.00000000000, 0.13589343080, 0.06646375920, -0.57065029400, 0.00000000000, -4.20033027400, -4.42716974300, -2.64315566600, -3.11249838200, -2.16860873000, -1.56047366700, -0.59359458100, -0.62777806500, -0.32428477900, -0.11973823900, 0.52484618770, 0.00000000000, -0.02233605900, 5.91764168480, 0.00000000000, 3.30266205370, 4.38691293460, 5.44141462790, 0.00000000000, 0.36193304730, 0.00000000000, 0.57250509120, (3) 0.00000000000, -0.07552101500, 0.00000000000, 0.10979964710, -0.11139500300, 0.09628924660, 0.00000000000, 0.15185471350, -0.21980891100, -0.42584064400, -0.62877410800, 0.00000000000, 0.23175505130, 0.05136997610, (3) 0.00000000000, 0.10240019160, 0.17249935140, 0.05621577040, 0.00000000000, -0.16051271300, -0.42325068100, -0.76420590800, 0.00000000000, -0.12319988900, -0.26707677400, -0.28517176500, 
		-4.60878226300, 0.01079562390, 0.00000000000, 0.23555538940, 0.00000000000, 0.79549551040, (7) 0.00000000000, 0.14616987510, 0.10498128250, -0.27966003700, 0.00000000000, -2.82437202300, -3.16190696700, -2.21930607500, -2.12164258500, -1.26935019700, -0.98775022200, -0.74358888000, -0.01740604000, -0.54503711300, -0.49158035900, 0.14882725500, 0.00000000000, -0.19701181900, 1.65644868430, 0.00000000000, 1.40619626580, 2.71091616880, 5.32375996800, 0.00000000000, -0.01567922700, 0.00000000000, 0.72536484510, (3) 0.00000000000, 0.07807627020, 0.00000000000, 0.22613267820, -0.00674670000, 0.04346981560, 0.00000000000, 0.51140563530, 0.14101716590, -0.44124889700, -0.06072695300, 0.00000000000, 0.16493890590, 0.01726233360, (3) 0.00000000000, -0.33660802300, -0.12030758200, 0.10257302660, 0.00000000000, -0.05908606000, -0.18105556500, -0.24872822500, 0.00000000000, -0.16764789700, 0.06549691850, -0.17954979300, 
	};

	 //EN Main regression coefficients for hypertension onset/incidence model
	double	HypertensionOnsetMainLinearPred[BOOTSTRAP_INDEX_39][CC_MAIN_LINEAR_PREDICTOR] = {
		-3.28907646400, 0.01216894710, 0.00000000000, 0.05517081340, 0.00000000000, 0.36901577550, 0.00000000000, -0.76120188700, 0.34603205910, 0.35918971870, 0.25848883200, 0.14452707140, 0.00000000000, 0.14039130910, 0.03426491880, 0.16683307340, 0.00000000000, -2.41942454100, -2.23661919800, -1.98548155600, -1.60920335600, -0.90636109800, -0.48484446200, -0.23101091300, -0.21192892100, 0.09910727710, 0.05039188470, 0.12025474990, 0.00000000000, -0.19905594800, -1.00808296000, 0.00000000000, 1.62521627830, 2.57262378320, 3.12962368710, 0.00000000000, 0.05159124060, (3) 0.00000000000, 2.07559461920, 0.00000000000, 0.79270653070, 0.00000000000, 0.22550827380, 0.24127778580, 0.22785170000, 0.00000000000, 0.18076992880, 0.21529797990, 0.21457240740, 0.13894415260, 0.00000000000, 0.09014614100, 0.13722544090, (3) 0.00000000000, -0.06179079500, -0.08292589800, -0.09681084800, 0.00000000000, -1.31644843400, -1.10577147000, -0.62926186400, 0.00000000000, 0.01199936900, -0.04606413700, -0.14654881100, 
		-3.02884444900, 0.02286389030, 0.00000000000, 0.08336435440, 0.00000000000, 0.51053417040, 0.00000000000, -1.00067066000, 0.38893823290, 0.56653316430, 0.24704889540, 0.20972469740, 0.00000000000, 0.03264166930, -0.12777101800, 0.00843443780, 0.00000000000, -2.30239137800, -2.47123257200, -2.07436358900, -1.70356996100, -1.07722119200, -0.59996357900, -0.42059477500, -0.14857442500, 0.11900601980, -0.18274140600, 0.12510666800, 0.00000000000, -0.20970293700, -2.16485306500, 0.00000000000, 1.89470428070, 2.64396526420, 3.38507073860, 0.00000000000, 0.22329003940, (3) 0.00000000000, 2.60125263070, 0.00000000000, 0.84893595780, 0.00000000000, 0.08793225190, 0.29697246300, 0.33056948520, 0.00000000000, 0.18955994100, 0.11273651170, 0.20893810720, 0.04138205940, 0.00000000000, -0.00077963100, 0.04917669910, (3) 0.00000000000, -0.11587743000, -0.07383485300, -0.20632801500, 0.00000000000, -1.27834041100, -1.14452343500, -0.74810606000, 0.00000000000, 0.03005245530, 0.03381905480, -0.17577960400, 
		-3.41335568600, 0.00815388080, 0.00000000000, 0.03010586050, 0.00000000000, 0.38066755410, 0.00000000000, -0.70783769700, 0.43816273940, 0.38225241110, 0.44074801730, 0.25683316570, 0.00000000000, 0.25937570990, 0.09104709540, 0.27749886410, 0.00000000000, -2.48791039900, -2.79122255000, -2.20643463900, -1.87461009500, -1.12864049200, -0.57575065000, -0.46845471400, -0.27659957300, -0.02328840900, 0.08016674770, 0.13948080050, 0.00000000000, -0.12224993200, -0.55532424200, 0.00000000000, 1.58228939550, 3.03873678730, 2.99791723600, 0.00000000000, 0.00498345380, (3) 0.00000000000, 2.30446457090, 0.00000000000, 0.79831211540, 0.00000000000, 0.15143616080, 0.18948535560, 0.14566511920, 0.00000000000, 0.31084730570, 0.31946303110, 0.30260702210, 0.30772486460, 0.00000000000, 0.21980373460, 0.23074746700, (3) 0.00000000000, -0.10483266500, -0.08785302300, -0.04238591600, 0.00000000000, -1.32786672600, -0.70675338600, 0.10720392000, 0.00000000000, 0.07592369780, -0.04420511100, -0.12682206400, 
		-3.53892845700, 0.01281757000, 0.00000000000, 0.04676465910, 0.00000000000, 0.40665690090, 0.00000000000, -1.30858132800, 0.26805882590, 0.41272066280, 0.21371866990, 0.19597280420, 0.00000000000, 0.37324476770, 0.18639803990, 0.30279295810, 0.00000000000, -1.95181175000, -2.01635872600, -1.68654107600, -1.56283685800, -0.69099846200, -0.32078280100, -0.12631390200, -0.14645478600, 0.18065331850, -0.09548727300, 0.03617755790, 0.00000000000, -0.12029300400, -0.71274014500, 0.00000000000, 1.82760600760, 2.79331999380, 3.25120684030, 0.00000000000, 0.12954391540, (3) 0.00000000000, 2.07794815270, 0.00000000000, 0.72538345100, 0.00000000000, 0.10175265770, 0.21536706080, 0.26571256130, 0.00000000000, 0.13460886610, 0.27467278400, 0.27031731320, 0.16617094140, 0.00000000000, 0.07049753650, 0.05049760900, (3) 0.00000000000, -0.14641644300, -0.14885884300, -0.16692952200, 0.00000000000, -1.54754380300, -1.36543588400, -1.05902191600, 0.00000000000, 0.03062567040, -0.06486936600, -0.19744528900, 
		-2.94784140600, 0.01325068000, 0.00000000000, -0.00857380400, 0.00000000000, 0.48744143980, 0.00000000000, -1.24417932600, 0.32535806600, 0.25269382180, 0.25033232600, 0.12460836040, 0.00000000000, -0.00746461900, -0.17420276300, 0.10803195790, 0.00000000000, -3.05726361900, -2.70610153800, -2.43749617200, -2.00031387600, -1.19212556600, -0.69785435900, -0.41255706200, -0.55087970100, -0.13752993600, -0.11459751700, 0.01752705680, 0.00000000000, -0.22476201000, -3.08635180100, 0.00000000000, 1.75218321260, 2.60038698230, 3.38698012220, 0.00000000000, 0.41535541950, (3) 0.00000000000, 3.03516369060, 0.00000000000, 0.88101449520, 0.00000000000, 0.24314478590, 0.18996722410, 0.19340606740, 0.00000000000, 0.28843907280, 0.35401026020, 0.44001490590, 0.48452546730, 0.00000000000, 0.15856549330, 0.16912011990, (3) 0.00000000000, 0.00866305520, -0.04883030100, 0.13027930360, 0.00000000000, -1.50659215600, -0.82388964000, -0.24476018300, 0.00000000000, -0.01875974600, -0.33182386600, -0.13669584500, 
		-3.40034980100, 0.00976833920, 0.00000000000, 0.07919840880, 0.00000000000, 0.35106875890, 0.00000000000, -0.42945533800, 0.28290715680, 0.43601910970, 0.33212789880, 0.14939010090, 0.00000000000, 0.04163529250, -0.11086538800, -0.01996326100, 0.00000000000, -2.26355029200, -2.03600353800, -1.82643364600, -1.34294076000, -0.68298217400, -0.26101639200, -0.00965440300, -0.03486257800, 0.28266365290, 0.13789804460, 0.41495799670, 0.00000000000, -0.16245124300, -1.63254478000, 0.00000000000, 1.68619765980, 2.42293446880, 3.29819302480, 0.00000000000, -0.20915986900, (3) 0.00000000000, 2.39072838520, 0.00000000000, 0.76719533930, 0.00000000000, 0.21603228760, 0.17627624540, 0.07177012160, 0.00000000000, 0.18477776700, 0.23301171020, 0.31196591640, 0.25614747030, 0.00000000000, 0.04044031380, 0.15913780230, (3) 0.00000000000, -0.00972929600, -0.09177191000, -0.11752557200, 0.00000000000, -1.53303782600, -0.87978630100, -0.93652053400, 0.00000000000, 0.07470803170, -0.18658923900, -0.08934312300, 
		-3.32616521000, 0.00880807290, 0.00000000000, 0.10620159580, 0.00000000000, 0.44765755830, 0.00000000000, -1.19806138100, 0.50189075700, 0.41515008840, 0.31860927230, 0.17629149880, 0.00000000000, 0.16593478310, -0.03960015100, 0.14304380360, 0.00000000000, -2.55321853900, -2.28513830900, -2.28255464200, -1.68213137400, -0.97114806800, -0.70122962900, -0.38458984000, -0.24446226200, 0.05772523670, 0.10718990260, 0.06985441900, 0.00000000000, -0.36146457300, 0.10048355960, 0.00000000000, 1.49124776290, 2.69461188430, 2.92166537600, 0.00000000000, -0.16206095200, (3) 0.00000000000, 1.76106044320, 0.00000000000, 0.66140148890, 0.00000000000, 0.18573061730, 0.17214667410, 0.19834334360, 0.00000000000, 0.12365136200, 0.22011529730, 0.24337704330, 0.17064068970, 0.00000000000, -0.02403784000, 0.12425416150, (3) 0.00000000000, 0.04761325830, 0.04024583750, -0.04254672200, 0.00000000000, -1.09697283800, -0.65020240300, -0.62529970100, 0.00000000000, 0.05123525790, -0.01161245900, -0.12829051000, 
		-3.30035190500, 0.01579837790, 0.00000000000, 0.02568434030, 0.00000000000, 0.43723389120, 0.00000000000, -0.66510355200, 0.55696353250, 0.41571375910, 0.35625788260, 0.28995065110, 0.00000000000, 0.05863523750, 0.05692916530, 0.20532163320, 0.00000000000, -2.94784657700, -2.61810700600, -2.31814719600, -2.05483185900, -1.17520915900, -0.60651090400, -0.35051195200, -0.32314020500, 0.05882703430, -0.13350745300, 0.03198730500, 0.00000000000, -0.11422856100, -2.71903827000, 0.00000000000, 1.37535298280, 1.95998245850, 2.32285411850, 0.00000000000, 0.03688819930, (3) 0.00000000000, 2.61675716750, 0.00000000000, 0.72886264470, 0.00000000000, 0.39003443020, 0.27279482300, 0.28123191100, 0.00000000000, 0.16991139690, 0.22105028220, 0.21895358300, 0.10301349420, 0.00000000000, 0.18850646730, 0.16042458110, (3) 0.00000000000, 0.00870500370, 0.05699517640, -0.08763820200, 0.00000000000, -0.97624406800, -0.48113513800, 0.24688970910, 0.00000000000, 0.00822649970, -0.17789039100, -0.14583405100, 
		-3.32577387400, 0.01875937480, 0.00000000000, 0.09950114090, 0.00000000000, 0.29813768720, 0.00000000000, -0.62901680200, 0.17610238050, 0.21820719480, 0.10863843660, 0.03523695990, 0.00000000000, 0.18465338320, 0.23060960280, 0.31605113410, 0.00000000000, -1.79798603100, -1.54800561200, -1.30719742600, -1.13236510500, -0.48867531300, -0.12922107500, 0.00174789810, 0.04059436270, 0.29751017170, -0.01659103200, 0.00253800860, 0.00000000000, -0.13092364400, -1.72489220100, 0.00000000000, 1.34037834960, 2.60487055710, 2.77047194160, 0.00000000000, 0.30535305840, (3) 0.00000000000, 2.16419740440, 0.00000000000, 0.75401700480, 0.00000000000, 0.26329789150, 0.29456556870, 0.26764037650, 0.00000000000, 0.06171412610, 0.08076804860, 0.08195382360, 0.15750612170, 0.00000000000, 0.03482986910, 0.06774404610, (3) 0.00000000000, -0.09576779300, -0.05096374500, -0.38555690500, 0.00000000000, -1.96505294000, -2.39966888600, -0.86568634900, 0.00000000000, 0.12218519170, -0.02506909000, -0.11526824500, 
		-3.38951193600, 0.01355491470, 0.00000000000, 0.13735553130, 0.00000000000, 0.36382306770, 0.00000000000, -1.02869703000, 0.28224218840, 0.27382663610, 0.13794787390, 0.04390041560, 0.00000000000, 0.30730655470, 0.12968048150, 0.26915363000, 0.00000000000, -2.37474877500, -2.05649809600, -2.15541819900, -1.75761508900, -1.02084480800, -0.61547524000, -0.25602879100, -0.39624291800, -0.02139592900, -0.15157395700, 0.01274616790, 0.00000000000, -0.32475957200, -0.38595444700, 0.00000000000, 1.51912431580, 2.47634957560, 3.56517738470, 0.00000000000, 0.02268257910, (3) 0.00000000000, 2.35187302000, 0.00000000000, 0.53631288630, 0.00000000000, 0.23564986820, 0.15661818990, 0.18196857820, 0.00000000000, 0.30612553170, 0.41926163760, 0.25101829370, 0.13874863880, 0.00000000000, 0.04905500430, 0.15723550810, (3) 0.00000000000, -0.08876305500, -0.22618131000, -0.05930305400, 0.00000000000, -1.40847345200, -0.96271992200, -0.27976472100, 0.00000000000, 0.00702185810, -0.08846395600, -0.21705331500, 
		-3.39843556500, 0.01310385890, 0.00000000000, 0.01336457980, 0.00000000000, 0.28509056530, 0.00000000000, -1.61456319900, 0.31832955190, 0.39617932420, 0.21022092200, 0.11717306770, 0.00000000000, 0.33384935700, 0.03219065010, 0.38287278950, 0.00000000000, -2.78304943100, -2.43264198800, -2.34116790400, -1.85696768500, -1.03522700700, -0.56614056900, -0.22957452600, -0.27978236300, 0.12197568530, 0.07797159300, 0.17062498530, 0.00000000000, -0.20763838200, -0.12455408300, 0.00000000000, 1.88579491110, 2.59742839210, 3.08630742700, 0.00000000000, 0.22876308330, (3) 0.00000000000, 2.17429609560, 0.00000000000, 0.91229818230, 0.00000000000, 0.25295579530, 0.29552407690, 0.10127406720, 0.00000000000, 0.23412543470, 0.34081475020, 0.47583358950, 0.21892060640, 0.00000000000, 0.04910542550, 0.01999184670, (3) 0.00000000000, -0.05906818700, -0.10693909200, -0.10041241100, 0.00000000000, -1.28498960200, -0.85808583100, -0.34493340600, 0.00000000000, 0.03362994150, -0.02734252500, -0.18516387900, 
		-2.98547779300, 0.00804388680, 0.00000000000, 0.08624983820, 0.00000000000, 0.37036387590, 0.00000000000, -0.63523390600, 0.30406826050, 0.37757595360, 0.21009812410, -0.05943675000, 0.00000000000, 0.22319854840, 0.14254740250, 0.26299823160, 0.00000000000, -3.15441333700, -2.83694785600, -2.52768387800, -2.29658710000, -1.52482239600, -0.98512653700, -0.75058267200, -0.64229589300, -0.25294930700, -0.24119862800, -0.25251486500, 0.00000000000, -0.15504263900, 0.92615308070, 0.00000000000, 1.63118507650, 2.40204044870, 2.44718719080, 0.00000000000, 0.01205435860, (3) 0.00000000000, 2.19710595690, 0.00000000000, 0.80396223000, 0.00000000000, 0.26543854100, 0.40059988590, 0.30367561920, 0.00000000000, 0.32751011140, 0.37154675020, 0.26175272740, 0.43122100030, 0.00000000000, 0.03425089480, 0.14817354110, (3) 0.00000000000, -0.08040088400, 0.06785617230, 0.05921591730, 0.00000000000, -0.70668456100, -0.45937514600, -0.17711165100, 0.00000000000, 0.05138268300, -0.11082072200, -0.20908089200, 
		-3.18520865300, 0.01401357300, 0.00000000000, 0.02624521170, 0.00000000000, 0.47324372810, 0.00000000000, -0.64198242900, 0.43991077970, 0.42663734900, 0.26985632000, 0.19866747090, 0.00000000000, 0.00832960230, -0.02563149000, 0.09561734310, 0.00000000000, -2.57030637700, -2.19294500900, -2.41477300000, -1.84738874400, -1.10946746000, -0.72484444600, -0.40261666000, -0.40950637800, -0.02933965000, -0.10713417900, 0.01644087470, 0.00000000000, -0.15718973500, 0.18812018950, 0.00000000000, 1.71038909020, 2.65560950460, 3.34108196190, 0.00000000000, -0.04390814700, (3) 0.00000000000, 2.80878117590, 0.00000000000, 0.65728085290, 0.00000000000, 0.09880972800, 0.22972557840, 0.16514362020, 0.00000000000, 0.25812403780, 0.29321582510, 0.23968063520, 0.12827453870, 0.00000000000, 0.20563634320, 0.27161579420, (3) 0.00000000000, -0.05026504100, -0.18077611600, -0.26582974400, 0.00000000000, -1.06802784000, -0.75635830600, -0.63328927600, 0.00000000000, 0.04613518690, 0.00877032000, -0.24712465500, 
		-3.51180801000, 0.00011318530, 0.00000000000, -0.01498444900, 0.00000000000, 0.42436323450, 0.00000000000, -0.63651073800, 0.37045411520, 0.40514954180, 0.23071124430, 0.09423749250, 0.00000000000, 0.23827728420, 0.15153950860, 0.20805211380, 0.00000000000, -2.45088484300, -2.42786112000, -1.87805117800, -1.72392705500, -0.98854309300, -0.53278367700, -0.16318629900, -0.11455817800, 0.18705287240, 0.24198533530, 0.28133455190, 0.00000000000, -0.11122581600, -4.74828070700, 0.00000000000, 1.65276978110, 2.34510717620, 2.54041978810, 0.00000000000, -0.13539677200, (3) 0.00000000000, 2.75155012180, 0.00000000000, 0.82605360780, 0.00000000000, 0.32987094240, 0.42780616570, 0.25346903850, 0.00000000000, 0.30634384940, 0.32382126440, 0.37233758400, 0.26504980750, 0.00000000000, 0.12130289460, 0.15395768520, (3) 0.00000000000, -0.11393285300, -0.12311826100, 0.14467160100, 0.00000000000, -0.95629184900, -0.66588930900, -0.03802999700, 0.00000000000, 0.02978073850, 0.02358970980, -0.12977258100, 
		-3.20931746500, 0.00328533430, 0.00000000000, 0.00391108740, 0.00000000000, 0.33431940170, 0.00000000000, -1.15069280900, 0.36592056620, 0.34621015360, 0.36494380290, 0.07072849370, 0.00000000000, 0.10607049260, 0.00995361360, 0.14721981170, 0.00000000000, -2.45459745200, -2.21624578800, -1.88740261900, -1.55128584400, -0.82906852400, -0.40796403800, -0.14727083900, -0.09910394000, 0.39343067550, 0.02319935250, 0.20531661350, 0.00000000000, -0.24616761700, 0.41434479840, 0.00000000000, 1.72974089440, 2.69211286650, 3.96136116770, 0.00000000000, -0.02287128600, (3) 0.00000000000, 2.37284636370, 0.00000000000, 0.96217066920, 0.00000000000, 0.17686157650, 0.17454508100, 0.28497074710, 0.00000000000, 0.19392326770, 0.21854343610, 0.16394108410, 0.27845799010, 0.00000000000, 0.16274915850, 0.14651319610, (3) 0.00000000000, -0.05452777300, 0.07586497480, -0.07120831000, 0.00000000000, -1.47398618500, -1.11067036500, -1.02314547400, 0.00000000000, -0.04883766200, -0.11313008100, -0.32445591100, 
		-3.50511472000, 0.01871399080, 0.00000000000, 0.02235763210, 0.00000000000, 0.28891669140, 0.00000000000, -0.92186125000, 0.43945568980, 0.47860269640, 0.42294538050, 0.17575873750, 0.00000000000, 0.22463587980, 0.11017411610, 0.27409517750, 0.00000000000, -2.25509910000, -2.29013475000, -2.06746238000, -1.55997715300, -0.86846104700, -0.36750134600, -0.23754535900, -0.30591531400, 0.12381892230, 0.14223859870, 0.11880354420, 0.00000000000, -0.20648974600, -1.02206026200, 0.00000000000, 1.46244833670, 2.45127487560, 2.52031969240, 0.00000000000, 0.03202297350, (3) 0.00000000000, 2.13521604950, 0.00000000000, 0.83268309290, 0.00000000000, 0.29361555180, 0.30194129820, 0.38021214880, 0.00000000000, 0.03022209820, 0.15437668240, 0.15440261260, 0.14335574600, 0.00000000000, 0.07206169260, 0.17307804290, (3) 0.00000000000, -0.06223196700, -0.07997950100, -0.23285650900, 0.00000000000, -0.95756672400, -0.77773667900, -0.95627944100, 0.00000000000, 0.10993708900, -0.14394688100, -0.08395851200, 
		-3.75752111700, 0.03429027510, 0.00000000000, 0.07496301920, 0.00000000000, 0.15103068750, 0.00000000000, -0.24984183000, 0.28738499740, 0.30670235090, 0.22006713070, 0.04807264930, 0.00000000000, 0.12746884530, 0.04093682720, 0.32687980080, 0.00000000000, -2.22540015300, -1.53847906200, -1.34689909600, -0.99767821700, -0.43207058900, -0.06101086700, 0.20135941220, 0.12647328270, 0.50286414410, 0.55260915680, 0.18228939220, 0.00000000000, -0.23168081900, -6.35814792500, 0.00000000000, 1.91457026910, 2.44437514880, 3.21856105050, 0.00000000000, -0.37031348500, (3) 0.00000000000, 2.21929838130, 0.00000000000, 0.87776423750, 0.00000000000, 0.20415651430, 0.20286335750, 0.03733604440, 0.00000000000, 0.22708049380, 0.15879366100, 0.13842875000, 0.01189693620, 0.00000000000, 0.20254363850, 0.17913563230, (3) 0.00000000000, -0.05225243600, 0.02753917850, 0.00257337590, 0.00000000000, -1.88183166000, -2.01462072500, -1.29882288500, 0.00000000000, 0.00320857070, 0.00346017870, -0.27093069800, 
		-3.79919192500, 0.00061806680, 0.00000000000, 0.01316356720, 0.00000000000, 0.22178530650, 0.00000000000, -1.00168643100, 0.35474938440, 0.31356283520, 0.29801685620, 0.17444108400, 0.00000000000, 0.31391699570, 0.25987808430, 0.31298264240, 0.00000000000, -1.88347002400, -1.91363506600, -1.72634138600, -1.21239994600, -0.60705122600, -0.24041484400, -0.02136144400, -0.15348167600, 0.27058160080, 0.21421260280, 0.11692212620, 0.00000000000, -0.10241205500, -0.14676837900, 0.00000000000, 1.69855458970, 2.67969357360, 2.95650774560, 0.00000000000, -0.19533814700, (3) 0.00000000000, 1.08674542460, 0.00000000000, 0.83908208510, 0.00000000000, 0.29446773020, 0.35524192700, 0.21138471170, 0.00000000000, 0.15457370050, 0.31279988840, 0.35646436960, 0.15668534480, 0.00000000000, 0.17893806850, 0.24757594210, (3) 0.00000000000, -0.13301166500, -0.13935793700, -0.19731853200, 0.00000000000, -1.37090229700, -1.38979761500, -0.86981713900, 0.00000000000, -0.03697942500, -0.13595942100, -0.24105404600, 
		-3.11194110000, 0.00331701640, 0.00000000000, 0.02395705360, 0.00000000000, 0.40478044990, 0.00000000000, -0.60367868800, 0.27604280720, 0.36285233640, 0.30394100060, 0.13607369290, 0.00000000000, 0.00131389880, 0.05738236130, 0.18446938680, 0.00000000000, -2.85307116400, -2.24886213400, -1.95775979500, -1.79978451900, -0.95317613200, -0.51504975400, -0.26807083600, -0.31544632100, 0.22913041650, 0.27590490100, 0.03633418970, 0.00000000000, -0.05875982100, -1.87469057600, 0.00000000000, 1.72420695810, 2.67626895890, 3.51808189170, 0.00000000000, 0.08131637320, (3) 0.00000000000, 2.66053687380, 0.00000000000, 0.79561419260, 0.00000000000, 0.19017024310, 0.10801352510, 0.18297118360, 0.00000000000, -0.16125725800, -0.14907491000, -0.20054162600, -0.23200930600, 0.00000000000, 0.17151166130, 0.25168352600, (3) 0.00000000000, -0.03225640400, -0.02400617500, 0.10495330200, 0.00000000000, -1.30532961200, -0.97034599500, -0.28015351600, 0.00000000000, 0.07399781440, 0.09215435060, -0.24005919400, 
		-3.17166625100, 0.02375867200, 0.00000000000, 0.02855425260, 0.00000000000, 0.42379341440, 0.00000000000, -0.60437170500, 0.34008462910, 0.42800004230, 0.29571707300, 0.14187564620, 0.00000000000, 0.06781566580, 0.04135842220, 0.07011905830, 0.00000000000, -2.51823050500, -2.24312657800, -2.16988783200, -1.75929173700, -1.02415026900, -0.59325250800, -0.36569080900, -0.26057799500, 0.03334520080, 0.03989813830, -0.02915823700, 0.00000000000, -0.27399417600, -0.54945212100, 0.00000000000, 1.81472055080, 2.02450137980, 3.48970675320, 0.00000000000, -0.02736726200, (3) 0.00000000000, 1.80315306780, 0.00000000000, 0.80807342350, 0.00000000000, 0.17490273150, 0.25252447950, 0.28899393380, 0.00000000000, 0.36551906910, 0.27975949420, 0.40163809000, 0.13100107990, 0.00000000000, 0.18566093400, 0.15779189450, (3) 0.00000000000, -0.17015224100, -0.01172424600, -0.00621617000, 0.00000000000, -1.42892453900, -1.32190963800, -0.93972267100, 0.00000000000, -0.07882400300, 0.11658989970, -0.22395106000, 
		-3.23490008900, 0.01190885580, 0.00000000000, 0.10308040870, 0.00000000000, 0.40315329810, 0.00000000000, -0.83602287400, 0.26166207770, 0.37495385620, 0.20409235070, 0.11321760560, 0.00000000000, 0.31510282170, 0.20975668920, 0.30235281330, 0.00000000000, -2.88857559500, -2.60417605500, -2.23363303100, -2.23992781500, -1.31279595300, -0.70025256900, -0.36301780200, -0.48355663700, 0.04650995860, -0.25608972300, -0.07781297600, 0.00000000000, -0.48289972900, -1.70426951400, 0.00000000000, 2.09403000300, 2.71103444230, 3.43365564090, 0.00000000000, 0.43548265630, (3) 0.00000000000, 1.86537794530, 0.00000000000, 0.88199186900, 0.00000000000, 0.11609844710, 0.33143498200, 0.05481435750, 0.00000000000, 0.16149739970, 0.28353557850, 0.18976752030, 0.13965577840, 0.00000000000, 0.03995791800, 0.08286500530, (3) 0.00000000000, -0.08938640600, 0.04436576080, -0.00247360800, 0.00000000000, -1.02612226400, -0.85154230700, -0.57330531800, 0.00000000000, -0.04090050000, -0.11340253600, -0.20513930000, 
		-3.65441327500, 0.00036519210, 0.00000000000, 0.04019173260, 0.00000000000, 0.11907471760, 0.00000000000, -0.60273176200, 0.36047048120, 0.31335471030, 0.31205586530, 0.19188187780, 0.00000000000, 0.12630448030, 0.15511138810, 0.13641474530, 0.00000000000, -2.23914395900, -2.03562511000, -1.67340935900, -1.33568080700, -0.62771334100, -0.27555522000, 0.12193243680, 0.09269413970, 0.45666917130, 0.37140188700, 0.41464360600, 0.00000000000, -0.12728441300, 0.59487662470, 0.00000000000, 1.80256607740, 2.23447624790, 3.75534026090, 0.00000000000, 0.07991729060, (3) 0.00000000000, 1.34114362550, 0.00000000000, 0.82285254310, 0.00000000000, 0.23321902860, 0.30700200280, 0.36186829150, 0.00000000000, 0.19151628060, 0.32410501950, 0.17131857080, 0.37760414860, 0.00000000000, 0.04044454930, 0.07021563820, (3) 0.00000000000, 0.05169791250, 0.01158755970, 0.11723808320, 0.00000000000, -1.24932841300, -1.06122487700, -0.35423993600, 0.00000000000, 0.02291913010, 0.09369345860, -0.13350116500, 
		-3.65876719500, 0.03075650430, 0.00000000000, 0.03498540800, 0.00000000000, 0.25942976390, 0.00000000000, -0.16183093200, 0.35170854110, 0.37188439650, 0.14732775720, 0.03464347670, 0.00000000000, 0.17155770210, -0.04786553000, 0.18833630860, 0.00000000000, -1.72171755800, -1.64787956100, -1.72309065100, -1.17512732000, -0.38380662500, -0.19115970200, 0.14048408470, 0.16963709220, 0.51185489340, 0.11741696340, 0.26431078670, 0.00000000000, -0.03874037000, -1.72074407000, 0.00000000000, 1.91131641870, 2.61155753550, 3.31385373470, 0.00000000000, -0.07838326200, (3) 0.00000000000, 1.83206249920, 0.00000000000, 0.77149752510, 0.00000000000, 0.17540168430, 0.18506792370, 0.18808148450, 0.00000000000, 0.17740324120, 0.09063644910, 0.04822079450, -0.12390458600, 0.00000000000, 0.08784812270, 0.04614895270, (3) 0.00000000000, -0.04044756400, -0.22089425100, -0.07179267000, 0.00000000000, -1.68881274100, -1.75329512500, -1.37190955200, 0.00000000000, -0.00429285600, -0.03353711600, -0.04779172500, 
		-3.24870228900, 0.01316173950, 0.00000000000, 0.10229509980, 0.00000000000, 0.58427365110, 0.00000000000, -0.90774351600, 0.32850708310, 0.31832569390, 0.22812001470, 0.08909059970, 0.00000000000, 0.05365096150, -0.07132849800, 0.05784996090, 0.00000000000, -2.24056197400, -2.42106966400, -2.20325609000, -1.89050380700, -1.06214818300, -0.56292612300, -0.37471112100, -0.41772538400, -0.14190178500, -0.14449613500, -0.04785071600, 0.00000000000, -0.22896046200, -1.78375466000, 0.00000000000, 1.53345750030, 2.51650785110, 3.32424365670, 0.00000000000, 0.24059350900, (3) 0.00000000000, 1.57781608630, 0.00000000000, 0.92187112680, 0.00000000000, 0.17346470260, 0.15360911010, 0.21968114340, 0.00000000000, 0.20605423900, 0.33636717500, 0.24773737400, 0.04299021310, 0.00000000000, 0.26959451550, 0.34397944600, (3) 0.00000000000, -0.16159441200, -0.14083940900, -0.08155685900, 0.00000000000, -1.21206438300, -1.08271614200, -0.24509210000, 0.00000000000, -0.09885686300, -0.34982448000, -0.23804726400, 
		-3.58725965200, 0.01575620460, 0.00000000000, 0.03766045200, 0.00000000000, 0.36865484410, 0.00000000000, -0.63495829100, 0.41177214330, 0.34650906810, 0.22518239160, 0.18251999130, 0.00000000000, 0.21199686190, 0.11943857050, 0.19481487220, 0.00000000000, -2.75195275500, -2.42328521200, -2.03196760600, -1.70759629200, -1.00936200600, -0.66631474000, -0.34851211700, -0.29086119900, 0.04083472010, -0.10188756400, 0.16653792030, 0.00000000000, -0.13786116000, 0.19974688440, 0.00000000000, 1.88773587250, 2.74376991180, 3.04640036090, 0.00000000000, 0.02092713570, (3) 0.00000000000, 2.21373003730, 0.00000000000, 0.80966536920, 0.00000000000, 0.25489837420, 0.28185023380, 0.30244869750, 0.00000000000, 0.38492340230, 0.29157683040, 0.44879924370, 0.18006364160, 0.00000000000, 0.04635824280, 0.10181139290, (3) 0.00000000000, -0.04232173400, -0.07462389700, -0.08325624500, 0.00000000000, -1.33393831800, -0.80446072800, -0.91241460300, 0.00000000000, -0.03663261700, -0.01930400200, -0.15062015500, 
		-2.95558036600, 0.00875151320, 0.00000000000, 0.03607116300, 0.00000000000, 0.08433649070, 0.00000000000, -0.63044994000, 0.44792234000, 0.40786642070, 0.26533279760, 0.25557924310, 0.00000000000, 0.02990493330, -0.13872321500, 0.20236077110, 0.00000000000, -2.61589524000, -2.50232697500, -2.16699066900, -1.82830363300, -1.10010736900, -0.78523983200, -0.36144564100, -0.40457315000, -0.07378288900, 0.04211966080, 0.02587289930, 0.00000000000, -0.21535936800, -3.35488728100, 0.00000000000, 1.66270619530, 2.37981390890, 2.11720367660, 0.00000000000, 0.11158164140, (3) 0.00000000000, 2.14842017860, 0.00000000000, 0.69255543890, 0.00000000000, 0.22730744610, 0.14051346980, 0.22728050390, 0.00000000000, -0.04951804700, 0.06973816660, 0.10571872410, 0.13124261050, 0.00000000000, 0.07059923080, 0.16165452880, (3) 0.00000000000, -0.03021827700, -0.09212666400, -0.10951217800, 0.00000000000, -1.04369894300, -0.61871837100, -0.59889407600, 0.00000000000, -0.02799338000, -0.18673193200, -0.13920282400, 
		-3.27607330200, 0.01218758420, 0.00000000000, 0.07392287740, 0.00000000000, 0.27809827010, 0.00000000000, -0.48210285900, 0.32516133830, 0.32877135810, 0.35409597200, 0.09082338730, 0.00000000000, 0.08703432010, -0.01684703300, 0.16510103230, 0.00000000000, -2.53812070200, -2.19486855100, -1.85643548500, -1.59666552500, -0.99462387500, -0.44143566400, -0.21257078200, -0.19932209000, 0.09584214350, 0.19390203100, 0.13939043780, 0.00000000000, -0.20994395400, -4.20259293200, 0.00000000000, 1.54373705760, 2.21812025970, 3.27263358220, 0.00000000000, 0.00456351090, (3) 0.00000000000, 1.67344551700, 0.00000000000, 0.69063831450, 0.00000000000, 0.32462445800, 0.23995832710, 0.24408889930, 0.00000000000, 0.08057359630, 0.13899175310, 0.19589028980, 0.16441313090, 0.00000000000, 0.16843469930, 0.18965985200, (3) 0.00000000000, -0.02081545000, 0.05820950350, 0.03445425450, 0.00000000000, -1.56308851900, -1.18542285900, -0.83230638900, 0.00000000000, -0.07722050500, -0.24712108000, -0.32955548700, 
		-3.29836403100, 0.01946663740, 0.00000000000, 0.10816352760, 0.00000000000, 0.23747625930, 0.00000000000, -0.67916803000, 0.27488608650, 0.35675250470, 0.20415777390, 0.08869428890, 0.00000000000, 0.15669489890, 0.08393527120, 0.06900929650, 0.00000000000, -2.90763749200, -2.79145801700, -2.32934846100, -1.97741749600, -1.21534148000, -0.75132228700, -0.47444306900, -0.36159362700, -0.06198848300, 0.07559819600, -0.02933513400, 0.00000000000, -0.22129169400, -0.44645639200, 0.00000000000, 1.64272988360, 2.62387890640, 2.63677782740, 0.00000000000, -0.24870091400, (3) 0.00000000000, 2.36155243680, 0.00000000000, 0.67192465070, 0.00000000000, 0.30334116350, 0.37813307720, 0.26163845050, 0.00000000000, 0.20160846540, 0.20666293250, 0.23620122680, 0.13310785470, 0.00000000000, 0.10637896080, 0.10732439800, (3) 0.00000000000, -0.09224319300, -0.12123947500, 0.21488663490, 0.00000000000, -0.70753678400, -0.20450800900, 0.28480019550, 0.00000000000, -0.07730090200, 0.04756029700, -0.01545710500, 
		-3.09541959000, 0.01744943600, 0.00000000000, -0.00766600700, 0.00000000000, 0.45394699930, 0.00000000000, -1.40273147600, 0.32160518270, 0.28538352000, 0.14493624060, 0.10624027030, 0.00000000000, 0.29808474470, 0.20887545480, 0.24828833970, 0.00000000000, -2.41781727100, -2.64156848600, -2.19109492900, -1.89282851300, -0.96710654000, -0.61802999600, -0.30312320200, -0.17436859200, 0.03028876680, 0.07492347210, 0.31450319870, 0.00000000000, -0.15934391500, -1.82982215600, 0.00000000000, 2.08510794080, 2.49286535460, 2.80138445710, 0.00000000000, -0.02309088100, (3) 0.00000000000, 2.58246798060, 0.00000000000, 0.74760373630, 0.00000000000, 0.24965392050, 0.14609604410, 0.13217666480, 0.00000000000, 0.02075674440, 0.00796011240, 0.06926621980, -0.10505462700, 0.00000000000, 0.07514362680, 0.17182380720, (3) 0.00000000000, -0.08886078000, -0.16348159100, 0.05727557780, 0.00000000000, -1.11833916700, -0.99653142000, -0.40338397300, 0.00000000000, 0.02064211690, 0.02045092670, -0.06863971800, 
		-3.75813807900, 0.00171910460, 0.00000000000, 0.02694418190, 0.00000000000, 0.27429244250, 0.00000000000, -0.69384463700, 0.27977306420, 0.22159716210, 0.27426855380, 0.12356811730, 0.00000000000, 0.18738338880, 0.08130663950, 0.12686618710, 0.00000000000, -1.65465892100, -1.48860208700, -1.28848800100, -0.94218267600, -0.22462305700, 0.15136358870, 0.23455632440, 0.27005082340, 0.53150515090, 0.19678732330, 0.32198844730, 0.00000000000, -0.24730442000, -1.23321371800, 0.00000000000, 1.56418091330, 2.22275662340, 4.26833405720, 0.00000000000, 0.11794309420, (3) 0.00000000000, 2.89579763110, 0.00000000000, 0.68839198330, 0.00000000000, 0.23935293440, 0.21520203140, 0.13294912410, 0.00000000000, 0.17899025810, 0.26539982700, 0.25061806070, 0.02113261830, 0.00000000000, 0.19976378580, 0.23681239990, (3) 0.00000000000, -0.03176058100, -0.14417442900, -0.17222258500, 0.00000000000, -2.05372223100, -2.07257453200, -1.14808269400, 0.00000000000, 0.01434550720, -0.03572550200, -0.29596533900, 
		-2.99093873400, 0.00143784990, 0.00000000000, 0.09482565510, 0.00000000000, 0.49796054370, 0.00000000000, -1.24687226300, 0.13277860790, 0.20864356990, 0.19825416690, 0.14714789030, 0.00000000000, 0.22789240800, 0.13007792990, 0.27239166020, 0.00000000000, -3.66200810700, -2.52790739600, -2.37711298400, -2.30543962300, -1.51309173700, -0.90590148800, -0.53494672300, -0.56756515600, -0.10613262000, -0.15155190600, -0.12876230600, 0.00000000000, -0.22634076700, -0.63280285100, 0.00000000000, 1.86579967410, 3.09323382270, 4.15917194890, 0.00000000000, -0.04368600100, (3) 0.00000000000, 1.60831925250, 0.00000000000, 0.90977843180, 0.00000000000, 0.31807149840, 0.33599327350, 0.18295943170, 0.00000000000, 0.22736626670, 0.29981969620, 0.24224026740, 0.27033269810, 0.00000000000, 0.09532095350, 0.06438744790, (3) 0.00000000000, -0.11301420000, -0.10236544300, -0.14623200900, 0.00000000000, -0.90942388700, -0.69019422200, -0.00608215000, 0.00000000000, -0.02048424500, 0.05264914850, -0.21787809500, 
		-3.85386967200, 0.00160391970, 0.00000000000, 0.06621412280, 0.00000000000, 0.41966580630, 0.00000000000, -0.56525777600, 0.45870387860, 0.46611439540, 0.37902325970, 0.20442843500, 0.00000000000, 0.08074097680, -0.12019165600, 0.07676284200, 0.00000000000, -1.56628574300, -1.45627152600, -1.40381727700, -1.04701832900, -0.49391345600, -0.08539293000, -0.09103588300, -0.22951412300, 0.05787824670, -0.07128223500, 0.21242865170, 0.00000000000, -0.23635849800, -0.16667175800, 0.00000000000, 1.54049254160, 2.72446229760, 3.56388209150, 0.00000000000, 0.18029799440, (3) 0.00000000000, 2.44240917370, 0.00000000000, 0.69304034260, 0.00000000000, 0.31719178960, 0.25564900900, 0.31096304090, 0.00000000000, 0.29421597270, 0.29633366370, 0.36060417760, 0.28023780930, 0.00000000000, 0.06995719800, 0.09418299050, (3) 0.00000000000, 0.03448202260, -0.14278517000, -0.39983842600, 0.00000000000, -2.02737615400, -1.58395183000, -1.73509726700, 0.00000000000, 0.04369504770, -0.20138229400, -0.09265385800, 
		-2.91457237200, 0.02361087090, 0.00000000000, 0.03346005980, 0.00000000000, 0.30824069300, 0.00000000000, -0.46890709400, 0.29864463050, 0.28941968100, 0.25035968380, 0.12037998450, 0.00000000000, 0.15456696210, 0.08821471840, 0.07375027630, 0.00000000000, -2.33117680700, -2.39351747000, -2.01895448400, -1.45441011600, -1.00464077300, -0.56637331300, -0.30136704800, -0.27225690300, 0.02289026000, -0.05310534500, -0.04697250700, 0.00000000000, -0.33453813600, -0.32332260400, 0.00000000000, 1.55469675540, 1.98717810910, 2.95931757590, 0.00000000000, 0.06641666470, (3) 0.00000000000, 2.06657278420, 0.00000000000, 0.88020583910, 0.00000000000, 0.11136972630, 0.11415775040, 0.09227665420, 0.00000000000, 0.03721959410, 0.07868265690, 0.12760189160, 0.07096561360, 0.00000000000, 0.14252720280, 0.03680233680, (3) 0.00000000000, -0.05594189400, -0.09059007100, 0.05590031130, 0.00000000000, -1.34538983300, -1.00381600500, -0.83393690300, 0.00000000000, -0.11163776300, 0.00381290510, -0.24101091300, 
		-3.19962962000, 0.01681749910, 0.00000000000, 0.04893958680, 0.00000000000, 0.14605254130, 0.00000000000, -0.61780486500, 0.19969534500, 0.40160281150, 0.29396972280, 0.17253204220, 0.00000000000, 0.27384926520, 0.13401382140, 0.19573388630, 0.00000000000, -2.36073308100, -2.28976700400, -1.96390443300, -1.45178521800, -0.90641167700, -0.44000593700, -0.30308118800, -0.35442795600, -0.11841692000, -0.01621335800, -0.19105904300, 0.00000000000, -0.25695439500, -0.12457120400, 0.00000000000, 1.88413742940, 2.30175916870, 3.22018818450, 0.00000000000, -0.11269555000, (3) 0.00000000000, 1.89666610290, 0.00000000000, 0.84947759510, 0.00000000000, 0.27342314050, 0.30089572550, 0.24264396330, 0.00000000000, -0.05803107800, 0.12312806620, 0.12802269090, 0.02747581830, 0.00000000000, 0.05760161420, 0.21066172470, (3) 0.00000000000, -0.01005283300, 0.07289866290, 0.01091060190, 0.00000000000, -1.71991497300, -1.42122206100, -0.97003080800, 0.00000000000, -0.05694111300, -0.09347218900, -0.23724825300, 
		-3.23526056600, 0.00733228660, 0.00000000000, 0.20190035280, 0.00000000000, 0.21285577890, 0.00000000000, -0.54724951600, 0.50321047640, 0.47085757740, 0.42726488140, 0.23824287090, 0.00000000000, 0.20085828770, 0.12364653380, 0.21346396410, 0.00000000000, -2.76321411900, -2.60214470200, -2.26806722300, -1.99768818700, -1.17861567500, -0.65728766100, -0.30529232000, -0.46564501400, 0.06412574190, -0.09950322900, 0.16984587680, 0.00000000000, -0.15180328700, -1.73351407800, 0.00000000000, 1.37590883320, 2.71284802180, 2.98796156020, 0.00000000000, 0.19070038480, (3) 0.00000000000, 2.43602876400, 0.00000000000, 0.66352600110, 0.00000000000, 0.25382304730, 0.21870565390, 0.26003582560, 0.00000000000, 0.23232588360, 0.35191333190, 0.26058124110, 0.26882878060, 0.00000000000, -0.03109014500, -0.04433294400, (3) 0.00000000000, -0.13815849400, -0.04808890700, -0.10538837500, 0.00000000000, -0.77293232400, -0.55128939000, -0.50969111100, 0.00000000000, -0.08258649800, -0.19602434500, -0.19669392000, 
		-3.18563030000, 0.00025395230, 0.00000000000, 0.00099139740, 0.00000000000, 0.47328449930, 0.00000000000, -0.93017782100, 0.25784536160, 0.34810513470, 0.19754394520, 0.03713888210, 0.00000000000, 0.16732184910, 0.00617053630, 0.30413069400, 0.00000000000, -2.72588592600, -2.41811203600, -2.14149312200, -1.84519526700, -1.03134520400, -0.45659844400, -0.17099615200, -0.18681962000, 0.19036015760, 0.30323008730, 0.33189871860, 0.00000000000, -0.13557831400, -2.47574544100, 0.00000000000, 1.59088259900, 2.81466771200, 3.15206170010, 0.00000000000, 0.20131777190, (3) 0.00000000000, 2.33273883860, 0.00000000000, 0.96434394460, 0.00000000000, 0.16607838380, 0.24760939890, 0.25078452650, 0.00000000000, 0.20246607760, 0.21451966680, 0.19054013740, 0.21080997500, 0.00000000000, 0.12580537540, 0.13922472740, (3) 0.00000000000, -0.06893593700, 0.09752525840, -0.16367177100, 0.00000000000, -0.87929100700, -0.78714632500, 0.18780201880, 0.00000000000, -0.01788637900, -0.20440595200, -0.22599506800, 
		-3.23772056700, 0.00249172360, 0.00000000000, -0.06661838400, 0.00000000000, 0.20665920660, 0.00000000000, -1.01036877100, 0.20606158670, 0.16921771870, 0.08410096070, 0.04223400380, 0.00000000000, 0.18145979140, 0.05591271950, 0.32293732710, 0.00000000000, -2.25374678300, -1.77556209100, -1.49046332100, -1.69908457300, -0.71196371300, -0.38354690100, 0.01899722480, -0.18725742500, 0.09325685650, 0.03415532870, 0.18818037600, 0.00000000000, -0.36297837000, -1.77247677200, 0.00000000000, 1.50393170590, 2.24568039830, 2.49497921000, 0.00000000000, -0.00579503900, (3) 0.00000000000, 2.65852564610, 0.00000000000, 0.76231194000, 0.00000000000, 0.29675836640, 0.22057499220, 0.24852126790, 0.00000000000, 0.09961985950, 0.16911825260, 0.26055163050, 0.19719290530, 0.00000000000, 0.14124012230, 0.19397068180, (3) 0.00000000000, -0.03981875600, -0.09273496900, -0.17326405200, 0.00000000000, -1.72566583500, -1.37142764600, -0.75224691400, 0.00000000000, -0.00688569700, -0.24132938600, -0.21331001800, 
		-3.05450273200, 0.01596328390, 0.00000000000, 0.13031912100, 0.00000000000, 0.20513394260, 0.00000000000, -0.27983481700, 0.33984318640, 0.44977343510, 0.25352980920, 0.16878023730, 0.00000000000, 0.17210722320, -0.01127316100, 0.24889345110, 0.00000000000, -2.77993038900, -2.47578421400, -2.05934854800, -1.86309951200, -1.10329091100, -0.71529729000, -0.32739006800, -0.32562425500, -0.02558401700, 0.02293559490, -0.10242369900, 0.00000000000, -0.21197967500, -1.95765751200, 0.00000000000, 1.55211135810, 3.10455037440, 3.57689082740, 0.00000000000, -0.15485240000, (3) 0.00000000000, 1.69227928610, 0.00000000000, 0.69512612750, 0.00000000000, 0.30813424060, 0.17695750070, 0.34882317840, 0.00000000000, 0.05675877270, 0.12493246050, 0.19586510320, 0.16254236360, 0.00000000000, 0.02568838830, -0.12763142700, (3) 0.00000000000, -0.06202742400, -0.26757283800, 0.08604906140, 0.00000000000, -1.47672142700, -1.06216129200, -0.53439308800, 0.00000000000, 0.02428343430, -0.28301397300, -0.28806416400, 
		-3.19138996500, 0.00159716450, 0.00000000000, 0.13612709590, 0.00000000000, 0.51030641320, 0.00000000000, -0.39284007300, 0.33695321400, 0.42214285420, 0.30389414010, 0.13116357670, 0.00000000000, 0.10535266820, -0.13310142600, 0.11988581590, 0.00000000000, -2.55865175000, -2.19613523100, -2.01338545800, -1.38080962100, -0.95709963300, -0.50205378200, -0.18704453500, -0.33606968800, 0.09638991920, 0.08768250470, 0.04062608100, 0.00000000000, -0.31703496100, -2.16499142000, 0.00000000000, 1.55289969020, 2.67908725460, 2.97363263990, 0.00000000000, 0.08887645990, (3) 0.00000000000, 1.53664746580, 0.00000000000, 0.75046042130, 0.00000000000, 0.09642521860, 0.14849155940, 0.16697151720, 0.00000000000, 0.28428214380, 0.33223731890, 0.36624999580, 0.42810932080, 0.00000000000, -0.02030541300, 0.00534280230, (3) 0.00000000000, 0.04402140840, -0.03633709000, -0.16152760000, 0.00000000000, -1.25589710000, -1.36386458900, -0.51402416500, 0.00000000000, 0.05536719900, -0.07993400000, -0.22075546600, 
		-3.30956738800, 0.00111241500, 0.00000000000, 0.05422458700, 0.00000000000, 0.49752779210, 0.00000000000, -0.63174295700, 0.39705244760, 0.36238055540, 0.25249305860, 0.18294357870, 0.00000000000, 0.05667223350, 0.03801985910, 0.15475494100, 0.00000000000, -2.76284654700, -2.44498314000, -2.10090500900, -1.77925580400, -0.99797727600, -0.50486756700, -0.42170529900, -0.27935222900, 0.08876600810, 0.15027020590, 0.03837077800, 0.00000000000, -0.21095303900, -0.44483991000, 0.00000000000, 1.90450590640, 2.38266644410, 3.09282974630, 0.00000000000, -0.13268278500, (3) 0.00000000000, 2.48864792690, 0.00000000000, 0.76625846050, 0.00000000000, 0.17430297300, 0.38813669120, 0.26535143450, 0.00000000000, 0.22654337100, 0.30648799860, 0.13451114080, 0.25214468480, 0.00000000000, 0.05144402050, 0.18816483140, (3) 0.00000000000, -0.10096707300, -0.04431797900, -0.33102024200, 0.00000000000, -1.10942977700, -0.94191482400, -0.38581213100, 0.00000000000, 0.02148693040, 0.01562102120, -0.20979404800, 
	};

	 //EN Interaction terms for cancer remission model : sex*(age group with perfect gradient forced)
	double	CURE_CANCER_Malesex_inter_Clone_age_group_t[BOOTSTRAP_INDEX_39][SEX] = {
		0, -0.124773658, 
		0, -0.156115778, 
		0, -0.096052346, 
		0, -0.213828011, 
		0, -0.183036358, 
		0, -0.114571489, 
		0, -0.180147733, 
		0, -0.212742479, 
		0, -0.034999259, 
		0, -0.165776222, 
		0, -0.116274875, 
		0, -0.268506869, 
		0, -0.203888829, 
		0, -0.120739342, 
		0, -0.165028338, 
		0, -0.100136518, 
		0, -0.113206286, 
		0, -0.060061727, 
		0, -0.065124463, 
		0, -0.132006108, 
		0, -0.222000448, 
		0, -0.074086898, 
		0, -0.088021398, 
		0, -0.075297674, 
		0, -0.136355244, 
		0, -0.134105685, 
		0, -0.124781025, 
		0, -0.197576901, 
		0, -0.086685759, 
		0, -0.040446677, 
		0, -0.154720923, 
		0, -0.126359997, 
		0, -0.137653464, 
		0, -0.085182455, 
		0, -0.106595391, 
		0, -0.104140299, 
		0, -0.080503648, 
		0, -0.07116784, 
		0, -0.13437882, 
		0, -0.096446822, 
	};

	 //EN Interaction terms for hypertension onset model : diabetes*(age group with perfect gradient forced)
	double	BP_Ever_diabetes_t_inter_Clone_age_group_t[BOOTSTRAP_INDEX_39][DIAB_STATE] = {
		0, -0.13296432, 
		0, -0.172791569, 
		0, -0.144020765, 
		0, -0.131550418, 
		0, -0.213922785, 
		0, -0.155376435, 
		0, -0.120388303, 
		0, -0.181031606, 
		0, -0.129224406, 
		0, -0.144363612, 
		0, -0.139024323, 
		0, -0.138321646, 
		0, -0.195604891, 
		0, -0.205903507, 
		0, -0.187470042, 
		0, -0.113890028, 
		0, -0.142272337, 
		0, -0.035743657, 
		0, -0.180341399, 
		0, -0.117103128, 
		0, -0.121347305, 
		0, -0.070392083, 
		0, -0.110893982, 
		0, -0.084491552, 
		0, -0.143019929, 
		0, -0.134484592, 
		0, -0.098553377, 
		0, -0.146870962, 
		0, -0.186064006, 
		0, -0.215659691, 
		0, -0.098586562, 
		0, -0.148578122, 
		0, -0.140405842, 
		0, -0.105837192, 
		0, -0.178555152, 
		0, -0.176671446, 
		0, -0.166219824, 
		0, -0.080159972, 
		0, -0.082117803, 
		0, -0.17743498, 
	};

	 //EN Interaction terms for hypertension onset model : (leisure time physical activity)*(age group with perfect gradient forced)
	double	BP_T_leisure_rindex_t_inter_Clone_age_group_t[BOOTSTRAP_INDEX_39][LTPA_4CAT] = {
		0, 0.1187502984, 0.1038413651, 0.0414015024, 
		0, 0.1082587944, 0.1090197449, 0.0520087258, 
		0, 0.1054982497, 0.0590246254, -0.030841202, 
		0, 0.1492797014, 0.1300338914, 0.1105981803, 
		0, 0.1213014101, 0.0559741469, -0.003597456, 
		0, 0.1388657091, 0.0707044678, 0.0710953968, 
		0, 0.1167929924, 0.0715823557, 0.0612346358, 
		0, 0.0874015891, 0.0434036931, -0.045538331, 
		0, 0.1619257298, 0.2160986403, 0.0497186565, 
		0, 0.1411591199, 0.0911597606, 0.0115450977, 
		0, 0.1079983046, 0.0792982702, -0.004572904, 
		0, 0.0617353635, 0.0410182289, -0.014738412, 
		0, 0.1021477053, 0.0703894559, 0.0438997627, 
		0, 0.0872073247, 0.0759636382, -0.003769387, 
		0, 0.1216017123, 0.0936602209, 0.0580970352, 
		0, 0.081971124, 0.0662802643, 0.061540523, 
		0, 0.1665101193, 0.185813798, 0.0772424084, 
		0, 0.1351318155, 0.1462674307, 0.0689063015, 
		0, 0.1284099629, 0.102946133, 0.0287806293, 
		0, 0.1165017988, 0.1072907886, 0.055242648, 
		0, 0.0941489125, 0.0924629771, 0.044117709, 
		0, 0.1166620581, 0.1000704369, 0.0241762937, 
		0, 0.1691734321, 0.182183944, 0.1288237129, 
		0, 0.1209394317, 0.1194047407, 0.0147218427, 
		0, 0.1194167086, 0.0868362701, 0.0653406785, 
		0, 0.0967571536, 0.060933797, 0.043434906, 
		0, 0.137153096, 0.1098686528, 0.0537229684, 
		0, 0.0786972935, 0.0319002851, -0.025803802, 
		0, 0.0951317667, 0.0872695306, 0.0163895724, 
		0, 0.2066433315, 0.2088095803, 0.1020789716, 
		0, 0.0811723572, 0.0675987501, -0.009419625, 
		0, 0.2128941495, 0.1686832115, 0.1712268565, 
		0, 0.1078988606, 0.0928490211, 0.0356715543, 
		0, 0.1476517312, 0.1260512814, 0.0636567793, 
		0, 0.0770854374, 0.0516191087, 0.0439484053, 
		0, 0.0856136365, 0.0851267586, -0.045067303, 
		0, 0.1573984659, 0.1228985283, 0.0458624331, 
		0, 0.1310217945, 0.0970458299, 0.0397803824, 
		0, 0.1152876517, 0.1265065894, 0.0352721207, 
		0, 0.1160285841, 0.0960911984, 0.0402518504, 
	};

	 //EN Interaction terms for hypertension onset model : (BMI category)*(age group with perfect gradient forced)
	double	BP_Bmi_cat5_t_inter_Clone_age_group_t[BOOTSTRAP_INDEX_39][BMI5CAT] = {
		0.056098202, 0, -0.115901743, -0.18437351, -0.223134754, 
		0.1508217961, 0, -0.147055463, -0.205960503, -0.25710702, 
		0.0230570062, 0, -0.11142803, -0.217472114, -0.20508174, 
		0.0051919176, 0, -0.132454626, -0.197882833, -0.222426779, 
		0.2383185292, 0, -0.134783312, -0.185475184, -0.245037405, 
		0.1207370658, 0, -0.113264386, -0.166177352, -0.233671283, 
		-0.033463061, 0, -0.106960832, -0.21245036, -0.208252808, 
		0.153991597, 0, -0.116473433, -0.147375548, -0.14967776, 
		0.1479735317, 0, -0.099989122, -0.18837917, -0.199359058, 
		-0.009112181, 0, -0.102924845, -0.185177598, -0.290189352, 
		-0.049271067, 0, -0.140269729, -0.188275502, -0.220786242, 
		-0.161826645, 0, -0.121667359, -0.171423547, -0.158413902, 
		-0.019049174, 0, -0.126529413, -0.188786221, -0.275073754, 
		0.337470465, 0, -0.116450229, -0.159165574, -0.15686026, 
		-0.0774584, 0, -0.123180136, -0.185419519, -0.295316288, 
		0.0897525666, 0, -0.105307777, -0.176819345, -0.156874289, 
		0.4486120696, 0, -0.146230143, -0.171055755, -0.23472768, 
		-0.003758446, 0, -0.116478007, -0.193501596, -0.198699206, 
		0.1347666821, 0, -0.119835457, -0.196856553, -0.248952515, 
		-0.004624155, 0, -0.135896305, -0.128631742, -0.235134936, 
		0.1165744312, 0, -0.154854182, -0.192773645, -0.24626285, 
		-0.082577397, 0, -0.13479151, -0.154260802, -0.282025394, 
		0.0655467266, 0, -0.145829036, -0.187112592, -0.264891863, 
		0.1196386905, 0, -0.10327658, -0.181304634, -0.218944188, 
		-0.03316201, 0, -0.13502348, -0.183604324, -0.192278389, 
		0.2224033509, 0, -0.115625193, -0.166746755, -0.107995071, 
		0.3300114625, 0, -0.105710281, -0.149228212, -0.220308323, 
		-0.007233374, 0, -0.121137895, -0.198142107, -0.15695569, 
		0.1017170176, 0, -0.159297463, -0.154307276, -0.201455129, 
		0.1079448983, 0, -0.115757019, -0.162725356, -0.365272747, 
		0.0241609264, 0, -0.139909962, -0.234063337, -0.343016635, 
		0.0055769477, 0, -0.102809142, -0.203023078, -0.249562658, 
		0.0461802834, 0, -0.100526462, -0.131104858, -0.212832435, 
		0.0023814807, 0, -0.130432234, -0.15252962, -0.237857349, 
		0.1087830496, 0, -0.104681507, -0.204053321, -0.227096227, 
		0.171103471, 0, -0.126369321, -0.215135566, -0.236738153, 
		0.1006375117, 0, -0.101386619, -0.138168785, -0.157528148, 
		0.1326729327, 0, -0.107580016, -0.245314091, -0.260023411, 
		0.1732804999, 0, -0.114994763, -0.204895667, -0.207909732, 
		0.00900119, 0, -0.142732069, -0.160652578, -0.222522673, 
	};

	 //EN Interaction terms for cancer onset model : sex*(age group with perfect gradient forced)
	double	CANCER_Malesex_inter_Clone_age_group_t[BOOTSTRAP_INDEX_39][SEX] = {
		0, 0.1597229502, 
		0, 0.1861373569, 
		0, 0.2991589185, 
		0, 0.1564619789, 
		0, 0.205275909, 
		0, 0.1725719928, 
		0, 0.1543028146, 
		0, 0.0755316347, 
		0, 0.1928360441, 
		0, 0.1284699554, 
		0, 0.1466417906, 
		0, 0.1409178608, 
		0, 0.1209140358, 
		0, 0.1758550154, 
		0, 0.1290805431, 
		0, 0.1841793818, 
		0, 0.2362631036, 
		0, 0.2368296866, 
		0, 0.1926109794, 
		0, 0.1266083054, 
		0, 0.1177888121, 
		0, 0.1288182427, 
		0, 0.1490180705, 
		0, 0.0877901084, 
		0, 0.1405306704, 
		0, 0.0872930975, 
		0, 0.1458468987, 
		0, 0.2194769904, 
		0, 0.1257002428, 
		0, 0.1509560309, 
		0, 0.0921469845, 
		0, 0.160488265, 
		0, 0.198388404, 
		0, 0.2399936214, 
		0, 0.1666149574, 
		0, 0.168164513, 
		0, 0.1151613373, 
		0, 0.1820132795, 
		0, 0.1510003066, 
		0, 0.1745967122, 
	};

	 //EN Interaction terms for diabetes onset model : (BMI category)*(age group with perfect gradient forced)
	double	DIAB_Bmi_cat5_t_inter_Clone_age_group_t[BOOTSTRAP_INDEX_39][BMI5CAT] = {
		-0.2051373, 0, -0.108811052, -0.21642695, -0.317611591, 
		11.110960046, 0, -0.136686506, -0.189265033, -0.360740391, 
		-0.05033374, 0, -0.076407648, -0.170508277, -0.318996023, 
		-0.072497022, 0, -0.041115926, -0.169398136, -0.46914815, 
		0.0027127267, 0, -0.043445782, -0.153569015, -0.34579606, 
		-0.384684358, 0, -0.230477028, -0.333771095, -0.299737588, 
		-0.24640559, 0, -0.111362011, -0.20011446, -0.287753687, 
		-0.158603192, 0, -0.047389141, -0.140557508, -0.230023129, 
		-0.361189193, 0, -0.248888354, -0.301188395, -0.395532771, 
		-0.013083611, 0, -0.077165239, -0.150973927, -0.473159751, 
		0.0215921704, 0, -0.231280829, -0.350305459, -0.354101807, 
		-0.236769585, 0, -0.018100098, -0.153937448, -0.22620489, 
		0.0198662286, 0, -0.035864149, -0.120778119, -0.241394, 
		-0.119392618, 0, -0.064643377, -0.148319761, -0.215992997, 
		-0.016923948, 0, -0.028614255, -0.178275941, -0.219571658, 
		-0.367365263, 0, -0.102687463, -0.188382696, -0.292914157, 
		-0.314587269, 0, -0.154281728, -0.30488335, -0.395703951, 
		-0.373062709, 0, -0.260385956, -0.372160462, -0.376917689, 
		-0.078967082, 0, -0.095616415, -0.226011568, -0.333065398, 
		-0.447565093, 0, -0.033718752, -0.248137637, -0.353329808, 
		0.0204897683, 0, -0.08418965, -0.072911772, -0.20436119, 
		0.1451888021, 0, -0.101517242, -0.228896496, -0.272661352, 
		-0.364213485, 0, -0.132696605, -0.212798087, -0.2094129, 
		-0.090885099, 0, -0.101668472, -0.151558164, -0.334268329, 
		0.0537043165, 0, -0.057894816, -0.149178772, -0.265476738, 
		-0.387398114, 0, -0.133920404, -0.275422299, -0.394837455, 
		-0.252462276, 0, -0.089010953, -0.191662355, -0.339329436, 
		-0.198272565, 0, -0.126761901, -0.252324313, -0.294721917, 
		-0.304032576, 0, -0.054054509, -0.193848417, -0.353737705, 
		-0.237372223, 0, -0.014201585, -0.277421749, -0.421635417, 
		-0.188884816, 0, -0.012617951, -0.179364409, -0.279278196, 
		-0.459893971, 0, -0.198588273, -0.319218348, -0.385190665, 
		-0.193194728, 0, -0.20281344, -0.215989019, -0.435783236, 
		-0.192077921, 0, -0.121883388, -0.260780311, -0.281588599, 
		-0.378518638, 0, -0.186148851, -0.248860919, -0.331509813, 
		-0.16343426, 0, -0.137953442, -0.252060546, -0.321408599, 
		-0.20278983, 0, -0.100341111, -0.299074826, -0.299875977, 
		-0.236555886, 0, -0.328869948, -0.373229433, -0.472319857, 
		-0.798588934, 0, -0.231540976, -0.272248403, -0.292894833, 
		-0.100703656, 0, -0.047184145, -0.134980008, -0.305414507, 
	};

	 //EN Interaction terms for heart disease onset model : hypertension*(age group)
	double	HD_Age_group10_40_t_inter_Hbpcomb_t[BOOTSTRAP_INDEX_39][FROM_40_TO_80_BY_10] = {
		0.9712541738, 0.8943374232, 0.3707792557, 0.4550637402, 0.3857756747, 0, 
		1.7138314866, 1.2291996485, 0.7050449948, 0.6727539857, 0.7954493861, 0, 
		0.0728564413, 0.3495854042, 0.5372592676, 0.7896136254, 0.4916950145, 0, 
		0.67774012, 0.5411567549, 0.3248624188, 0.2023891381, 0.5286446323, 0, 
		1.5583797992, 0.9524349375, 0.4911267625, 0.5674189377, 0.7276658483, 0, 
		1.6337110861, 0.9255254609, 0.6598335921, 0.4858527984, 0.7432345332, 0, 
		1.3377027378, 0.9818762462, 0.5634699448, 0.5205550822, 0.6402862484, 0, 
		0.2502075828, 1.7556221332, 0.7773793351, 0.4445189702, 0.6175596705, 0, 
		1.7051141262, 1.3725580313, 0.9322758349, 1.1046673513, 0.7603487279, 0, 
		-1.513352185, 0.6809941345, 0.1300684561, -0.130557981, -0.290262477, 0, 
		0.9272708103, 0.9634583332, 0.7987907695, 0.7054315323, 0.3636370982, 0, 
		0.5632407318, 0.7588832187, -0.122970946, 0.3143673467, -0.184872888, 0, 
		0.2426393346, 0.9708217505, 0.2826925419, 0.2214211258, 0.2129876514, 0, 
		1.4662368353, 0.9264314498, 0.0841250292, 0.0967923227, 0.0110144815, 0, 
		0.616697261, 0.9591855753, 0.7632438991, 0.7511620741, 0.8368195976, 0, 
		-1.212921147, 0.8211927352, 0.2582225288, 0.3649211139, 0.2351320989, 0, 
		0.1933492386, 1.1047658287, 0.5987906027, 0.8066896929, 0.6983328674, 0, 
		1.0331139831, 0.7090422429, 0.2595854526, 0.4606227547, 0.0182537794, 0, 
		0.5395161024, 0.4397836449, 0.0793520785, 0.6345005702, 0.20217986, 0, 
		0.8138655504, 1.0455905926, 0.3828822956, 0.5317230896, 0.3733280643, 0, 
		0.2260967116, 0.969498059, 0.2772515481, 0.7137450939, 0.2328731802, 0, 
		1.4946691388, 0.7778368334, -0.140880995, 0.4035593767, 0.162169084, 0, 
		-0.519206186, 0.8769604086, 0.3500720157, 0.1541010078, 0.4101266194, 0, 
		1.5559817089, 0.2426457952, 0.2113149724, 0.0109378539, -0.239137901, 0, 
		-1.435961884, 0.718125802, 0.1623794214, 0.5986102574, 0.4283005264, 0, 
		1.058857089, 1.1249991575, 0.8831857769, 0.8348558893, 0.3877122457, 0, 
		0.7274135633, 0.8297770019, 0.5650722859, 0.4742608998, 0.376491018, 0, 
		1.5722302686, 1.4049468084, 0.6196161003, 0.6511855097, 0.6961366986, 0, 
		0.7633585721, 0.6636251791, 0.198687574, 0.4589787666, 0.0889594142, 0, 
		2.4436984771, 1.387702986, 0.773953426, 0.8146064539, 0.6711324069, 0, 
		1.6805698711, 0.8270442508, 0.232430777, 0.421057855, 0.039941831, 0, 
		0.2490067452, 0.7940030542, 0.3913820972, 0.343634546, 0.4454945691, 0, 
		1.7368378652, 1.0957579593, 0.330995792, 0.408605114, 0.6990073229, 0, 
		1.1587902771, 0.7918881423, 0.1380604348, 0.1761835944, -0.033888262, 0, 
		0.1944955929, 0.578263085, -0.377435482, -0.037149846, -0.142577096, 0, 
		1.4688928253, 0.9515925387, 0.4519159135, 0.5986327629, 0.3068204415, 0, 
		1.2957080029, 1.3215111137, 0.7713644458, 0.7359374171, 0.3518926245, 0, 
		0.2156765314, 0.5840879741, -0.332605297, -0.205858222, -0.187079947, 0, 
		0.6501168941, 0.861332331, 0.6035656079, 0.5886656519, 0.5102512037, 0, 
		0.7138489394, 0.5847480828, 0.1846173734, 0.3244789388, 0.101354805, 0, 
	};

	 //EN Interaction terms for heart disease onset model : hypertension*max(0,age-85)
	double	HD_Sp1_age_t_1_inter_Hbpcomb_t[BOOTSTRAP_INDEX_39] = {
		-0.033982889, -0.120392496, -0.007803003, -0.34109287, 0.0545106588, 0.0020740963, 0.1061051521, -0.015213691, 0.0199214934, -0.127765315, -0.054870793, -0.330544827, -0.098692278, -0.019111102, 0.0266061529, -0.186035117, -0.143907163, -0.025833932, -0.111146817, -0.057609555, -0.14239013, -0.078910611, -0.052387528, -0.114634086, -0.057867387, 0.022201964, -0.001325515, -0.061427207, 0.0061256442, 0.0245068396, -0.700656296, -0.054808465, -0.037396962, -0.195217803, -0.077797604, 0.0428818082, 0.0501303661, -0.188942778, -0.124004782, 0.0157758257, 
	};

	 //EN Interaction terms for mortality model : cancer*sex
	double	MORT_Malesex_inter_Cancer_t[BOOTSTRAP_INDEX_39][SEX] = {
		0, -0.450707938, 
		0, -0.184983691, 
		0, -0.339411072, 
		0, -0.466128875, 
		0, -0.448874845, 
		0, -0.648741254, 
		0, -0.483390605, 
		0, -1.050231223, 
		0, -0.36199989, 
		0, -0.416731457, 
		0, -0.503300272, 
		0, -0.506543366, 
		0, -0.669125873, 
		0, -0.62173359, 
		0, -0.455886594, 
		0, -0.535255845, 
		0, -0.530728296, 
		0, -0.225336486, 
		0, -0.268472016, 
		0, -0.490248917, 
		0, -0.713376103, 
		0, -0.647718479, 
		0, -0.266953428, 
		0, -0.405462448, 
		0, -0.480336586, 
		0, -0.640110491, 
		0, -0.236328863, 
		0, -0.236316207, 
		0, -0.33273276, 
		0, -0.044927213, 
		0, -0.745988271, 
		0, -0.136231811, 
		0, -0.306273346, 
		0, -0.322272187, 
		0, -0.436014734, 
		0, -0.300598383, 
		0, -0.374343346, 
		0, -0.482418834, 
		0, -0.500539752, 
		0, -0.630523101, 
	};

	 //EN Interaction terms for mortality model : cancer*(age group)
	double	MORT_Age_group10_40_t_inter_Cancer_t[BOOTSTRAP_INDEX_39][FROM_40_TO_80_BY_10] = {
		1.3003881448, 3.0724807784, 2.6163278975, 1.7748328114, 0.9813030284, 0, 
		1.2680047939, 2.9803656604, 2.8785523807, 1.9327050962, 0.8326139853, 0, 
		1.1395697423, 2.8610390685, 2.5230443545, 1.822919149, 1.0853846122, 0, 
		0.6427883803, 2.9679232721, 2.6421003403, 1.7955960357, 1.1342339325, 0, 
		1.9424689389, 3.7743009747, 2.3391047598, 1.8901453546, 1.0536344501, 0, 
		1.4364507207, 3.0938044472, 2.5659112747, 1.9397320843, 1.0534239799, 0, 
		1.97164229, 2.7902761361, 2.6239400111, 1.4105138025, 0.7255384435, 0, 
		0.7563868555, 3.0132991104, 2.2264044609, 1.4494198653, 0.6304840094, 0, 
		0.6592938263, 2.7473537953, 2.4139563048, 1.4586308347, 0.6213672604, 0, 
		1.4309616374, 3.1988343268, 2.8048224126, 2.1096189095, 0.9059629438, 0, 
		1.249508387, 2.8185458453, 2.7493104202, 1.8166588638, 0.9290125391, 0, 
		0.5938177895, 3.7722349678, 2.7849118944, 1.5256512572, 1.0211284302, 0, 
		1.5744295037, 2.8206147237, 2.5638003725, 1.8289729469, 1.1132582233, 0, 
		1.0644401646, 3.1169888029, 2.3871418914, 1.8074624311, 0.961307826, 0, 
		1.6813955511, 2.9731453975, 2.3816554153, 1.9142581019, 1.0200127653, 0, 
		0.7122132924, 3.0720985577, 2.3430405089, 1.9588463856, 0.9694174209, 0, 
		1.9696185911, 3.7864775872, 2.4566396332, 1.5958771674, 0.9820376343, 0, 
		1.9945942881, 2.598706607, 2.8465171171, 1.922451754, 0.9136704185, 0, 
		0.6376270012, 3.4143888948, 2.9508310185, 1.7655884271, 0.7487357302, 0, 
		1.3071410412, 3.0667524658, 2.6640357785, 1.8691129136, 0.9474122746, 0, 
		2.140478967, 2.726648602, 2.2419169369, 2.0758731988, 0.9028380413, 0, 
		1.2107738427, 2.8390327542, 2.3393693912, 1.9850276331, 1.0883470186, 0, 
		1.7629445345, 2.9835804531, 2.680673469, 1.7988406652, 1.0152454642, 0, 
		2.0527626736, 2.4757443242, 2.3782326453, 1.9492252647, 0.8520119132, 0, 
		1.0042896108, 3.1747132543, 2.4441221121, 1.6263267351, 1.1343048272, 0, 
		0.7227047295, 2.8926009261, 2.3609425827, 1.3487051315, 1.243222699, 0, 
		2.6835848679, 3.1827266917, 2.4547201295, 1.9686853048, 0.8800820556, 0, 
		1.7189945588, 2.9747902839, 2.3554033169, 1.527303214, 0.9015828378, 0, 
		0.7639006692, 3.0947663988, 2.9792919119, 1.7868280853, 1.1938960212, 0, 
		1.6786955658, 3.4386914717, 2.8769092811, 1.6822929396, 0.9037443436, 0, 
		1.2897679012, 3.2202585571, 2.3770549265, 2.1068194538, 1.093057462, 0, 
		1.8271809128, 2.7522320658, 2.9692139794, 1.7046701108, 1.0331565297, 0, 
		1.1021689362, 3.1717119045, 2.8660050519, 1.8264136037, 1.3085193187, 0, 
		1.2527598936, 2.7082299232, 2.797368364, 1.5792252917, 0.9184711604, 0, 
		1.6279688668, 3.6673006583, 2.7889263663, 2.0081569937, 0.9978546303, 0, 
		1.1225700839, 2.5853758356, 2.4994842522, 1.3795396287, 0.6664298961, 0, 
		2.4315818633, 2.8986747057, 2.2523806144, 2.2027103459, 1.0529693303, 0, 
		1.2338782918, 3.2059121781, 2.576676206, 1.4939417473, 0.6358731104, 0, 
		1.3547173702, 2.7887969853, 2.5461029605, 1.5519981752, 1.2017882866, 0, 
		0.5015907738, 3.258726775, 2.6419978525, 1.5804711845, 0.9048057682, 0, 
	};

	 //EN Interaction terms for mortality model : cancer*max(0,age-85)
	double	MORT_Sp1_age_t_1_inter_Cancer_t[BOOTSTRAP_INDEX_39] = {
		-0.020974318, -0.04217315, -0.002871592, -0.034150497, -0.045348694, -0.007672568, -0.081870065, -0.063277084, -0.068438991, 0.0012695006, 0.0194879099, 0.0125133991, -0.050332342, 0.0174793609, -0.012079554, -0.045871797, -0.023204759, -0.025211495, 0.0463927207, 0.0115251954, -0.040998816, -0.017933793, -0.019592563, -0.022635801, 0.01560253, -0.080882828, 0.0212372516, 0.0060666694, -0.02507566, -0.026882035, -0.011069551, 0.0286885658, 0.0563905977, -0.067364941, -0.018305509, -0.059210442, -0.042047943, -0.044375427, -0.038081212, 0.0160047906, 
	};
};

