// without alcohol
parameters {
	AR_ORDER_INDEX_3	Income_MaxAutoRegressiveOrder = AR3_3;
	int	Educ_BootstrapIndexMultiplier = 1; //EN Allow the use of bootstrap replicates (1) or not (0)
	int	Income_BootstrapIndexMultiplier = 1; //EN Allow the use of bootstrap replicates (1) or not (0)
	int	Educ_BootstrapOffset = 1; //EN First bootstrap replicate to be used
	int	Income_BootstrapOffset = 1; //EN First bootstrap replicate to be used
	double	Income_CalendarTimeCap = 2009; //EN Income_CalendarTimeCap
	double	Educ_CalendarTimeCap = 2001; //EN Educ_CalendarTimeCap
	logical pEducation_model={TRUE}; //EN switch to turn Education model on (TRUE) or off (FALSE)
	logical pIncome_model={TRUE};    //EN switch to turn Income model on (TRUE) or off (FALSE)

	 //EN AdjustInitialEducationAgeRange
	double	AdjustInitialEducationAgeRange[cLOWER_UPPER_BOUNDS] = {
		18, 2, 
	};

	 //EN EducationDistributionByCCHSCycle
	double	EducationDistributionByCCHSCycle[SEX][CCHS_CYCLE][RANGE_12_TO_80][EDUCATION] = {
		// FEMALE, CCHS_CYCLE_2001
		(3) {
			100.000, (3) 0.00000, 
		},
		95.9432, 0.72633, 3.33050, 0.00000, 
		95.2596, 1.43123, 3.30915, 0.00000, 
		78.9689, 12.8786, 7.54041, 0.61209, 
		37.0018, 35.3573, 22.3225, 5.31835, 
		15.9512, 37.7763, 33.9693, 12.3032, 
		10.8624, 32.2608, 33.1147, 23.7621, 
		10.6044, 23.6082, 32.0482, 33.7392, 
		10.8315, 18.4782, 21.7550, 48.9353, 
		8.28329, 19.4609, 18.8362, 53.4196, 
		7.44522, 17.4535, 11.2181, 63.8832, 
		8.72827, 17.2816, 8.80949, 65.1806, 
		9.37160, 19.0588, 7.72111, 63.8485, 
		9.99052, 15.2910, 9.43350, 65.2850, 
		9.62151, 16.4712, 10.2734, 63.6340, 
		11.9135, 19.3573, 7.54157, 61.1876, 
		8.15474, 17.4664, 8.35290, 66.0260, 
		9.14332, 17.5740, 7.69265, 65.5901, 
		11.0475, 16.1266, 7.22931, 65.5965, 
		9.52824, 18.7220, 6.95921, 64.7905, 
		8.61042, 24.1644, 5.92031, 61.3049, 
		13.4893, 20.1998, 7.30950, 59.0014, 
		10.7188, 22.9700, 6.75054, 59.5606, 
		10.7688, 20.7513, 7.52316, 60.9568, 
		12.5629, 27.4323, 5.84011, 54.1647, 
		10.9789, 20.6413, 9.09748, 59.2823, 
		12.9375, 23.7468, 10.0902, 53.2254, 
		15.3443, 22.8732, 6.21741, 55.5651, 
		13.1379, 23.9562, 7.90911, 54.9968, 
		14.1586, 24.8324, 7.69015, 53.3188, 
		13.7432, 23.3726, 8.49358, 54.3907, 
		14.6337, 25.9627, 5.71594, 53.6876, 
		14.6755, 21.3761, 7.42873, 56.5197, 
		16.4533, 24.8104, 6.53195, 52.2043, 
		16.4573, 24.4304, 8.11262, 50.9997, 
		12.6686, 24.9005, 8.30347, 54.1274, 
		18.9385, 23.8936, 7.69871, 49.4691, 
		19.4041, 23.2369, 7.24458, 50.1144, 
		21.3901, 24.7672, 6.22035, 47.6223, 
		21.3717, 23.9558, 5.57219, 49.1002, 
		24.3541, 23.8333, 6.18101, 45.6316, 
		25.1442, 20.9994, 6.68309, 47.1733, 
		29.5554, 18.4132, 8.73137, 43.3000, 
		28.8354, 21.4575, 6.72886, 42.9783, 
		34.3688, 18.0579, 6.04448, 41.5287, 
		31.4180, 17.3971, 4.50275, 46.6821, 
		34.0100, 17.9195, 5.16548, 42.9050, 
		36.4549, 21.1860, 6.19494, 36.1642, 
		36.7051, 19.7439, 6.04825, 37.5028, 
		44.0842, 18.0064, 4.19776, 33.7116, 
		44.2482, 20.5468, 4.27982, 30.9252, 
		41.5231, 21.0346, 5.62132, 31.8210, 
		44.3012, 19.0767, 4.90416, 31.7180, 
		43.9046, 21.7215, 5.29356, 29.0803, 
		51.1805, 17.4646, 5.13705, 26.2179, 
		45.7453, 21.6479, 7.58929, 25.0175, 
		52.0607, 20.4826, 4.86019, 22.5965, 
		49.2495, 18.3547, 4.83076, 27.5651, 
		48.0187, 19.7528, 4.94674, 27.2818, 
		50.6805, 16.8239, 5.23310, 27.2625, 
		56.3863, 18.3401, 4.21850, 21.0551, 
		53.5711, 18.4292, 5.06199, 22.9377, 
		51.5240, 14.4972, 4.05616, 29.9226, 
		54.8161, 15.0819, 5.07429, 25.0276, 
		51.1694, 21.4305, 5.60796, 21.7921, 
		57.0344, 15.2583, 6.57058, 21.1367, 
		58.5746, 14.4172, 5.10914, 21.8991, 
		// FEMALE, CCHS_CYCLE_2003
		(2) {
			100.000, (3) 0.00000, 
		},
		96.3771, 0.00000, 3.56247, 0.06039, 
		96.1840, 0.28156, 3.28615, 0.24828, 
		94.1092, 1.08351, 4.78452, 0.02279, 
		73.0861, 15.8016, 9.91402, 1.19829, 
		32.3316, 39.3083, 22.1925, 6.16755, 
		13.8348, 35.4653, 34.5096, 16.1902, 
		13.9363, 27.8999, 34.7134, 23.4503, 
		7.94495, 25.0235, 32.0219, 35.0096, 
		7.21518, 26.5839, 20.4976, 45.7033, 
		5.83689, 19.5212, 12.4950, 62.1469, 
		7.36147, 14.6622, 14.0347, 63.9416, 
		5.63235, 15.4096, 8.87939, 70.0787, 
		7.48378, 17.9998, 12.0034, 62.5131, 
		9.38401, 15.1485, 9.89055, 65.5769, 
		9.28736, 12.8644, 9.57448, 68.2738, 
		6.81795, 14.6261, 6.52193, 72.0340, 
		5.83158, 16.0786, 6.73457, 71.3552, 
		7.85360, 14.0517, 6.04853, 72.0462, 
		7.51396, 17.0871, 6.04095, 69.3580, 
		7.35601, 14.0244, 7.51868, 71.1009, 
		8.32763, 15.1145, 4.89195, 71.6659, 
		8.99186, 19.1273, 6.17203, 65.7088, 
		6.87786, 19.4634, 5.28830, 68.3705, 
		7.35861, 17.5200, 7.78677, 67.3346, 
		8.17670, 20.8258, 8.97312, 62.0243, 
		8.19776, 23.5137, 6.96207, 61.3264, 
		9.18150, 24.9138, 6.23346, 59.6713, 
		8.05221, 22.5595, 8.24342, 61.1449, 
		15.6320, 22.0059, 6.49214, 55.8700, 
		10.6665, 25.1004, 5.99187, 58.2412, 
		11.7492, 23.3262, 7.05147, 57.8730, 
		13.0199, 23.1395, 7.16320, 56.6774, 
		16.2123, 23.4147, 6.02104, 54.3519, 
		11.5041, 24.5565, 4.89499, 59.0444, 
		15.5148, 23.4502, 4.13233, 56.9027, 
		12.7398, 24.3763, 6.66971, 56.2142, 
		14.1865, 24.1314, 5.68906, 55.9930, 
		14.4813, 21.6941, 6.16136, 57.6632, 
		14.1350, 21.9319, 6.50327, 57.4298, 
		19.0562, 19.4528, 5.20827, 56.2828, 
		19.8981, 22.2381, 5.04935, 52.8144, 
		21.5982, 20.1760, 6.31935, 51.9065, 
		20.0736, 21.2543, 5.43685, 53.2352, 
		22.7237, 20.8553, 4.52166, 51.8994, 
		27.2269, 20.6042, 5.18353, 46.9854, 
		25.1216, 17.0601, 5.97442, 51.8439, 
		28.8219, 18.8216, 4.96274, 47.3937, 
		32.8292, 18.5404, 5.50630, 43.1242, 
		34.7549, 19.8351, 4.22953, 41.1805, 
		40.4492, 17.7202, 3.04944, 38.7812, 
		41.6550, 15.5916, 4.49948, 38.2539, 
		38.6669, 21.5785, 4.38903, 35.3656, 
		42.2325, 18.1874, 4.83035, 34.7498, 
		42.3117, 20.3814, 4.62414, 32.6827, 
		38.7025, 20.6022, 4.93265, 35.7626, 
		47.9015, 15.3999, 3.92496, 32.7736, 
		46.9882, 15.7172, 5.78762, 31.5070, 
		48.4919, 18.7051, 2.74395, 30.0591, 
		49.6118, 18.0830, 4.84751, 27.4577, 
		46.9892, 20.4752, 4.40293, 28.1327, 
		49.8073, 18.4236, 4.95510, 26.8140, 
		51.4072, 14.8092, 7.09930, 26.6843, 
		47.8037, 18.8095, 4.60166, 28.7852, 
		53.2738, 18.1376, 4.89410, 23.6945, 
		53.7589, 20.4834, 6.21161, 19.5460, 
		49.5135, 20.6348, 6.11225, 23.7395, 
		55.3144, 17.2362, 3.51860, 23.9308, 
		// FEMALE, CCHS_CYCLE_2005
		(2) {
			100.000, (3) 0.00000, 
		},
		90.7908, 0.00000, 8.73595, 0.47324, 
		94.3092, 0.00000, 5.03272, 0.65808, 
		88.0387, 1.30774, 9.07867, 1.57492, 
		69.5577, 13.4370, 14.9768, 2.02840, 
		22.6712, 36.6855, 34.5328, 6.11043, 
		12.7734, 31.8453, 38.1816, 17.1998, 
		5.52896, 31.1011, 37.9678, 25.4022, 
		7.84356, 20.2046, 30.7243, 41.2276, 
		6.92975, 19.1394, 24.4261, 49.5048, 
		6.18274, 16.5139, 16.4461, 60.8572, 
		5.30740, 11.8591, 12.1990, 70.6345, 
		7.56246, 16.3516, 7.76928, 68.3166, 
		3.91313, 10.9826, 8.53018, 76.5741, 
		6.24808, 11.9438, 7.71712, 74.0910, 
		6.37581, 9.79401, 8.47941, 75.3508, 
		5.85035, 13.0814, 6.51015, 74.5582, 
		5.23173, 11.2407, 6.90433, 76.6232, 
		6.77812, 10.6102, 6.97087, 75.6408, 
		5.59274, 9.96346, 5.35766, 79.0861, 
		5.90656, 12.1950, 8.33911, 73.5593, 
		4.59718, 12.4912, 7.19238, 75.7192, 
		6.18059, 10.7937, 6.72751, 76.2982, 
		7.64774, 12.5714, 4.95517, 74.8257, 
		8.75135, 13.8350, 9.26972, 68.1440, 
		8.15899, 17.3270, 5.50458, 69.0094, 
		7.17945, 15.3305, 7.05659, 70.4335, 
		8.05680, 16.4432, 5.89562, 69.6044, 
		6.47316, 15.1043, 7.44700, 70.9755, 
		9.04777, 18.0160, 7.40134, 65.5349, 
		9.17870, 18.8441, 6.02388, 65.9534, 
		11.1246, 20.2980, 6.98048, 61.5969, 
		10.5655, 16.5185, 3.72894, 69.1871, 
		9.07918, 22.8089, 6.47757, 61.6344, 
		10.0126, 21.1401, 7.02024, 61.8270, 
		13.0023, 17.8428, 6.18603, 62.9689, 
		10.9990, 18.0140, 8.74519, 62.2418, 
		13.1555, 20.6669, 6.07155, 60.1060, 
		12.4379, 16.5569, 6.76355, 64.2417, 
		11.2239, 19.3593, 7.17353, 62.2433, 
		13.0399, 21.3679, 7.54326, 58.0488, 
		13.9146, 17.8929, 6.53289, 61.6597, 
		15.7482, 17.8807, 5.67706, 60.6941, 
		16.0355, 19.1131, 6.29997, 58.5514, 
		17.3484, 17.8604, 7.24278, 57.5485, 
		20.9032, 18.7363, 6.66536, 53.6952, 
		24.4899, 15.6687, 7.12064, 52.7207, 
		25.4939, 17.9457, 5.32220, 51.2382, 
		20.6495, 19.0596, 6.23404, 54.0569, 
		25.6194, 16.1388, 6.94875, 51.2931, 
		27.2956, 14.8576, 5.59564, 52.2511, 
		29.5327, 21.0120, 4.65594, 44.7993, 
		37.1396, 17.0366, 5.94626, 39.8775, 
		31.9733, 19.5729, 4.94141, 43.5124, 
		40.3539, 12.4216, 6.65467, 40.5697, 
		39.8639, 17.3473, 5.54848, 37.2403, 
		43.5793, 16.9362, 4.67670, 34.8078, 
		41.4169, 17.7039, 7.13513, 33.7441, 
		38.8690, 19.1113, 6.19872, 35.8210, 
		44.4016, 17.7520, 4.65625, 33.1901, 
		44.0164, 12.3854, 4.35803, 39.2402, 
		48.7675, 13.6553, 3.96228, 33.6148, 
		46.8324, 15.6563, 3.83022, 33.6810, 
		47.2725, 13.8735, 5.60303, 33.2509, 
		54.5876, 11.3525, 3.52335, 30.5365, 
		46.0526, 13.0987, 3.58319, 37.2654, 
		48.4325, 21.7355, 4.43933, 25.3926, 
		53.2497, 15.2644, 4.03598, 27.4500, 
		// FEMALE, CCHS_CYCLE_2007
		(2) {
			100.000, (3) 0.00000, 
		},
		92.0358, 0.00000, 6.58794, 1.37627, 
		92.9153, 0.57509, 6.03142, 0.47816, 
		90.4124, 0.55112, 8.06988, 0.96662, 
		72.7937, 13.4672, 12.6297, 1.10934, 
		23.7785, 36.1120, 33.4003, 6.70919, 
		9.45471, 30.1773, 39.9131, 20.4549, 
		8.65351, 27.2546, 37.7309, 26.3609, 
		7.17529, 19.6752, 31.1490, 42.0005, 
		7.19482, 14.2917, 22.4850, 56.0285, 
		9.20693, 16.4586, 13.7026, 60.6319, 
		4.61120, 11.4084, 13.6624, 70.3180, 
		6.89691, 11.2643, 9.11273, 72.7261, 
		4.35018, 10.5174, 8.17214, 76.9603, 
		7.99834, 12.0372, 6.37680, 73.5877, 
		6.31472, 11.3128, 6.38692, 75.9856, 
		3.17085, 11.3862, 7.17867, 78.2643, 
		5.74054, 11.9560, 7.44051, 74.8630, 
		8.68843, 15.0539, 5.79040, 70.4673, 
		8.62888, 10.2142, 6.52123, 74.6357, 
		5.21637, 14.8630, 6.55250, 73.3681, 
		5.40830, 13.5623, 4.79619, 76.2332, 
		4.87151, 10.1284, 7.08959, 77.9105, 
		5.52104, 13.9823, 8.55705, 71.9396, 
		9.49295, 13.6155, 4.30300, 72.5886, 
		5.81667, 14.0819, 7.91680, 72.1847, 
		3.94231, 14.0440, 6.69377, 75.3199, 
		5.79375, 13.0794, 5.58974, 75.5371, 
		5.46453, 15.6682, 7.36709, 71.5002, 
		8.90525, 17.2213, 5.35588, 68.5176, 
		6.71968, 14.9534, 5.87432, 72.4526, 
		6.35786, 18.0761, 9.17556, 66.3905, 
		6.98108, 18.6778, 4.63952, 69.7016, 
		6.90915, 22.6185, 8.41254, 62.0598, 
		8.59394, 16.9702, 5.61185, 68.8240, 
		9.44339, 20.5594, 9.27952, 60.7177, 
		11.0005, 20.0172, 5.74801, 63.2344, 
		13.5430, 20.8240, 7.80184, 57.8312, 
		13.1180, 21.9690, 9.75972, 55.1534, 
		11.9065, 20.3503, 4.96469, 62.7784, 
		14.1343, 22.3398, 7.91817, 55.6077, 
		13.4543, 21.6395, 7.93556, 56.9706, 
		15.1253, 21.3139, 7.25729, 56.3035, 
		15.1513, 17.8910, 5.69221, 61.2655, 
		17.4943, 18.0801, 6.64328, 57.7823, 
		16.3462, 18.6259, 7.47073, 57.5572, 
		18.4893, 23.6460, 5.06290, 52.8018, 
		16.5324, 19.4059, 4.52380, 59.5379, 
		21.6398, 19.9978, 4.35467, 54.0078, 
		23.2375, 18.8951, 7.54566, 50.3218, 
		25.1961, 18.0981, 5.51949, 51.1862, 
		29.2104, 15.5651, 6.96329, 48.2612, 
		33.5790, 14.5311, 6.56243, 45.3275, 
		33.3159, 17.5489, 5.21175, 43.9234, 
		32.6880, 16.0705, 3.97687, 47.2646, 
		33.2357, 21.4210, 5.08879, 40.2545, 
		38.2926, 14.2373, 7.14151, 40.3286, 
		37.8656, 17.2833, 5.46796, 39.3831, 
		42.6184, 12.3113, 5.70869, 39.3616, 
		37.7159, 20.0401, 4.73393, 37.5101, 
		38.3073, 20.8446, 3.89337, 36.9547, 
		51.9836, 12.5121, 4.78728, 30.7170, 
		45.4862, 21.0172, 3.47128, 30.0253, 
		45.4430, 17.4148, 3.34688, 33.7953, 
		48.2047, 15.3212, 4.50253, 31.9716, 
		50.9001, 13.6078, 4.95924, 30.5329, 
		50.1206, 15.5167, 3.86099, 30.5018, 
		53.1109, 16.0491, 4.19759, 26.6424, 
		// FEMALE, CCHS_CYCLE_2009
		(2) {
			100.000, (3) 0.00000, 
		},
		88.5603, 0.00000, 10.9196, 0.52006, 
		94.8284, 0.00000, 4.99047, 0.18108, 
		88.2319, 1.19601, 10.5721, 0.00000, 
		72.0255, 11.4647, 15.1686, 1.34127, 
		19.7234, 42.0656, 31.1473, 7.06374, 
		10.2240, 32.3730, 41.4796, 15.9234, 
		9.37308, 28.7559, 39.1386, 22.7324, 
		6.96860, 25.6347, 33.1144, 34.2823, 
		6.72898, 16.9990, 19.3456, 56.9264, 
		7.45664, 14.4148, 10.4455, 67.6831, 
		9.33227, 16.0097, 9.58272, 65.0753, 
		6.42512, 14.0386, 9.32422, 70.2121, 
		6.94734, 11.6082, 7.27019, 74.1742, 
		6.10116, 12.7097, 5.85655, 75.3326, 
		5.12204, 13.0008, 8.44411, 73.4331, 
		2.57446, 10.3331, 3.65203, 83.4404, 
		7.33561, 10.8161, 6.89637, 74.9519, 
		6.91680, 11.9531, 9.28823, 71.8419, 
		5.50134, 12.5550, 3.92335, 78.0203, 
		8.59936, 9.48080, 5.89886, 76.0210, 
		6.04458, 11.7285, 5.82466, 76.4023, 
		4.23817, 13.4494, 5.96322, 76.3492, 
		5.16924, 8.41363, 4.75503, 81.6621, 
		6.76220, 10.8843, 6.43221, 75.9213, 
		4.94542, 10.5184, 5.00956, 79.5266, 
		11.6544, 14.9946, 4.95033, 68.4006, 
		5.31299, 17.5165, 4.59226, 72.5783, 
		4.70579, 21.1033, 5.55269, 68.6382, 
		6.61743, 12.5310, 3.69291, 77.1587, 
		4.97114, 21.7130, 8.13996, 65.1759, 
		8.17766, 11.6155, 6.21045, 73.9964, 
		13.1625, 11.3418, 7.15928, 68.3364, 
		8.32868, 17.9499, 5.56012, 68.1613, 
		4.62141, 17.4482, 13.2220, 64.7083, 
		13.3550, 14.7209, 7.54932, 64.3748, 
		15.1259, 19.6743, 6.05032, 59.1495, 
		13.7140, 15.3943, 7.46838, 63.4233, 
		10.0610, 16.0363, 4.29290, 69.6098, 
		9.57399, 26.6785, 5.49869, 58.2488, 
		13.8684, 20.9313, 11.3623, 53.8379, 
		12.1138, 18.3083, 6.91643, 62.6615, 
		13.3992, 16.7706, 7.23727, 62.5929, 
		14.0798, 16.4443, 7.46559, 62.0103, 
		12.2857, 20.6324, 5.17226, 61.9096, 
		14.2277, 19.2695, 4.80734, 61.6954, 
		17.9207, 21.2470, 7.79131, 53.0410, 
		16.5911, 26.1743, 4.59751, 52.6370, 
		20.1324, 23.0973, 6.45491, 50.3154, 
		17.8972, 19.8275, 7.69187, 54.5834, 
		30.4124, 12.9802, 5.97979, 50.6275, 
		23.6723, 18.6624, 6.82337, 50.8420, 
		22.3399, 16.0480, 7.44102, 54.1710, 
		25.1303, 21.1989, 3.40928, 50.2615, 
		28.7195, 19.4446, 6.21974, 45.6162, 
		35.5098, 15.7579, 6.80760, 41.9247, 
		38.0893, 16.8486, 4.02741, 41.0347, 
		34.6145, 14.3967, 5.74223, 45.2466, 
		39.0218, 21.1667, 6.28848, 33.5230, 
		37.0426, 19.0313, 4.52020, 39.4059, 
		41.2908, 19.8309, 8.57047, 30.3078, 
		44.9275, 18.0457, 1.90428, 35.1225, 
		49.4210, 18.3212, 4.20871, 28.0491, 
		39.6759, 12.5637, 6.22382, 41.5365, 
		43.1304, 19.2170, 2.53797, 35.1146, 
		45.9919, 13.3955, 3.52526, 37.0873, 
		47.3319, 17.3784, 7.84516, 27.4446, 
		50.7706, 16.2636, 4.88982, 28.0760, 
		// MALE, CCHS_CYCLE_2001
		(2) {
			100.000, (3) 0.00000, 
		},
		99.8874, 0.11257, (2) 0.00000, 
		96.2392, 0.00000, 3.59227, 0.16853, 
		94.3039, 1.41651, 3.76296, 0.51663, 
		80.3728, 9.38651, 8.98590, 1.25483, 
		48.6853, 30.7830, 17.5175, 3.01419, 
		22.1505, 38.8360, 29.0438, 9.96975, 
		15.0426, 33.6447, 31.2469, 20.0658, 
		13.4424, 28.1544, 25.3273, 33.0759, 
		16.1214, 23.9870, 21.3288, 38.5628, 
		13.7601, 26.7298, 16.3128, 43.1973, 
		13.3763, 27.4794, 12.3480, 46.7964, 
		13.2833, 19.8400, 13.1868, 53.6899, 
		10.2029, 23.4903, 12.3590, 53.9478, 
		12.0214, 21.4159, 9.27336, 57.2894, 
		13.9161, 19.3580, 8.74622, 57.9796, 
		12.0250, 17.1174, 8.16653, 62.6911, 
		9.13293, 14.4228, 7.28574, 69.1586, 
		13.1268, 20.5465, 10.2491, 56.0776, 
		16.8183, 17.3533, 6.75705, 59.0714, 
		11.6116, 19.6169, 6.12624, 62.6453, 
		11.1373, 17.1360, 7.18457, 64.5422, 
		10.6457, 20.6564, 6.05650, 62.6414, 
		13.6360, 18.1724, 5.56523, 62.6263, 
		14.9395, 20.5056, 5.62819, 58.9267, 
		14.9008, 20.8172, 6.63052, 57.6515, 
		15.7011, 18.5754, 5.62233, 60.1011, 
		18.5201, 19.9844, 7.55842, 53.9370, 
		15.2282, 20.9045, 6.06962, 57.7976, 
		14.5944, 23.7156, 6.48591, 55.2041, 
		13.8221, 22.6532, 7.25159, 56.2731, 
		14.1778, 21.3530, 6.74641, 57.7227, 
		17.4199, 17.4348, 6.49379, 58.6514, 
		17.5385, 19.9556, 4.83623, 57.6696, 
		19.1795, 19.1678, 7.92677, 53.7260, 
		18.7087, 17.6559, 8.02759, 55.6079, 
		18.6321, 20.1453, 7.14144, 54.0812, 
		17.6484, 19.4579, 5.55611, 57.3375, 
		18.9342, 15.8412, 5.20873, 60.0159, 
		20.3034, 17.2445, 8.44630, 54.0057, 
		23.2003, 16.2411, 5.20866, 55.3500, 
		23.8801, 15.4046, 6.66961, 54.0457, 
		26.5810, 15.9774, 4.88529, 52.5563, 
		26.4241, 15.9497, 4.15206, 53.4741, 
		29.0713, 14.7926, 6.34484, 49.7912, 
		33.1977, 15.0131, 4.21539, 47.5739, 
		36.0928, 10.9699, 6.16662, 46.7706, 
		32.6279, 15.0509, 5.59541, 46.7257, 
		32.5354, 13.8054, 6.63979, 47.0195, 
		33.3213, 13.7354, 5.81191, 47.1314, 
		40.0234, 14.1235, 4.90496, 40.9482, 
		40.2518, 13.3575, 4.33882, 42.0519, 
		41.4383, 12.8820, 5.58234, 40.0973, 
		44.0164, 15.8790, 3.82703, 36.2776, 
		40.4909, 14.1046, 4.63141, 40.7731, 
		40.5331, 14.5218, 7.10720, 37.8378, 
		43.7679, 14.2293, 5.23674, 36.7661, 
		41.2467, 14.3403, 3.05103, 41.3620, 
		43.9538, 14.6454, 7.65062, 33.7501, 
		50.0302, 13.4940, 3.29604, 33.1798, 
		48.9000, 13.0223, 6.36141, 31.7163, 
		51.1391, 15.9391, 3.52775, 29.3941, 
		41.8276, 18.2690, 5.20450, 34.6989, 
		53.0174, 10.7214, 9.52608, 26.7351, 
		55.1225, 12.2715, 3.23291, 29.3732, 
		50.1407, 12.6935, 6.08313, 31.0826, 
		57.1952, 11.0277, 3.56975, 28.2073, 
		59.5103, 11.8737, 3.80146, 24.8146, 
		// MALE, CCHS_CYCLE_2003
		(2) {
			100.000, (3) 0.00000, 
		},
		95.7092, 0.08441, 4.12630, 0.08007, 
		95.0806, 0.00000, 4.86371, 0.05569, 
		94.5710, 0.93053, 4.24420, 0.25432, 
		81.8345, 10.8386, 6.16326, 1.16357, 
		40.9595, 37.2636, 17.1902, 4.58672, 
		20.0238, 35.4597, 30.2697, 14.2469, 
		11.6386, 32.5666, 34.3686, 21.4262, 
		9.96530, 34.6018, 25.3751, 30.0578, 
		11.6089, 26.5907, 21.1987, 40.6017, 
		10.9390, 24.7044, 12.0347, 52.3219, 
		13.9579, 21.4498, 13.5440, 51.0483, 
		6.98581, 20.7628, 14.3610, 57.8904, 
		10.6399, 21.2158, 10.1942, 57.9501, 
		9.95124, 18.4962, 11.3910, 60.1615, 
		8.19464, 17.6471, 6.98993, 67.1684, 
		10.0530, 17.3939, 7.74797, 64.8051, 
		10.3434, 16.4665, 6.62837, 66.5617, 
		8.36758, 17.5908, 7.38333, 66.6583, 
		8.74544, 15.8697, 7.37822, 68.0067, 
		12.5911, 18.3299, 6.12603, 62.9530, 
		8.73772, 15.6156, 7.64518, 68.0015, 
		10.3805, 19.7066, 6.47341, 63.4394, 
		7.27698, 17.0794, 8.43097, 67.2127, 
		9.08864, 18.9093, 5.68672, 66.3154, 
		13.8059, 22.2347, 4.92073, 59.0387, 
		14.3883, 16.6873, 4.14570, 64.7787, 
		12.2218, 21.4075, 4.84853, 61.5222, 
		12.2116, 19.7931, 6.58917, 61.4061, 
		11.6289, 20.9170, 6.36886, 61.0852, 
		11.9407, 20.0188, 3.47685, 64.5636, 
		13.1788, 20.7733, 3.66117, 62.3868, 
		16.6798, 21.6246, 6.18713, 55.5084, 
		14.9199, 20.0410, 4.76270, 60.2764, 
		13.7015, 16.1392, 7.37218, 62.7871, 
		15.0440, 17.9603, 7.63777, 59.3579, 
		15.6257, 19.6277, 3.53243, 61.2142, 
		13.2191, 21.1903, 5.98762, 59.6030, 
		18.0619, 18.9636, 7.93362, 55.0408, 
		18.5559, 19.2742, 5.03856, 57.1314, 
		15.3246, 18.0933, 3.47697, 63.1052, 
		15.6312, 15.0027, 7.39466, 61.9715, 
		19.5287, 16.8228, 5.01217, 58.6363, 
		18.6683, 15.1212, 6.85454, 59.3560, 
		22.9454, 15.5153, 6.28387, 55.2554, 
		22.2011, 15.6716, 6.57885, 55.5485, 
		22.9297, 13.3833, 4.37965, 59.3073, 
		25.4362, 15.6176, 5.76365, 53.1825, 
		25.8987, 14.6994, 5.08587, 54.3161, 
		31.8423, 13.7359, 5.15542, 49.2664, 
		29.3485, 15.5212, 4.57963, 50.5507, 
		32.8150, 12.0499, 5.31766, 49.8175, 
		40.0345, 17.5495, 3.96827, 38.4477, 
		37.5203, 13.9489, 3.53180, 44.9990, 
		37.5427, 14.7928, 6.37479, 41.2897, 
		41.2946, 12.4654, 5.71679, 40.5232, 
		41.7756, 11.8618, 4.78510, 41.5775, 
		44.8820, 10.7972, 4.16672, 40.1541, 
		45.3011, 11.6323, 4.08600, 38.9806, 
		47.3226, 11.8995, 4.13514, 36.6428, 
		46.5878, 11.5465, 4.26610, 37.5996, 
		43.0201, 11.3479, 4.35007, 41.2819, 
		44.7992, 14.0659, 3.16461, 37.9703, 
		53.1820, 11.1338, 5.53374, 30.1504, 
		40.1286, 11.8354, 6.14364, 41.8924, 
		52.4019, 11.1689, 6.34734, 30.0819, 
		38.0910, 14.9359, 3.25963, 43.7135, 
		49.1406, 14.7508, 3.93263, 32.1760, 
		// MALE, CCHS_CYCLE_2005
		(2) {
			100.000, (3) 0.00000, 
		},
		94.2407, 0.04254, 5.34849, 0.36827, 
		94.3372, 0.00000, 5.63053, 0.03226, 
		91.9226, 0.31111, 6.76457, 1.00175, 
		77.4257, 11.7500, 9.77021, 1.05411, 
		29.8082, 36.1969, 26.5077, 7.48721, 
		16.4605, 33.6883, 34.0463, 15.8049, 
		11.5449, 32.9127, 33.8379, 21.7045, 
		8.29319, 23.8732, 29.8369, 37.9968, 
		10.9831, 25.4418, 21.4367, 42.1384, 
		9.54614, 21.3359, 18.9271, 50.1909, 
		10.0238, 16.1414, 18.9726, 54.8621, 
		12.4888, 17.1508, 10.3787, 59.9816, 
		6.79581, 15.9695, 10.7736, 66.4611, 
		9.52693, 13.7209, 9.57027, 67.1819, 
		8.94191, 14.4325, 5.75050, 70.8751, 
		9.03357, 12.1686, 10.3907, 68.4072, 
		7.94379, 14.2629, 7.39909, 70.3943, 
		8.59157, 12.5765, 5.40100, 73.4309, 
		8.83541, 12.9466, 8.13566, 70.0823, 
		10.3275, 11.5569, 6.12022, 71.9954, 
		8.44630, 12.5679, 9.27555, 69.7102, 
		9.66424, 13.9415, 6.24177, 70.1525, 
		7.97844, 14.0138, 9.72957, 68.2782, 
		8.93978, 16.7832, 7.27726, 66.9997, 
		10.6430, 17.7883, 4.72070, 66.8480, 
		9.73676, 17.5268, 4.49547, 68.2410, 
		10.4707, 13.5779, 6.62711, 69.3243, 
		9.21356, 13.1861, 7.89145, 69.7089, 
		11.8238, 15.7680, 6.29946, 66.1087, 
		11.3948, 15.8099, 6.85969, 65.9356, 
		10.9259, 15.0117, 4.50421, 69.5582, 
		12.8943, 10.8523, 4.62246, 71.6310, 
		14.5459, 15.6278, 6.98717, 62.8391, 
		14.8135, 19.7711, 6.87769, 58.5377, 
		11.7149, 15.0576, 9.91017, 63.3174, 
		14.6300, 14.6721, 7.21346, 63.4844, 
		11.5162, 18.9444, 7.35900, 62.1804, 
		13.6495, 17.6911, 9.41116, 59.2482, 
		13.9080, 15.3348, 5.26821, 65.4890, 
		14.8728, 17.0063, 6.91146, 61.2094, 
		15.3291, 14.8051, 6.53161, 63.3342, 
		11.9356, 15.5043, 7.28484, 65.2752, 
		14.8547, 16.0149, 5.88391, 63.2466, 
		14.9550, 15.8182, 7.85442, 61.3724, 
		15.9075, 12.3158, 4.72280, 67.0539, 
		19.9343, 9.52229, 7.43925, 63.1042, 
		22.7622, 14.7175, 5.77146, 56.7488, 
		21.2036, 15.7152, 4.19906, 58.8821, 
		23.9681, 12.6465, 6.62508, 56.7603, 
		26.1037, 13.6349, 5.93648, 54.3250, 
		29.0305, 14.9510, 4.27954, 51.7389, 
		30.8989, 9.73318, 4.13530, 55.2326, 
		34.7346, 12.2116, 6.88592, 46.1679, 
		28.8429, 13.0608, 4.51338, 53.5829, 
		34.1561, 10.1880, 4.25203, 51.4039, 
		33.0179, 15.9728, 6.58012, 44.4292, 
		36.8807, 11.7652, 5.11665, 46.2375, 
		40.1399, 10.3068, 5.01014, 44.5432, 
		34.7249, 10.7116, 9.32429, 45.2393, 
		41.5633, 16.3640, 4.45858, 37.6141, 
		41.7862, 11.7803, 4.54656, 41.8869, 
		43.3262, 10.8190, 6.77112, 39.0836, 
		45.7767, 7.79090, 7.63517, 38.7973, 
		39.8413, 11.6726, 6.52088, 41.9652, 
		43.2988, 7.39096, 4.04734, 45.2629, 
		45.9657, 10.5824, 2.56360, 40.8883, 
		44.9123, 10.3312, 5.70722, 39.0493, 
		// MALE, CCHS_CYCLE_2007
		(2) {
			100.000, (3) 0.00000, 
		},
		95.0797, 0.00000, 4.65927, 0.26106, 
		92.7756, 0.00000, 6.32674, 0.89765, 
		90.5202, 0.53627, 8.38262, 0.56096, 
		75.5867, 12.1003, 10.7502, 1.56278, 
		30.4109, 36.1348, 25.3378, 8.11654, 
		18.0325, 35.2421, 29.9355, 16.7900, 
		12.7400, 35.7105, 30.3919, 21.1576, 
		13.2684, 24.8931, 27.3135, 34.5251, 
		8.42466, 22.3367, 24.6910, 44.5476, 
		8.79892, 23.5705, 15.5798, 52.0508, 
		9.78521, 18.5586, 15.4823, 56.1739, 
		8.70457, 17.2668, 9.46338, 64.5652, 
		12.2323, 17.6631, 8.83328, 61.2713, 
		10.7593, 17.8073, 7.61491, 63.8185, 
		9.75004, 14.8253, 8.75379, 66.6709, 
		8.41125, 14.8654, 9.47727, 67.2461, 
		7.53274, 15.5019, 9.50774, 67.4576, 
		6.95151, 17.5352, 5.84724, 69.6660, 
		5.93752, 13.0945, 7.32299, 73.6450, 
		9.10803, 16.5269, 5.73978, 68.6253, 
		5.86134, 13.1985, 6.19178, 74.7483, 
		8.03937, 14.4615, 4.95720, 72.5420, 
		8.90037, 14.4850, 8.41911, 68.1956, 
		7.36710, 15.6882, 5.82838, 71.1163, 
		7.74625, 12.3619, 6.74102, 73.1509, 
		9.16091, 14.5673, 6.50456, 69.7672, 
		7.71582, 16.9667, 6.02007, 69.2974, 
		8.20630, 12.3234, 8.21211, 71.2582, 
		11.3575, 13.3335, 7.91951, 67.3895, 
		13.7654, 14.2922, 7.30924, 64.6332, 
		9.20516, 14.2000, 7.60511, 68.9897, 
		8.81801, 19.0820, 5.76435, 66.3356, 
		11.0199, 15.2446, 6.76783, 66.9676, 
		10.6326, 14.3062, 3.84019, 71.2209, 
		14.4665, 20.0645, 5.33949, 60.1295, 
		12.0472, 17.4168, 8.45210, 62.0838, 
		12.4072, 16.3802, 6.64527, 64.5674, 
		15.8593, 16.0022, 4.60293, 63.5356, 
		16.4268, 13.9678, 5.56451, 64.0409, 
		17.3324, 14.1952, 4.65620, 63.8162, 
		17.0063, 13.8753, 5.68694, 63.4315, 
		11.9995, 18.2393, 4.48047, 65.2808, 
		11.3447, 12.8404, 3.57768, 72.2372, 
		10.9048, 18.4816, 8.33353, 62.2801, 
		23.8384, 12.2817, 8.08718, 55.7927, 
		17.8578, 18.5712, 6.45100, 57.1199, 
		19.7551, 15.7960, 6.72636, 57.7225, 
		18.2654, 13.0640, 6.84206, 61.8285, 
		23.3124, 13.7814, 6.78880, 56.1174, 
		22.7604, 12.4932, 7.12140, 57.6250, 
		24.9539, 13.0610, 4.11290, 57.8721, 
		25.3621, 16.4333, 5.76418, 52.4404, 
		26.9167, 12.9808, 3.50696, 56.5956, 
		29.3408, 11.9599, 6.68475, 52.0145, 
		34.2191, 12.1715, 6.34045, 47.2690, 
		33.8474, 11.2068, 4.02864, 50.9171, 
		34.1857, 10.2233, 5.85682, 49.7342, 
		36.6886, 12.9849, 5.21271, 45.1138, 
		35.4021, 13.5206, 4.04269, 47.0347, 
		36.4153, 12.0804, 3.28591, 48.2184, 
		39.9154, 13.5428, 6.07873, 40.4630, 
		37.6864, 11.6299, 5.95151, 44.7322, 
		32.7688, 10.3825, 6.96153, 49.8872, 
		41.0745, 10.0430, 4.58344, 44.2990, 
		37.0433, 12.9865, 3.84436, 46.1258, 
		41.0587, 14.0517, 6.53113, 38.3585, 
		44.5980, 10.6714, 5.24392, 39.4867, 
		// MALE, CCHS_CYCLE_2009
		(2) {
			100.000, (3) 0.00000, 
		},
		90.5439, 0.00000, 9.44169, 0.01436, 
		92.5550, 0.00000, 7.29417, 0.15086, 
		89.8085, 0.67093, 8.95497, 0.56556, 
		75.6861, 5.70205, 15.5794, 3.03251, 
		31.5277, 33.3561, 28.1180, 6.99817, 
		14.6173, 39.7525, 31.5479, 14.0823, 
		13.6265, 27.1924, 29.0778, 30.1033, 
		13.0665, 23.1342, 23.6670, 40.1323, 
		8.18093, 28.6920, 23.9604, 39.1666, 
		8.56382, 19.5985, 12.7948, 59.0428, 
		12.9472, 22.8074, 11.3086, 52.9368, 
		8.77409, 17.7199, 7.80223, 65.7038, 
		9.10470, 18.0957, 10.4545, 62.3451, 
		7.96189, 13.5325, 8.07161, 70.4341, 
		9.12908, 15.1094, 12.1731, 63.5885, 
		7.55905, 14.8552, 7.02833, 70.5574, 
		12.1935, 14.5860, 6.85311, 66.3674, 
		4.76479, 10.1938, 7.07481, 77.9666, 
		7.96909, 9.33364, 5.73958, 76.9577, 
		6.83346, 13.1301, 6.79194, 73.2445, 
		6.28516, 17.6927, 10.0674, 65.9548, 
		4.27177, 15.4822, 4.60791, 75.6381, 
		7.72530, 13.0558, 4.69664, 74.5223, 
		3.30884, 13.0271, 5.75200, 77.9121, 
		9.02875, 18.6956, 6.63531, 65.6404, 
		9.66100, 14.9089, 3.66907, 71.7611, 
		8.39308, 11.9359, 7.15356, 72.5174, 
		8.80034, 18.3833, 4.04084, 68.7755, 
		10.6919, 15.0406, 4.04697, 70.2205, 
		9.60218, 16.3301, 7.85632, 66.2114, 
		9.26727, 19.3333, 2.99504, 68.4043, 
		9.66242, 20.8368, 3.43931, 66.0615, 
		6.89556, 11.3332, 7.56830, 74.2029, 
		12.0998, 17.0301, 4.78870, 66.0814, 
		12.9868, 18.0745, 4.03062, 64.9080, 
		12.5103, 11.9848, 3.32025, 72.1846, 
		15.1345, 19.2309, 3.90087, 61.7338, 
		12.8948, 15.1783, 6.38865, 65.5383, 
		18.1606, 13.8067, 10.6403, 57.3924, 
		14.7656, 24.6549, 7.46729, 53.1123, 
		13.8806, 17.6040, 7.33542, 61.1800, 
		11.5080, 20.7848, 5.97261, 61.7346, 
		14.7675, 15.2270, 6.32082, 63.6846, 
		10.6236, 18.8205, 4.19497, 66.3609, 
		15.1181, 20.1819, 6.70590, 57.9941, 
		18.1613, 16.1449, 4.47467, 61.2191, 
		18.5314, 14.7494, 7.84747, 58.8717, 
		19.1653, 12.6266, 5.34143, 62.8667, 
		22.9372, 13.1235, 5.31180, 58.6275, 
		21.9407, 11.4048, 5.47094, 61.1835, 
		27.4157, 14.9980, 4.35122, 53.2350, 
		23.2310, 15.4454, 5.94393, 55.3797, 
		23.0139, 14.4669, 7.03632, 55.4829, 
		26.4445, 9.77003, 5.07555, 58.7099, 
		27.0130, 10.3213, 5.46108, 57.2046, 
		29.3897, 10.5695, 4.65847, 55.3823, 
		32.7322, 13.4637, 4.75698, 49.0471, 
		29.9698, 12.1653, 2.35881, 55.5061, 
		28.8967, 10.2080, 2.09001, 58.8053, 
		30.2370, 17.4334, 9.23567, 43.0940, 
		30.0217, 9.23937, 7.37874, 53.3602, 
		32.2307, 9.85265, 3.70661, 54.2101, 
		33.8408, 8.44903, 6.33961, 51.3705, 
		52.8014, 7.12106, 2.84878, 37.2288, 
		36.4165, 11.7357, 9.32601, 42.5218, 
		34.5358, 10.3678, 6.17906, 48.9173, 
		44.0183, 11.2126, 3.80060, 40.9685, 
	};

	 //EN EDUCATION_Age_cap25_t
	double	EDUCATION_Age_cap25_t[BOOTSTRAP_INDEX_39][AGE_GROUP_from18_to25_by1][EDUCATION] = {
		// 0
		0, -0.116193529, 0.9486342099, -1.515946555, 
		0, 2.1290080694, 3.1264028553, 2.950814558, 
		0, 2.1447106188, 3.5793451115, 3.4462931209, 
		0, 1.41748505, 2.9456910742, 3.201239214, 
		0, 0.4498972271, 2.2059659748, 2.5830952502, 
		0, 0.2439253265, 1.2121506016, 1.7233432277, 
		0, -0.605022643, -0.012048557, 1.1641483877, 
		0, -0.261123501, -0.139144745, 0.7869667457, 
		(4) 0, 
		// 1
		0, -0.06793614, 1.221703561, -15.72100446, 
		0, 2.1807219177, 3.2364424095, 3.9177811452, 
		0, 2.0773531602, 3.60497299, 4.0665333262, 
		0, 1.4419434737, 3.2050072098, 3.559091381, 
		0, 0.4838002144, 2.165001464, 2.725053649, 
		0, -0.206496841, 1.0918524975, 1.6257249505, 
		0, -0.477946269, 0.4503570785, 1.3684101796, 
		0, -0.864064666, -0.316256718, 0.8540201072, 
		(4) 0, 
		// 2
		0, 0.1921607788, 1.4088936688, -16.25341127, 
		0, 2.2547697286, 3.7439311329, 3.2002540561, 
		0, 2.3471298462, 3.9988195067, 4.1018388568, 
		0, 1.7551600177, 3.5164404053, 3.9337844156, 
		0, 0.4143384458, 2.6208732367, 2.9585245233, 
		0, 0.4420890693, 1.7745091925, 2.3498234901, 
		0, -0.166068401, 0.9370724044, 2.3587233097, 
		0, 0.594376663, 0.8777833497, 1.8812913693, 
		(4) 0, 
		// 3
		0, 0.0536453591, 1.2095693641, -16.92078006, 
		0, 2.5389023256, 3.3254505529, 2.2722577964, 
		0, 2.2407257463, 3.7863947872, 3.3920732751, 
		0, 1.8262976916, 3.409770033, 3.30097875, 
		0, 1.0078872268, 2.8230888341, 2.7503121184, 
		0, 1.0719691618, 1.9034510136, 2.4278368429, 
		0, 0.3202526358, 1.0988390006, 2.0324565077, 
		0, -0.349835745, -0.381513174, 0.7517982211, 
		(4) 0, 
		// 4
		0, -0.160995466, 1.1218614745, -0.471938527, 
		0, 1.9266875463, 3.1275107674, 3.1197484884, 
		0, 2.0720695567, 3.6868434671, 3.5398175786, 
		0, 1.2899273114, 3.0714795573, 3.3041015855, 
		0, 0.5396800874, 2.5566351081, 3.1040276938, 
		0, 0.1704451841, 1.3249365552, 1.8848112771, 
		0, -1.21195274, -0.542368524, 0.5249246413, 
		0, -0.520152017, -0.259709373, 0.7165911448, 
		(4) 0, 
		// 5
		0, 0.0954112958, 0.9209780968, -1.689446397, 
		0, 2.2472160213, 2.7768921077, 2.0309417466, 
		0, 1.7800945057, 3.2246925928, 2.5468988041, 
		0, 1.201040134, 2.2414614939, 2.221721462, 
		0, 0.591828703, 1.7677599834, 1.8653413042, 
		0, 0.4837237032, 1.0886445827, 1.4977072631, 
		0, -0.545175587, -0.35638359, 0.610829658, 
		0, -0.062226836, -0.073421944, 1.0404230454, 
		(4) 0, 
		// 6
		0, -0.806963411, 0.9331925066, -0.916977064, 
		0, 1.8491359718, 3.0350279136, 2.897186065, 
		0, 1.976019178, 3.6227470832, 3.4839840186, 
		0, 1.4699823566, 2.8446895798, 2.910828058, 
		0, 0.5370537513, 2.2003402395, 2.5648537382, 
		0, 0.3712080526, 1.571690872, 1.8567382577, 
		0, -0.499478318, -0.054302489, 0.7687291769, 
		0, -0.092867258, 0.1995448193, 0.9749189576, 
		(4) 0, 
		// 7
		0, -0.210414823, 1.4122490972, -16.17539506, 
		0, 2.2004097691, 3.4586033603, 3.0559575998, 
		0, 2.2891280037, 4.0359945758, 4.0010237694, 
		0, 1.4915635374, 3.2572686642, 3.3486471871, 
		0, 1.1303133097, 2.6396037873, 2.9230935615, 
		0, 0.1358901009, 1.6085928699, 2.1783296586, 
		0, -0.615341644, 0.0327469389, 0.9644107669, 
		0, -0.565966479, -0.145136876, 0.7454612114, 
		(4) 0, 
		// 8
		0, -0.01448405, 1.0302990818, -16.2126398, 
		0, 1.9347932251, 3.0016058439, 2.6084348058, 
		0, 1.9914946673, 3.3899725032, 3.2405219188, 
		0, 1.4604739279, 2.9193258657, 3.0260272763, 
		0, 0.2664866417, 1.8913930305, 2.3790083396, 
		0, 0.05938107, 1.0059742232, 1.4651642854, 
		0, -0.426868924, 0.0062521499, 1.287047317, 
		0, -0.610585866, -0.46106089, 0.6367731837, 
		(4) 0, 
		// 9
		0, -0.00787192, 0.9357476359, -1.363930671, 
		0, 2.1673853044, 3.1245478231, 2.4259353358, 
		0, 2.1903837034, 3.5192794262, 2.9240264252, 
		0, 1.857832426, 3.1734251632, 2.7158939671, 
		0, 0.585010965, 2.0866617238, 2.1096368931, 
		0, -0.02641775, 0.9295676756, 1.2616614361, 
		0, -0.120190822, 0.4248393487, 1.3745216036, 
		0, -0.625531112, -0.82183411, 0.092275751, 
		(4) 0, 
		// 10
		0, -0.043189917, 0.9294172504, -0.976464692, 
		0, 2.1511232809, 3.11965424, 2.4062545211, 
		0, 2.1490574697, 3.4971843544, 3.4341414051, 
		0, 1.715902908, 3.1454852701, 3.2584303078, 
		0, 0.2924173656, 1.9966108695, 2.370179561, 
		0, 0.3844913432, 1.1988715291, 1.7514550483, 
		0, -1.137812501, -0.16265261, 1.0809631134, 
		0, 0.1753789747, 0.1469115463, 1.0611274005, 
		(4) 0, 
		// 11
		0, -0.067184276, 0.834315246, -0.674320866, 
		0, 2.092424379, 3.011990072, 3.007740149, 
		0, 2.1186903573, 3.4238965038, 3.3086984714, 
		0, 0.9159407111, 2.6568890184, 3.1365538832, 
		0, 0.0298632814, 2.0652417509, 2.5027287792, 
		0, -0.098841612, 1.3618991301, 1.8979553371, 
		0, -0.880675113, 0.0335370282, 1.302273036, 
		0, 0.2867208455, 0.1152328598, 1.1699997741, 
		(4) 0, 
		// 12
		0, 0.1022909177, 1.291561611, -17.74245044, 
		0, 2.3520588585, 3.5009328708, 2.5528430569, 
		0, 2.3637537695, 3.9258026786, 3.0314785367, 
		0, 1.9844473153, 3.4229241928, 3.2799161391, 
		0, 0.928291793, 2.3088219515, 2.7296854129, 
		0, 0.9598211644, 2.1506968675, 2.9174842555, 
		0, 0.0139436014, 0.7038065367, 1.7083767023, 
		0, -0.453196036, -0.278574646, 0.607839424, 
		(4) 0, 
		// 13
		0, 0.1482681351, 1.2358738859, -0.447258171, 
		0, 2.3712178825, 3.2911611679, 2.8274889635, 
		0, 2.5819180206, 4.0825693582, 3.8184127644, 
		0, 1.8344375362, 3.2650803463, 3.040187387, 
		0, 1.3872139422, 2.8407397244, 3.0011464213, 
		0, 0.758151042, 1.7497756812, 2.0305288725, 
		0, 0.2313253426, 1.0642574712, 1.9092276303, 
		0, -0.424739478, 0.0550217948, 1.0222713996, 
		(4) 0, 
		// 14
		0, 0.3311735117, 1.2777904585, -0.286375596, 
		0, 2.3734805663, 3.5727684609, 3.6506674019, 
		0, 2.2696177613, 3.8885870646, 3.5624369639, 
		0, 2.1534118125, 3.758933547, 3.8823191597, 
		0, 0.5870311077, 2.7127089388, 3.0656545797, 
		0, 0.3544839541, 1.636702116, 2.1506686665, 
		0, -0.684781018, -0.423239729, 0.6639310484, 
		0, 0.7250358245, 0.3000564512, 1.2242228353, 
		(4) 0, 
		// 15
		0, 0.1327846392, 1.0827361561, -16.00770223, 
		0, 2.0653026649, 3.0530010798, 2.1074328037, 
		0, 2.2536840409, 3.3502973803, 3.1405655508, 
		0, 1.3850701888, 2.95622214, 3.3105794665, 
		0, -0.058395167, 1.9375015269, 2.5516485535, 
		0, 0.1831568732, 1.1516872058, 1.7378284986, 
		0, -0.925502489, -0.547869613, 0.8251103952, 
		0, -0.616396395, -0.189388458, 0.5749483155, 
		(4) 0, 
		// 16
		0, -0.269103477, 1.2307695327, -0.703408071, 
		0, 2.2431183399, 3.5147889787, 2.737389818, 
		0, 2.5178740557, 3.9954574478, 3.9038788514, 
		0, 1.5816235142, 3.2889787149, 3.4717808048, 
		0, -0.184496897, 2.2205360896, 2.6654932045, 
		0, 0.6372162943, 1.810726278, 2.3363335701, 
		0, -0.781885305, 0.3937145061, 1.9130705442, 
		0, 0.5004129583, -0.000162141, 1.3103850539, 
		(4) 0, 
		// 17
		0, -0.255179877, 0.8519085547, -16.76269939, 
		0, 2.299873987, 3.1073917014, 3.611980135, 
		0, 2.1048283652, 3.4415191777, 3.7428183244, 
		0, 1.1927451608, 2.6526647215, 2.6820379093, 
		0, 0.295114114, 1.9944159437, 2.4435396579, 
		0, -0.03197617, 0.6051924995, 0.8160114744, 
		0, -0.728921369, 0.1163926179, 1.3174581965, 
		0, -0.415831248, -0.071050224, 0.8111726983, 
		(4) 0, 
		// 18
		0, 0.0325851094, 0.9881933411, -0.516013677, 
		0, 1.9354649439, 3.1248981159, 2.9827252292, 
		0, 2.4153940414, 3.9765911779, 4.2773941498, 
		0, 1.4299159243, 2.9712141971, 3.6031774455, 
		0, 0.2797575126, 2.3147922315, 2.6501579335, 
		0, 0.1472450095, 1.2388086982, 1.7144546866, 
		0, -0.267690263, -0.229416069, 1.1970978983, 
		0, 0.0743220085, 0.3025840918, 1.5160360844, 
		(4) 0, 
		// 19
		0, -0.2183894, 1.0686015996, -0.284325616, 
		0, 2.1936814366, 3.2198657468, 3.8838460341, 
		0, 2.3392004123, 3.7724473346, 4.0493992444, 
		0, 1.6099042484, 3.2200228882, 3.4343414683, 
		0, 0.84539926, 2.4679158718, 2.7892003277, 
		0, 0.397674772, 1.6458287991, 2.1738869189, 
		0, -0.804674978, -0.458860091, 0.7757835623, 
		0, -0.084828616, 0.2939687588, 1.1501057379, 
		(4) 0, 
		// 20
		0, 0.0972439593, 1.4213400026, -0.483960388, 
		0, 2.0447194455, 3.5884329516, 2.8596656255, 
		0, 2.0519354116, 3.5318655389, 3.1860460999, 
		0, 1.6313315315, 3.3376099364, 3.3715054749, 
		0, 0.8742896127, 2.5184865003, 2.7747056219, 
		0, 0.2561002704, 1.3889995032, 1.7642157794, 
		0, -0.531878057, -0.113433579, 0.7737550665, 
		0, -0.068801693, -0.024013517, 0.6724734881, 
		(4) 0, 
		// 21
		0, -0.06924508, 0.4821338619, -1.190080603, 
		0, 1.9766024447, 2.7183696505, 2.0908359302, 
		0, 1.814956439, 3.1876316202, 2.7240731454, 
		0, 1.4315719143, 2.6178503919, 2.7173127536, 
		0, 0.364462236, 1.8967192381, 2.1793055849, 
		0, 0.6392692946, 1.3681061119, 1.8918490195, 
		0, -1.088566875, -0.544577402, 0.4420005133, 
		0, -0.167238852, -0.243780404, 0.3791170588, 
		(4) 0, 
		// 22
		0, -0.172480047, 0.5464948309, -0.825153823, 
		0, 2.2001173604, 2.7840995727, 3.3287961198, 
		0, 2.124018498, 3.1913885085, 3.5004626349, 
		0, 1.2848664599, 2.5356816651, 2.8952679703, 
		0, 0.0275740423, 1.6973364408, 2.1053014824, 
		0, -0.047425836, 0.6551180117, 1.0005290638, 
		0, -1.012453, -0.56497935, 0.7200114965, 
		0, -0.144841581, -0.015683257, 1.1045754968, 
		(4) 0, 
		// 23
		0, 0.3078853719, 1.2991779323, -15.42586961, 
		0, 2.4980809949, 3.2766645022, 3.7474485164, 
		0, 2.3254061157, 3.5517457531, 3.4756628913, 
		0, 1.5998889021, 3.086703919, 3.4723412973, 
		0, 0.6707044732, 2.3839619032, 2.6111885273, 
		0, 1.0362405011, 1.9234951964, 2.6459848904, 
		0, -0.909797879, -0.419018742, 0.5261945466, 
		0, 0.3732208727, 0.3430066811, 1.2531587745, 
		(4) 0, 
		// 24
		0, 0.0962334377, 1.3526262237, -16.55795061, 
		0, 2.630549757, 3.3256926496, 3.0763274939, 
		0, 2.5723626635, 4.0153790591, 3.7373212134, 
		0, 2.0516494738, 3.2602704286, 3.6541988444, 
		0, 0.9891601424, 2.6225135355, 2.960951397, 
		0, 0.582329183, 1.401827212, 2.0334958443, 
		0, -0.285836684, 0.3723834373, 1.3910679537, 
		0, -0.224039819, 0.0261472361, 0.884758365, 
		(4) 0, 
		// 25
		0, -0.338457934, 0.5273713698, -17.49104492, 
		0, 1.8976148451, 2.8166079067, 2.0739920227, 
		0, 2.0296988098, 3.2523388445, 2.9350863725, 
		0, 1.2512763421, 2.6878263591, 2.8193556429, 
		0, -0.100050392, 1.7231106524, 2.0340319062, 
		0, -0.075070799, 1.0564646295, 1.5555447775, 
		0, -0.484833463, 0.0430827091, 1.2073621099, 
		0, -0.300725124, -0.241775136, 0.7997053445, 
		(4) 0, 
		// 26
		0, -0.230348477, 1.2143847504, -0.491537161, 
		0, 2.2246013057, 3.4077199985, 3.4969789186, 
		0, 2.0464401464, 3.7582068675, 3.98245326, 
		0, 1.4371493432, 3.0955877165, 3.3245432726, 
		0, 0.5930849459, 2.4472317291, 2.7562129789, 
		0, 0.0847234929, 1.2316295382, 1.5245394963, 
		0, -1.428045175, -0.632454764, 0.5728458967, 
		0, 0.1725902263, 0.1281493335, 1.1094553177, 
		(4) 0, 
		// 27
		0, 0.1092848263, 1.0818039155, -16.90212065, 
		0, 2.4551981117, 3.2322199417, 1.7944932675, 
		0, 2.4240070408, 3.778240508, 3.6452254653, 
		0, 1.4896471016, 2.7991724721, 3.2408930238, 
		0, 0.5383369559, 2.259542341, 2.5241830817, 
		0, 0.2341294259, 0.9943535542, 1.5690539066, 
		0, -0.560738096, 0.2671244289, 1.4289668259, 
		0, -0.258420438, -0.615288824, 0.5025274408, 
		(4) 0, 
		// 28
		0, 0.1545262118, 1.0095806746, -16.36194297, 
		0, 2.2561117032, 3.0804958281, 2.7782545137, 
		0, 2.0357369535, 3.3839206349, 3.3504417616, 
		0, 1.1759828841, 2.8619797353, 3.2217191564, 
		0, 0.4232094291, 2.1655289044, 2.7717398542, 
		0, -0.203505689, 0.984690186, 1.3136193868, 
		0, -0.472720468, 0.3618268867, 1.5442691058, 
		0, -0.348052824, -0.089530364, 0.7861556596, 
		(4) 0, 
		// 29
		0, 0.2369937414, 1.1655930967, -0.675654901, 
		0, 2.1973782999, 3.1129303268, 2.7814876037, 
		0, 2.2826894409, 3.7188139226, 3.8026876476, 
		0, 1.5009891541, 3.1402016544, 3.227298269, 
		0, 0.6994503859, 2.1974817148, 2.5186051817, 
		0, 0.5749053968, 1.6256625009, 2.0162306255, 
		0, -0.822003082, -0.527327896, 0.4871298394, 
		0, 0.6843456998, 0.4575335149, 1.1649902711, 
		(4) 0, 
		// 30
		0, 0.0414971531, 1.2336022121, -0.250037515, 
		0, 2.4399713088, 3.6130983204, 2.7303818115, 
		0, 2.3693883565, 3.8988435822, 3.9887270524, 
		0, 1.8900463796, 3.5656759435, 3.7469690118, 
		0, 0.7438765985, 2.7611737344, 3.1216445674, 
		0, 0.5883333543, 1.5992886554, 2.2618491292, 
		0, -0.279183229, 0.44284664, 1.6215988506, 
		0, 0.5164320725, 0.3008687938, 1.2640457925, 
		(4) 0, 
		// 31
		0, 0.0452785997, 1.0164069596, -16.3386508, 
		0, 2.2265013819, 3.2166923323, 3.3925871214, 
		0, 1.9805350538, 3.5606594684, 3.2385018356, 
		0, 1.7775759931, 3.2978307099, 3.6072522308, 
		0, 1.1486448445, 2.4478696641, 2.6401260046, 
		0, -0.104035299, 1.3385159257, 1.7373245558, 
		0, -0.380751901, 0.351411253, 1.567414724, 
		0, -0.199962391, -0.476151757, 0.5613489314, 
		(4) 0, 
		// 32
		0, -0.099874078, 1.3053681212, -16.07448867, 
		0, 2.1408692496, 3.4923231109, 3.1996540191, 
		0, 2.3568949427, 3.9950345018, 4.0143290344, 
		0, 1.1933581529, 3.2175955121, 3.3210837699, 
		0, 0.5175236658, 2.5064502051, 2.8288527696, 
		0, 0.7251178697, 1.8359940622, 2.3728969921, 
		0, 0.121109979, 0.192399651, 1.1953627731, 
		0, 0.2582419595, 0.6877990067, 1.5387272918, 
		(4) 0, 
		// 33
		0, -0.073452492, 1.163422557, -1.069767283, 
		0, 2.0018263544, 3.057624396, 2.3061318591, 
		0, 2.1304984242, 3.676669844, 3.3595010961, 
		0, 0.7401300466, 2.6082503326, 2.7510589571, 
		0, 0.369456445, 2.163488823, 2.4861680477, 
		0, 0.3512493552, 1.3913719661, 1.4762569396, 
		0, -0.478699636, 0.1250937484, 1.1080207679, 
		0, -0.221402983, 0.1755600728, 1.0103681218, 
		(4) 0, 
		// 34
		0, -0.452198633, 0.6503925125, -17.04878407, 
		0, 2.002024404, 2.7784445399, 3.2805624491, 
		0, 2.2426447156, 3.3393750606, 3.4992983801, 
		0, 1.1860288168, 2.8085169724, 3.1433944598, 
		0, 0.0160847278, 1.695696027, 1.9835714944, 
		0, -0.041639685, 0.7784178018, 1.4492408311, 
		0, -0.793719143, -0.189298773, 0.9371714985, 
		0, -0.053019997, -0.103792052, 0.8125685081, 
		(4) 0, 
		// 35
		0, 0.4676815384, 1.8994475283, 0.0430260254, 
		0, 2.6599067063, 4.1598138449, 4.2639917592, 
		0, 2.637337947, 4.5821719534, 4.5209937649, 
		0, 1.7166126353, 3.8154563304, 3.9599914254, 
		0, 1.0739829725, 3.2870645335, 3.6121969529, 
		0, 0.6441052722, 1.8142279676, 2.239123249, 
		0, 0.0127673256, 0.387228949, 1.533394339, 
		0, 0.4457703821, 1.1803204772, 2.0502035358, 
		(4) 0, 
		// 36
		0, -0.05041267, 0.579138868, -16.39756578, 
		0, 2.2850640537, 2.964433718, 2.7233393582, 
		0, 2.0659346323, 3.2917617398, 3.31039913, 
		0, 1.4221994938, 2.6258565616, 2.7826645781, 
		0, -0.131351793, 1.664975718, 1.8863895182, 
		0, 0.3742055888, 0.9293520971, 1.6955648125, 
		0, -0.288686888, 0.112894595, 1.3597498833, 
		0, -0.366432655, -0.418174296, 0.3269584637, 
		(4) 0, 
		// 37
		0, 0.1660538846, 0.9326746655, -1.153351193, 
		0, 2.1621777324, 3.3049331343, 2.760388153, 
		0, 2.3400988831, 3.6616366477, 3.3402391725, 
		0, 1.6888814075, 3.2437876054, 3.4633749241, 
		0, 0.390970547, 2.1759905463, 2.855832816, 
		0, 0.4633128736, 1.6909803981, 2.5722786634, 
		0, -0.989289269, -0.264826663, 1.1913798687, 
		0, 0.4487144008, 0.6701311291, 1.8807850876, 
		(4) 0, 
		// 38
		0, -0.174910934, 0.9519655008, -0.514601389, 
		0, 2.204454046, 3.0977792276, 2.929856294, 
		0, 2.3794796014, 3.7130982911, 3.8280370793, 
		0, 1.9428448482, 3.2784469265, 3.229209788, 
		0, 0.4385375175, 2.3028630943, 2.315424321, 
		0, 0.7893472111, 1.9655191851, 2.4155767827, 
		0, -0.207583713, 0.6522317466, 1.5135451655, 
		0, -0.029311457, -0.231238134, 0.4743596436, 
		(4) 0, 
		// 39
		0, -0.249729762, 0.9796260193, -0.780430666, 
		0, 2.0949264608, 3.4698493077, 2.7800147112, 
		0, 2.0617601517, 3.6892253529, 3.5113215364, 
		0, 1.2245194905, 3.0561252215, 3.2730492263, 
		0, 0.4167115415, 2.3753362748, 2.539838423, 
		0, 0.5709223389, 1.5702068924, 2.0882168872, 
		0, -0.197441435, 0.6850806592, 1.8954166349, 
		0, -0.994610661, -0.924716842, 0.0409709279, 
		(4) 0, 
	};

	 //EN EDUCATION_Calendar_time
	double	EDUCATION_Calendar_time[BOOTSTRAP_INDEX_39][EDUCATION] = {
		0, 0.0155634126, 0.0361752259, 0.0901552495, 
		0, -0.009300007, 0.0217727638, 0.0683135064, 
		0, -0.011154257, 0.0173871511, 0.0686051881, 
		0, 0.0284183352, 0.05793043, 0.1205318851, 
		0, 0.0295124811, 0.044035336, 0.1293919495, 
		0, 0.0093422365, 0.053082323, 0.1140125568, 
		0, 0.0105243744, 0.053202545, 0.1187859491, 
		0, 0.0244024612, 0.0358919972, 0.0939928289, 
		0, 0.0046939411, 0.0236115831, 0.0747337735, 
		0, 0.0220745342, 0.0555385798, 0.0985603631, 
		0, -0.009534672, 0.0487565159, 0.1099083955, 
		0, 0.0002921709, 0.0235998255, 0.0937460573, 
		0, 0.0209395236, 0.0442000377, 0.0915460801, 
		0, 0.027683102, 0.0417115588, 0.0985427339, 
		0, 0.0250474472, 0.0447889802, 0.1175091713, 
		0, 0.0052176776, 0.0161282329, 0.0774387635, 
		0, -0.007850643, 0.0158218985, 0.0721963826, 
		0, 0.0154773737, 0.0424121547, 0.0915824504, 
		0, -0.014351692, 0.0167881635, 0.0685731598, 
		0, -0.003819969, 0.0047833499, 0.0551305965, 
		0, 0.027526463, 0.0418310177, 0.0820451639, 
		0, 0.0080497362, 0.0311917296, 0.0716691433, 
		0, 0.0156048886, 0.0283926207, 0.0763977382, 
		0, 0.0281814662, 0.0384431829, 0.0853316197, 
		0, 0.0319996276, 0.0375119147, 0.0859874705, 
		0, 0.0177626866, 0.0271223909, 0.0660479708, 
		0, -0.006263031, 0.0201650689, 0.0692880185, 
		0, 0.030555456, 0.0386424503, 0.096547055, 
		0, 0.032479186, 0.0318183365, 0.0907558653, 
		0, 0.047208773, 0.0711097269, 0.1101256404, 
		0, 0.0293546887, 0.04429578, 0.0988120828, 
		0, 0.0279983027, 0.0611158198, 0.0952557551, 
		0, -0.006626383, 0.0257505874, 0.0771954528, 
		0, -0.008276809, 0.0381476214, 0.0875170103, 
		0, 0.0180035196, 0.0554045885, 0.0957170329, 
		0, 0.0155151224, 0.0379939827, 0.109243381, 
		0, 0.0195595929, 0.0244767535, 0.0873401067, 
		0, 0.0056117176, 0.0477625182, 0.0938546657, 
		0, 0.0008794753, 0.0417073918, 0.086504207, 
		0, -0.031477501, -0.003039517, 0.049066947, 
	};

	 //EN EDUCATION_Education_Lt
	double	EDUCATION_Education_Lt[BOOTSTRAP_INDEX_39][EDUCATION][EDUCATION] = {
		// 0
		(4) 0, 
		0, 25.871902987, 24.441345865, 25.332855097, 
		0, 6.7584156067, 23.752964539, 24.808793421, 
		0, 3.8566706412, 2.6262061339, 28.900329847, 
		// 1
		(4) 0, 
		0, 26.421092354, 24.934306802, 26.682818345, 
		0, 2.8154753202, 22.88893038, 24.666353902, 
		0, 2.3467876716, 3.2609910645, 27.321110791, 
		// 2
		(4) 0, 
		0, 26.935029687, 25.582222107, 26.345535183, 
		0, 3.4150885136, 23.598952641, 24.734961759, 
		0, 2.631462935, 3.7468364017, 27.307271732, 
		// 3
		(4) 0, 
		0, 26.49142633, 24.95707829, 25.4825177, 
		0, 3.5434880348, 22.727003158, 23.586487059, 
		0, 2.9737469491, 3.2408242462, 26.366357328, 
		// 4
		(4) 0, 
		0, 27.158274161, 25.92449714, 26.72460045, 
		0, 3.8856741562, 23.722501988, 24.844655765, 
		0, 2.4264873709, 3.5250300322, 27.038451075, 
		// 5
		(4) 0, 
		0, 24.278717173, 22.771684624, 23.264902248, 
		0, 1.8532010912, 22.666806466, 23.261758341, 
		0, 1.9814276069, 2.9238427203, 25.448329005, 
		// 6
		(4) 0, 
		0, 25.995885586, 24.858605583, 25.645766114, 
		0, 2.3792163617, 22.547976573, 23.764156433, 
		0, 2.0920729554, 3.02989749, 26.276050381, 
		// 7
		(4) 0, 
		0, 24.295541509, 22.999025045, 23.558692839, 
		0, 2.0039384594, 23.209193686, 24.100664146, 
		0, 2.123496571, 3.5679002486, 26.478248737, 
		// 8
		(4) 0, 
		0, 24.955931173, 23.416725107, 24.254109755, 
		0, 2.7878609354, 22.828004523, 23.654556082, 
		0, 2.0379116029, 3.1484688488, 26.020748839, 
		// 9
		(4) 0, 
		0, 26.147823555, 24.657575586, 25.293335306, 
		0, 5.140306907, 23.064546921, 23.769812632, 
		0, 4.3109925539, 2.5515722308, 27.152929444, 
		// 10
		(4) 0, 
		0, 26.495924469, 25.072298615, 25.637644537, 
		0, 6.6199570556, 24.596374007, 25.524193933, 
		0, 3.4317877808, 3.0180903558, 28.241380015, 
		// 11
		(4) 0, 
		0, 24.457915531, 22.926286926, 23.790381965, 
		0, 2.2532346477, 22.256102299, 23.334164538, 
		0, 2.086092182, 3.0379661323, 25.567510891, 
		// 12
		(4) 0, 
		0, 26.529772438, 25.402478022, 25.5008077, 
		0, 4.4176866959, 23.109942229, 23.393109524, 
		0, 2.5073403825, 3.2303246968, 26.671034664, 
		// 13
		(4) 0, 
		0, 25.479569981, 24.280556401, 25.125237058, 
		0, 2.7594908364, 22.665553289, 23.649730869, 
		0, 2.6223901174, 3.651661549, 25.969139236, 
		// 14
		(4) 0, 
		0, 26.457466954, 25.034034095, 25.813777182, 
		0, 3.5215917479, 23.849513092, 24.970568776, 
		0, 2.6836648279, 3.6450992731, 27.138950573, 
		// 15
		(4) 0, 
		0, 25.022592657, 23.339782997, 24.263725348, 
		0, 3.2437417317, 22.871682028, 23.942556726, 
		0, 2.2699680134, 3.1996186817, 26.216647183, 
		// 16
		(4) 0, 
		0, 26.247189067, 24.682351382, 25.618790438, 
		0, 3.1490731913, 23.581005882, 24.359735329, 
		0, 2.3972932939, 3.6006542933, 26.839929859, 
		// 17
		(4) 0, 
		0, 26.628089216, 25.234654538, 26.53432212, 
		0, 2.8579133475, 23.47692197, 24.936607603, 
		0, 2.3555907507, 3.1609845428, 27.096273655, 
		// 18
		(4) 0, 
		0, 24.485417694, 23.130607126, 24.415969875, 
		0, 2.3368047458, 22.450383936, 23.620008365, 
		0, 2.2773330455, 3.3400306923, 25.982608823, 
		// 19
		(4) 0, 
		0, 24.262678028, 22.905509666, 24.26336825, 
		0, 1.9851369875, 22.943685526, 24.482497272, 
		0, 2.0623268401, 3.2838297878, 26.832799284, 
		// 20
		(4) 0, 
		0, 26.962542163, 25.898101391, 26.691002317, 
		0, 3.4726262328, 23.670442884, 24.621801481, 
		0, 2.4948731258, 3.567167772, 26.753567683, 
		// 21
		(4) 0, 
		0, 24.324580279, 22.636327309, 23.5763083, 
		0, 1.9840886327, 22.73972668, 23.82334794, 
		0, 1.9482820194, 2.8950892502, 25.950926888, 
		// 22
		(4) 0, 
		0, 26.81689281, 25.18630581, 26.291854514, 
		0, 4.7726395642, 22.887116677, 24.142362668, 
		0, 2.5126896795, 2.4636436955, 26.90322085, 
		// 23
		(4) 0, 
		0, 24.713238518, 23.042639503, 24.036798409, 
		0, 2.5556294595, 23.153409019, 24.544652002, 
		0, 2.4786193184, 3.4375509249, 26.841010684, 
		// 24
		(4) 0, 
		0, 26.927791294, 25.331891482, 26.129685399, 
		0, 3.7215785491, 23.66994188, 24.701917946, 
		0, 2.9465289248, 3.4821071265, 26.86689174, 
		// 25
		(4) 0, 
		0, 26.239151122, 24.662969278, 25.355210744, 
		0, 2.7071742785, 22.308730562, 23.07542516, 
		0, 2.0445498066, 2.677835204, 25.683955706, 
		// 26
		(4) 0, 
		0, 26.23557643, 24.953846869, 26.028862788, 
		0, 3.1861583669, 22.878806463, 24.187911824, 
		0, 2.3341800502, 3.3306742508, 26.671371115, 
		// 27
		(4) 0, 
		0, 26.881588874, 25.28024698, 26.132588599, 
		0, 3.1864109157, 22.73886051, 23.752377208, 
		0, 2.4818355831, 3.1930082398, 26.399061525, 
		// 28
		(4) 0, 
		0, 27.784559398, 26.27069406, 27.176180425, 
		0, 5.9128688825, 23.129902483, 24.297007221, 
		0, 3.1473079038, 3.1168631182, 26.725618032, 
		// 29
		(4) 0, 
		0, 26.558714618, 25.280939628, 26.255706179, 
		0, 4.2868673665, 23.506091882, 24.596176969, 
		0, 2.6348404451, 3.4119339509, 26.834156926, 
		// 30
		(4) 0, 
		0, 26.012819022, 24.717828868, 25.767233609, 
		0, 3.099520019, 23.418788026, 24.607713548, 
		0, 2.5480032883, 3.6557754495, 27.061984347, 
		// 31
		(4) 0, 
		0, 25.153499908, 23.780731644, 25.07146313, 
		0, 2.2492590876, 23.133264724, 24.627240053, 
		0, 2.3176930345, 3.2729218286, 26.8877344, 
		// 32
		(4) 0, 
		0, 23.96651945, 22.789907825, 23.560695926, 
		0, 1.8066850496, 22.989505226, 23.970574665, 
		0, 2.0435359209, 3.5461295506, 26.478837537, 
		// 33
		(4) 0, 
		0, 25.24517269, 23.918143606, 24.587819237, 
		0, 2.6788756492, 22.264095144, 23.212997945, 
		0, 2.1925532238, 3.1814932576, 25.360423354, 
		// 34
		(4) 0, 
		0, 26.630257596, 25.116741337, 26.033364252, 
		0, 3.5026240724, 22.305166766, 23.598731562, 
		0, 2.2603851056, 2.8382164077, 26.061407381, 
		// 35
		(4) 0, 
		0, 25.75307497, 24.711199664, 25.695283682, 
		0, 2.4262771659, 24.05300293, 25.064839911, 
		0, 2.4592270794, 4.1427120471, 27.500457389, 
		// 36
		(4) 0, 
		0, 25.244667763, 23.417659169, 24.315580195, 
		0, 4.6045699622, 22.658247994, 23.541435176, 
		0, 2.7358256775, 2.8778538187, 25.923722772, 
		// 37
		(4) 0, 
		0, 25.363138849, 23.869843785, 24.580502832, 
		0, 2.8235025601, 22.305342775, 23.021931525, 
		0, 2.3823794039, 3.3703996899, 25.519899233, 
		// 38
		(4) 0, 
		0, 25.947944557, 24.399399714, 25.389285867, 
		0, 6.1870528885, 23.466268845, 24.871216359, 
		0, 3.3637121276, 2.570709046, 28.766407015, 
		// 39
		(4) 0, 
		0, 25.402879024, 24.124219054, 24.741785655, 
		0, 2.5344002529, 23.315252557, 24.332874545, 
		0, 2.1107358591, 3.446162463, 26.599632542, 
	};

	 //EN EDUCATION_Education_Lt_inter_Sp3_age_t_1
	double	EDUCATION_Education_Lt_inter_Sp3_age_t_1[BOOTSTRAP_INDEX_39][EDUCATION][EDUCATION] = {
		// 0
		(4) 0, 
		0, 0.2987821484, 0.0123152728, -0.009187821, 
		0, -0.63707297, 0.2787512959, 0.0383622249, 
		0, 0.029616684, 0.0777739209, -0.013511708, 
		// 1
		(4) 0, 
		0, 0.2095095147, -0.091195891, -0.196002561, 
		0, 0.1992003643, 0.1592313892, -0.166702, 
		0, 0.2339189633, 0.0508797647, -0.125867174, 
		// 2
		(4) 0, 
		0, 0.1735411787, -0.111299788, -0.183496691, 
		0, 0.1053208257, 0.1530827161, -0.125878187, 
		0, 0.1696896324, 0.0106727781, -0.128552444, 
		// 3
		(4) 0, 
		0, 0.1811462057, -0.138752204, -0.067648419, 
		0, 0.0830246954, 0.161578196, -0.002469542, 
		0, 0.1589660978, 0.0248809887, -0.003921986, 
		// 4
		(4) 0, 
		0, 0.1645961805, -0.167511789, -0.152584233, 
		0, 0.0645171043, 0.1322022657, -0.104564507, 
		0, 0.1899834154, 0.0268218183, -0.057417054, 
		// 5
		(4) 0, 
		0, 0.2461265425, -0.057651972, -0.009943942, 
		0, 0.1851292187, 0.148470706, 0.0017636944, 
		0, 0.1908344405, 0.0389462189, 0.0367451851, 
		// 6
		(4) 0, 
		0, 0.243773035, -0.180935994, -0.089440322, 
		0, 0.2481471672, 0.1355709626, -0.054163839, 
		0, 0.2744999948, 0.0190003151, -0.001949986, 
		// 7
		(4) 0, 
		0, 0.2082769067, -0.050439949, -0.032849651, 
		0, 0.1448911686, 0.1225827814, -0.104048036, 
		0, 0.1495088262, 0.0021135367, -0.068161974, 
		// 8
		(4) 0, 
		0, 0.2904390272, -0.084396891, -0.052442971, 
		0, 0.1937122946, 0.1527251034, -0.038579036, 
		0, 0.2712854791, 0.037715708, -0.011622683, 
		// 9
		(4) 0, 
		0, 0.2391463476, -0.021577855, -0.043334082, 
		0, -0.246631823, 0.2481595537, 0.0321539485, 
		0, -0.026627745, 0.0810208325, 0.0395157769, 
		// 10
		(4) 0, 
		0, 0.214064467, -0.041379164, -0.058735924, 
		0, -0.355534354, 0.2288434214, -0.031030969, 
		0, 0.0793842864, 0.0980931762, -0.016127977, 
		// 11
		(4) 0, 
		0, 0.3362978647, -0.008896671, -0.052977035, 
		0, 0.2543660099, 0.1558310677, -0.070474551, 
		0, 0.2690835681, 0.0478423255, -0.05541753, 
		// 12
		(4) 0, 
		0, 0.1361167554, -0.139875791, -0.12442222, 
		0, -0.095228056, 0.1742481282, 0.0057904873, 
		0, 0.1462285272, 0.0415824048, 0.0104215303, 
		// 13
		(4) 0, 
		0, 0.1732242222, -0.109260312, -0.130833029, 
		0, 0.1317846585, 0.1497628275, -0.101180942, 
		0, 0.139350393, 0.0314608664, -0.078183302, 
		// 14
		(4) 0, 
		0, 0.1508094363, -0.102279207, -0.112878738, 
		0, 0.0655344708, 0.1427403746, -0.084410391, 
		0, 0.1338434356, 0.0217320298, -0.073126849, 
		// 15
		(4) 0, 
		0, 0.30593478, -0.054731911, -0.12427076, 
		0, 0.1745103209, 0.1607388666, -0.113137822, 
		0, 0.2743303841, 0.0456378316, -0.075172347, 
		// 16
		(4) 0, 
		0, 0.1705475763, -0.051793654, -0.11850119, 
		0, 0.0963416568, 0.1673431035, -0.057249407, 
		0, 0.159754284, 0.0377756167, -0.061436936, 
		// 17
		(4) 0, 
		0, 0.1702182284, -0.105490994, -0.21424287, 
		0, 0.1423053696, 0.1658434359, -0.138592822, 
		0, 0.1822653236, 0.0684031496, -0.099408464, 
		// 18
		(4) 0, 
		0, 0.2670805516, -0.018325841, -0.0865907, 
		0, 0.1872053272, 0.172301188, -0.102033987, 
		0, 0.1917483597, 0.0584749693, -0.093588319, 
		// 19
		(4) 0, 
		0, 0.24764839, -0.029997091, -0.115236609, 
		0, 0.170887928, 0.1566745558, -0.141202858, 
		0, 0.1810531283, 0.0414305496, -0.119100162, 
		// 20
		(4) 0, 
		0, 0.1257369099, -0.138082509, -0.149467622, 
		0, 0.0588907658, 0.1553187504, -0.065724159, 
		0, 0.1349162539, 0.03722425, -0.037281329, 
		// 21
		(4) 0, 
		0, 0.2079629389, -0.005662349, -0.065309128, 
		0, 0.1481481486, 0.1867281342, -0.09625634, 
		0, 0.1680446072, 0.0789738407, -0.049409042, 
		// 22
		(4) 0, 
		0, 0.1319812018, -0.07199564, -0.14110963, 
		0, -0.180538207, 0.2416564735, -0.04762795, 
		0, 0.1150511661, 0.1232874279, -0.029115031, 
		// 23
		(4) 0, 
		0, 0.2198100068, -0.021971311, -0.032000172, 
		0, 0.1364059058, 0.1575969386, -0.088866228, 
		0, 0.1600703316, 0.0426681063, -0.057241295, 
		// 24
		(4) 0, 
		0, 0.1231345642, -0.150322336, -0.155561295, 
		0, 0.0661396722, 0.1410530538, -0.081461343, 
		0, 0.1268567257, 0.0232497068, -0.052758172, 
		// 25
		(4) 0, 
		0, 0.2216817084, -0.064561635, -0.119738267, 
		0, 0.2010431868, 0.2209456213, -0.035243511, 
		0, 0.2544189844, 0.1140120265, 0.013552521, 
		// 26
		(4) 0, 
		0, 0.2084679624, -0.130255066, -0.112950008, 
		0, 0.1445374086, 0.1193455222, -0.091641851, 
		0, 0.2197242693, 0.0049161963, -0.045340244, 
		// 27
		(4) 0, 
		0, 0.1218874086, -0.10181415, -0.195123967, 
		0, 0.1040855086, 0.1650257536, -0.097870737, 
		0, 0.1518359357, 0.0524332045, -0.04922293, 
		// 28
		(4) 0, 
		0, 0.0853019345, -0.186729484, -0.226997875, 
		0, -0.198614716, 0.1961187757, -0.0845584, 
		0, 0.1079077583, 0.0625965148, -0.074739679, 
		// 29
		(4) 0, 
		0, 0.1983760783, -0.085279951, -0.092815076, 
		0, 0.0336797835, 0.1818347472, -0.054683406, 
		0, 0.1814185587, 0.063254714, -0.03321074, 
		// 30
		(4) 0, 
		0, 0.1815327413, -0.120162986, -0.119852101, 
		0, 0.0984171179, 0.1331733277, -0.072841533, 
		0, 0.1612729801, 0.0029511902, -0.056296968, 
		// 31
		(4) 0, 
		0, 0.2849050301, -0.061897546, -0.119812785, 
		0, 0.2111385851, 0.1307713835, -0.08811686, 
		0, 0.2233923185, 0.0082516175, -0.072215353, 
		// 32
		(4) 0, 
		0, 0.2862428276, 0.0013403011, -0.017902264, 
		0, 0.1969057841, 0.1704827376, -0.067200075, 
		0, 0.1923149632, 0.0399565259, -0.051396134, 
		// 33
		(4) 0, 
		0, 0.2240021141, -0.087838092, -0.113293803, 
		0, 0.1703511016, 0.1791051776, -0.084922116, 
		0, 0.2075270101, 0.0562284663, -0.056474271, 
		// 34
		(4) 0, 
		0, 0.1566280708, -0.126308132, -0.193294139, 
		0, 0.1378410606, 0.2072193428, -0.112626772, 
		0, 0.2202642165, 0.0896774291, -0.043604287, 
		// 35
		(4) 0, 
		0, 0.2598180683, -0.001944156, -0.048678343, 
		0, 0.130190266, 0.1085100137, -0.107738584, 
		0, 0.1261899008, -0.02376223, -0.097437919, 
		// 36
		(4) 0, 
		0, 0.211130107, -0.074139805, -0.071260025, 
		0, -0.020838159, 0.157634871, -0.031288287, 
		0, 0.1508807821, 0.0503360174, 0.0050804484, 
		// 37
		(4) 0, 
		0, 0.2448008303, -0.066115913, -0.086092721, 
		0, 0.1764027006, 0.1448546098, -0.053212941, 
		0, 0.2127102907, 0.0263190061, -0.048834446, 
		// 38
		(4) 0, 
		0, 0.2678171579, -0.042233886, -0.05208352, 
		0, -0.504220009, 0.2082641616, -0.039168474, 
		0, 0.0921295601, 0.0584851721, -0.021379487, 
		// 39
		(4) 0, 
		0, 0.3048191095, -0.062231451, -0.106385782, 
		0, 0.2409687768, 0.1492652176, -0.097089135, 
		0, 0.2958788168, 0.0333668326, -0.06452102, 
	};

	 //EN EDUCATION_Education_Lt_inter_Sp3_age_t_2
	double	EDUCATION_Education_Lt_inter_Sp3_age_t_2[BOOTSTRAP_INDEX_39][EDUCATION][EDUCATION] = {
		// 0
		(4) 0, 
		0, -0.121151065, 0.0906131914, 0.1668060631, 
		0, 1.0942931486, -0.183764513, 0.0839203677, 
		0, 0.1433552893, 0.0359359269, 0.1962074383, 
		// 1
		(4) 0, 
		0, 0.0204130066, 0.1153712079, 0.3904998972, 
		0, 0.0148240834, -0.037848646, 0.4059045296, 
		0, -0.002317195, 0.0652529382, 0.4014576637, 
		// 2
		(4) 0, 
		0, -0.068629186, 0.1401782364, 0.2647523779, 
		0, 0.0194058855, -0.051114225, 0.2475288279, 
		0, -0.05280223, 0.1086426602, 0.306869655, 
		// 3
		(4) 0, 
		0, -0.070987832, 0.1940409873, 0.0572781909, 
		0, 0.0672782912, -0.009666196, 0.0585193372, 
		0, -0.032066393, 0.1170760741, 0.098743991, 
		// 4
		(4) 0, 
		0, -0.013463946, 0.2658652737, 0.2280433764, 
		0, 0.1099738371, -0.004624697, 0.2036418418, 
		0, -0.037539485, 0.1121794577, 0.2009651451, 
		// 5
		(4) 0, 
		0, -0.053656, 0.2143618138, 0.185715623, 
		0, -0.035219433, 0.0195830238, 0.1467862846, 
		0, -0.044703789, 0.1149030976, 0.153925366, 
		// 6
		(4) 0, 
		0, -0.181002937, 0.3035242414, 0.1639915388, 
		0, -0.205699814, 0.0294435038, 0.190292747, 
		0, -0.21688251, 0.1391837478, 0.1802360927, 
		// 7
		(4) 0, 
		0, 0.0185039569, 0.1521995833, 0.2588567987, 
		0, 0.0397091498, 0.0107089576, 0.3284929604, 
		0, 0.0308546262, 0.1228019164, 0.3335786342, 
		// 8
		(4) 0, 
		0, -0.206601614, 0.2216846691, 0.1794968111, 
		0, -0.135602487, -0.037973352, 0.1640923595, 
		0, -0.230415623, 0.0642774645, 0.1768438104, 
		// 9
		(4) 0, 
		0, -0.093854868, 0.06158583, 0.1192009364, 
		0, 0.5493766881, -0.129446601, 0.0851450922, 
		0, 0.2298543068, 0.0335076708, 0.1193840492, 
		// 10
		(4) 0, 
		0, -0.025690483, 0.1530738168, 0.2196079287, 
		0, 0.6375190983, -0.15062611, 0.1347073905, 
		0, 0.0391390003, -0.029038045, 0.1492524211, 
		// 11
		(4) 0, 
		0, -0.279796862, 0.0523884753, 0.2030952738, 
		0, -0.182632293, -0.039520212, 0.2598067878, 
		0, -0.198748265, 0.0788118923, 0.2953563207, 
		// 12
		(4) 0, 
		0, 0.0629363935, 0.1839686506, 0.2372433498, 
		0, 0.2965695029, -0.071429716, 0.0759691484, 
		0, 0.0132148436, 0.057444373, 0.1366885662, 
		// 13
		(4) 0, 
		0, 0.1817667759, 0.1857091046, 0.2110396369, 
		0, 0.2267271744, -0.043844373, 0.1668364129, 
		0, 0.222258945, 0.0881742697, 0.2143693747, 
		// 14
		(4) 0, 
		0, 0.0056554351, 0.1609106384, 0.1796060639, 
		0, 0.1036940785, -0.041300392, 0.158649895, 
		0, 0.0268496191, 0.0913025769, 0.2091046316, 
		// 15
		(4) 0, 
		0, -0.219053649, 0.129406079, 0.3918718339, 
		0, -0.10777703, -0.049301284, 0.3385136295, 
		0, -0.232620811, 0.0514765838, 0.3487651607, 
		// 16
		(4) 0, 
		0, -0.022144757, 0.0914659668, 0.1802462169, 
		0, 0.0637664293, -0.058218911, 0.1461925903, 
		0, -0.008519153, 0.0851159884, 0.2045307664, 
		// 17
		(4) 0, 
		0, -0.043067411, 0.1476403996, 0.3636309366, 
		0, -0.008130098, -0.085118182, 0.2473218579, 
		0, -0.052475035, 0.0196934669, 0.2598409536, 
		// 18
		(4) 0, 
		0, -0.048870176, 0.0273303034, 0.1826404618, 
		0, 0.0387648697, -0.111891816, 0.1976124341, 
		0, 0.033464455, 0.0122952936, 0.248260715, 
		// 19
		(4) 0, 
		0, -0.112866136, 0.0980670427, 0.3380055474, 
		0, -0.068802153, -0.076061681, 0.3348290312, 
		0, -0.086078192, 0.024865856, 0.3616986707, 
		// 20
		(4) 0, 
		0, -0.007842795, 0.1840463584, 0.2034846688, 
		0, 0.0758615762, -0.068706922, 0.1259848945, 
		0, -0.008635025, 0.060983441, 0.146543595, 
		// 21
		(4) 0, 
		0, 0.0945210778, 0.0796433758, 0.219824731, 
		0, 0.1049023335, -0.088139228, 0.2501404012, 
		0, 0.0781317106, 0.0080372511, 0.2361261961, 
		// 22
		(4) 0, 
		0, 0.0184875149, 0.0643595538, 0.2215208815, 
		0, 0.4197378788, -0.196003004, 0.1687298572, 
		0, 0.0482438839, -0.068432991, 0.2110128605, 
		// 23
		(4) 0, 
		0, -0.06723, 0.1091821551, 0.121913121, 
		0, -0.020273503, -0.061148753, 0.2173869537, 
		0, -0.051874509, 0.0414994177, 0.2261671615, 
		// 24
		(4) 0, 
		0, -0.007729835, 0.2515098803, 0.253045739, 
		0, 0.053654629, -0.018388485, 0.1871649666, 
		0, -0.013086248, 0.1102078989, 0.2052952367, 
		// 25
		(4) 0, 
		0, -0.153285982, 0.0741101549, 0.2055100303, 
		0, -0.149199089, -0.135042924, 0.1416572934, 
		0, -0.189058494, -0.036455353, 0.1235789081, 
		// 26
		(4) 0, 
		0, -0.144610581, 0.1729597447, 0.1846598812, 
		0, -0.082992016, 0.0196695704, 0.1947503281, 
		0, -0.153066118, 0.1257050115, 0.1896890677, 
		// 27
		(4) 0, 
		0, 0.1784484335, 0.1365388559, 0.2834461692, 
		0, 0.1787184192, -0.031467286, 0.2098429357, 
		0, 0.1528345119, 0.0773139444, 0.1957305195, 
		// 28
		(4) 0, 
		0, 0.2269523764, 0.2455984809, 0.3175854391, 
		0, 0.6116973796, -0.13085213, 0.1792764325, 
		0, 0.2097949949, 0.0188205777, 0.2205832638, 
		// 29
		(4) 0, 
		0, 0.0807034668, 0.1346795577, 0.2085186586, 
		0, 0.2578786063, -0.102628524, 0.1853647804, 
		0, 0.0804294541, 0.0282002507, 0.2188811803, 
		// 30
		(4) 0, 
		0, -0.042773135, 0.2113037293, 0.2349892808, 
		0, 0.0211457995, -0.030451033, 0.1662508466, 
		0, -0.06139243, 0.0991472325, 0.1984618825, 
		// 31
		(4) 0, 
		0, -0.200652246, 0.1493501884, 0.2802211309, 
		0, -0.139860423, -0.019067473, 0.2099621383, 
		0, -0.163575895, 0.0983223849, 0.2420477245, 
		// 32
		(4) 0, 
		0, -0.122583731, 0.0630503253, 0.1355719472, 
		0, -0.066842908, -0.085014472, 0.1682919323, 
		0, -0.06698778, 0.0369537833, 0.2025668247, 
		// 33
		(4) 0, 
		0, -0.040946784, 0.1361719404, 0.2012532208, 
		0, 0.0208537159, -0.099767706, 0.2069676737, 
		0, -0.02035287, 0.036059, 0.2198500769, 
		// 34
		(4) 0, 
		0, -0.05524176, 0.1880553967, 0.4567636507, 
		0, -0.094788063, -0.114927253, 0.3950751256, 
		0, -0.158028235, -0.003013964, 0.3488416904, 
		// 35
		(4) 0, 
		0, 0.0967308624, 0.0318633477, 0.1214033304, 
		0, 0.2707311043, 0.0131265418, 0.2263477499, 
		0, 0.2769567818, 0.1608274692, 0.2737292201, 
		// 36
		(4) 0, 
		0, -0.061244132, 0.1833746917, 0.2031320328, 
		0, 0.1726939984, -0.033362583, 0.1194523233, 
		0, -0.034867097, 0.061308035, 0.1364628505, 
		// 37
		(4) 0, 
		0, -0.187624031, 0.0746316143, 0.1810490357, 
		0, -0.099185344, -0.052925402, 0.1594375319, 
		0, -0.140657853, 0.0751134458, 0.2127990719, 
		// 38
		(4) 0, 
		0, -0.148180043, 0.1148364412, 0.102514136, 
		0, 0.8545176302, -0.0798962, 0.1558506853, 
		0, 0.0406391626, 0.0510551017, 0.1668963864, 
		// 39
		(4) 0, 
		0, -0.209370941, 0.15479927, 0.3572617043, 
		0, -0.168012391, -0.015926552, 0.3284444869, 
		0, -0.24353416, 0.095391729, 0.3353817716, 
	};

	 //EN EDUCATION_Intercept
	double	EDUCATION_Intercept[BOOTSTRAP_INDEX_39][EDUCATION] = {
		0, -2.259070766, -2.974151253, -5.770601328, 
		0, -2.216417675, -3.095256619, -6.589523761, 
		0, -2.25651802, -3.36319272, -6.277702443, 
		0, -2.615452956, -3.452780852, -5.931850041, 
		0, -2.390893687, -3.198161063, -6.322556042, 
		0, -2.203561126, -2.82468, -5.070191302, 
		0, -1.926859393, -3.048068941, -5.931156701, 
		0, -2.418739191, -3.339813197, -5.958153208, 
		0, -1.998574367, -2.793655378, -5.298056894, 
		0, -2.470603549, -3.118953072, -5.288461288, 
		0, -2.09160362, -3.118646247, -5.768421399, 
		0, -1.982427966, -2.65889882, -5.681668377, 
		0, -2.495255226, -3.367363806, -5.305452617, 
		0, -2.710091896, -3.334071003, -6.006394606, 
		0, -2.646549583, -3.431945887, -6.424402811, 
		0, -2.34829668, -2.777824266, -5.520502763, 
		0, -2.115657607, -3.188793857, -5.827858528, 
		0, -2.215201454, -2.926501518, -6.151671072, 
		0, -2.261642898, -2.975914464, -6.062244666, 
		0, -2.137577603, -2.860267345, -6.087667134, 
		0, -2.351213611, -3.325938945, -5.734045112, 
		0, -2.040202205, -2.552952944, -5.205890424, 
		0, -2.136815219, -2.509267262, -5.588512582, 
		0, -2.790093364, -3.26341466, -6.2604307, 
		0, -2.835397592, -3.254740944, -5.889719309, 
		0, -2.147493561, -2.560293167, -4.924037495, 
		0, -2.14890704, -3.21118221, -6.004680772, 
		0, -2.689624208, -3.080191791, -5.897711095, 
		0, -2.510301574, -2.970936148, -5.985019001, 
		0, -2.636866288, -3.377935812, -6.034344789, 
		0, -2.633551303, -3.519015906, -6.436285243, 
		0, -2.444010504, -3.20116089, -6.164629609, 
		0, -2.34055519, -3.261352729, -5.928561395, 
		0, -2.065397094, -2.987580829, -5.476215934, 
		0, -2.135277225, -2.789633677, -5.605175442, 
		0, -2.6856813, -3.973667967, -6.800612763, 
		0, -2.336932862, -2.594879991, -5.345701327, 
		0, -2.341209161, -3.181047076, -5.658783301, 
		0, -2.246359651, -3.153756827, -6.036028238, 
		0, -1.737381206, -2.899212817, -5.495179953, 
	};

	 //EN EDUCATION_Malesex
	double	EDUCATION_Malesex[BOOTSTRAP_INDEX_39][SEX][EDUCATION] = {
		// 0
		(4) 0, 
		0, -0.316365473, -0.402916896, -0.584503032, 
		// 1
		(4) 0, 
		0, -0.258927919, -0.455936109, -0.64903195, 
		// 2
		(4) 0, 
		0, -0.555197483, -0.518440878, -0.660062698, 
		// 3
		(4) 0, 
		0, -0.462833085, -0.404112841, -0.600100145, 
		// 4
		(4) 0, 
		0, -0.214475395, -0.468159317, -0.635772252, 
		// 5
		(4) 0, 
		0, -0.385229279, -0.374760716, -0.536426096, 
		// 6
		(4) 0, 
		0, -0.450281438, -0.373437326, -0.609972775, 
		// 7
		(4) 0, 
		0, -0.231561984, -0.303110461, -0.503456617, 
		// 8
		(4) 0, 
		0, -0.417781181, -0.408591503, -0.658784696, 
		// 9
		(4) 0, 
		0, -0.267052795, -0.390636443, -0.492531329, 
		// 10
		(4) 0, 
		0, -0.290331836, -0.367231678, -0.508540599, 
		// 11
		(4) 0, 
		0, -0.385649393, -0.422566687, -0.660665419, 
		// 12
		(4) 0, 
		0, -0.290754307, -0.494612389, -0.75283623, 
		// 13
		(4) 0, 
		0, -0.319564424, -0.579789879, -0.739039896, 
		// 14
		(4) 0, 
		0, -0.318487628, -0.456177724, -0.602095475, 
		// 15
		(4) 0, 
		0, -0.195123278, -0.483786551, -0.751245915, 
		// 16
		(4) 0, 
		0, -0.394706655, -0.368116322, -0.603947452, 
		// 17
		(4) 0, 
		0, -0.351714711, -0.435254081, -0.608967441, 
		// 18
		(4) 0, 
		0, 0.01694443, -0.237249596, -0.347563506, 
		// 19
		(4) 0, 
		0, -0.473355894, -0.398482989, -0.566055914, 
		// 20
		(4) 0, 
		0, -0.361199875, -0.515010903, -0.704657168, 
		// 21
		(4) 0, 
		0, -0.409588045, -0.50214776, -0.556761072, 
		// 22
		(4) 0, 
		0, -0.436134874, -0.4480042, -0.51797189, 
		// 23
		(4) 0, 
		0, -0.405889592, -0.424474438, -0.634289044, 
		// 24
		(4) 0, 
		0, -0.488034347, -0.573656484, -0.817409844, 
		// 25
		(4) 0, 
		0, -0.188310604, -0.395023374, -0.648823396, 
		// 26
		(4) 0, 
		0, -0.095983359, -0.253339346, -0.523107809, 
		// 27
		(4) 0, 
		0, -0.336791104, -0.39794843, -0.608327043, 
		// 28
		(4) 0, 
		0, -0.240145031, -0.380072581, -0.475689418, 
		// 29
		(4) 0, 
		0, -0.37082295, -0.435162399, -0.591601246, 
		// 30
		(4) 0, 
		0, -0.431949173, -0.400998984, -0.631530054, 
		// 31
		(4) 0, 
		0, -0.389342816, -0.460593911, -0.710204335, 
		// 32
		(4) 0, 
		0, -0.01149124, -0.425170997, -0.548488419, 
		// 33
		(4) 0, 
		0, -0.121279263, -0.373560653, -0.526737984, 
		// 34
		(4) 0, 
		0, -0.39504086, -0.513712529, -0.728479239, 
		// 35
		(4) 0, 
		0, -0.150851299, -0.342498055, -0.596936986, 
		// 36
		(4) 0, 
		0, -0.211291124, -0.326883955, -0.539706451, 
		// 37
		(4) 0, 
		0, -0.222469552, -0.315109901, -0.629895169, 
		// 38
		(4) 0, 
		0, -0.406636096, -0.160748962, -0.339008101, 
		// 39
		(4) 0, 
		0, -0.263564897, -0.269375377, -0.554392706, 
	};

	 //EN EDUCATION_Sp3_age_t_1
	double	EDUCATION_Sp3_age_t_1[BOOTSTRAP_INDEX_39][EDUCATION] = {
		0, -0.205006763, -0.046896154, 0.0720290938, 
		0, -0.235847703, -0.047624068, 0.1592719292, 
		0, -0.182717109, 0.0000823973, 0.1555018232, 
		0, -0.195770934, -0.001418603, 0.0414436161, 
		0, -0.214044326, -0.024168336, 0.0761699344, 
		0, -0.193823538, -0.040869072, -0.015205119, 
		0, -0.276679588, -0.017771476, 0.038939514, 
		0, -0.155732577, -0.001568726, 0.0906736945, 
		0, -0.291170303, -0.040675861, 0.0330262194, 
		0, -0.179835255, -0.052039366, 0.015451109, 
		0, -0.187406464, -0.079157215, 0.0509446572, 
		0, -0.270379587, -0.040556848, 0.0808561849, 
		0, -0.179506116, -0.033395618, 0.0287684059, 
		0, -0.146789256, -0.021255504, 0.0996232348, 
		0, -0.145498145, -0.01574117, 0.0941933032, 
		0, -0.296018102, -0.04630753, 0.1009194379, 
		0, -0.16738278, -0.031243923, 0.0873192687, 
		0, -0.198462303, -0.061662948, 0.1200056095, 
		0, -0.195857924, -0.052860597, 0.1170431197, 
		0, -0.1844757, -0.03910242, 0.1458372106, 
		0, -0.159354114, -0.027949315, 0.0594633445, 
		0, -0.175715138, -0.083081477, 0.0658628407, 
		0, -0.183232067, -0.106464883, 0.0686419349, 
		0, -0.165636421, -0.042230208, 0.0820758164, 
		0, -0.143685005, -0.011323453, 0.0819326666, 
		0, -0.25814406, -0.112442515, 0.019804133, 
		0, -0.233483757, -0.004520784, 0.076751523, 
		0, -0.146184845, -0.053718595, 0.0852439046, 
		0, -0.18575707, -0.051543752, 0.1017561152, 
		0, -0.205613302, -0.056136559, 0.0518761401, 
		0, -0.175930313, 0.0029607875, 0.084970539, 
		0, -0.232069277, -0.004243944, 0.0988198606, 
		0, -0.195899194, -0.03261039, 0.0827789713, 
		0, -0.221733651, -0.048215887, 0.0774112239, 
		0, -0.226297539, -0.094475444, 0.0839638923, 
		0, -0.125518894, 0.0356127437, 0.1247670001, 
		0, -0.21972457, -0.052891838, 0.0155852409, 
		0, -0.219212901, -0.01807768, 0.0790471184, 
		0, -0.206981531, -0.030975409, 0.0845540933, 
		0, -0.314152219, -0.036043692, 0.0821414738, 
	};

	 //EN EDUCATION_Sp3_age_t_2
	double	EDUCATION_Sp3_age_t_2[BOOTSTRAP_INDEX_39][EDUCATION] = {
		0, 0.0802862694, -0.058073381, -0.251109287, 
		0, -0.00851574, -0.059155989, -0.433942359, 
		0, 0.0685683916, -0.121173751, -0.339460067, 
		0, 0.0700865605, -0.14378443, -0.14494432, 
		0, 0.064508443, -0.115907983, -0.225896809, 
		0, 0.0477495727, -0.118938756, -0.174553392, 
		0, 0.2082188547, -0.130287859, -0.218577323, 
		0, -0.023221774, -0.126703495, -0.352058605, 
		0, 0.2542118889, -0.064274351, -0.194814034, 
		0, 0.0190790198, -0.060228085, -0.16867874, 
		0, 0.0883648663, 0.009997962, -0.18960599, 
		0, 0.1998937449, -0.088286632, -0.328048038, 
		0, 0.0238783364, -0.056943171, -0.169140387, 
		0, -0.214382598, -0.100652549, -0.241634851, 
		0, -0.013738686, -0.098973082, -0.236401706, 
		0, 0.2576774144, -0.054341433, -0.371740966, 
		0, 0.0180444237, -0.092666834, -0.235818927, 
		0, 0.0706679675, -0.028715238, -0.286433741, 
		0, -0.0282942, -0.019307555, -0.277378062, 
		0, 0.0918179594, -0.029447474, -0.384727176, 
		0, 0.0358152153, -0.072907043, -0.174589451, 
		0, -0.068266875, -0.005720444, -0.246774941, 
		0, 0.041552214, 0.0510131318, -0.243739722, 
		0, 0.0576926483, -0.046960544, -0.248669589, 
		0, 0.031020613, -0.125464845, -0.242268533, 
		0, 0.1824158077, 0.0456169722, -0.155553512, 
		0, 0.1600950844, -0.11366283, -0.21792106, 
		0, -0.171515971, -0.066584968, -0.231641044, 
		0, -0.120934635, -0.032566203, -0.254994239, 
		0, -0.05376946, -0.038353015, -0.243447128, 
		0, 0.076621815, -0.110156781, -0.232505038, 
		0, 0.1729460512, -0.106947844, -0.271742002, 
		0, 0.0722108544, -0.048283567, -0.231511659, 
		0, 0.0370520125, -0.0463667, -0.246698947, 
		0, 0.1448456733, 0.0177077003, -0.388903149, 
		0, -0.278036862, -0.175233339, -0.307794722, 
		0, 0.1136643081, -0.063211441, -0.15480114, 
		0, 0.1479620187, -0.086701109, -0.251468048, 
		0, 0.0973606094, -0.070303675, -0.220954016, 
		0, 0.2663876469, -0.093674549, -0.353101424, 
	};


double INCOME_QUARTILE_Age_group_t [BOOTSTRAP_INDEX_39][AR_ORDER_INDEX_3][AGE_GROUP_from25_to80_by5 ][INCOME_QUARTILE]={
0 ,
0.1796399946 ,
0.6199054495 ,
0.5141564751 ,
0 ,
0.4814749587 ,
0.895008553 ,
1.2689703652 ,
0 ,
0.5099928037 ,
0.8260898675 ,
1.1192925098 ,
0 ,
0.5662574195 ,
0.9293554562 ,
1.0316260155 ,
0 ,
0.6757478544 ,
1.0519334319 ,
1.1221276251 ,
0 ,
0.650695078 ,
1.2563217978 ,
1.4450205892 ,
0 ,
0.4098259114 ,
1.0758920561 ,
1.3526877853 ,
0 ,
0.5419420934 ,
0.9473001609 ,
1.2401989123 ,
0 ,
0.3401716524 ,
0.4410187288 ,
0.6137359648 ,
0 ,
0.1889020573 ,
0.1004238698 ,
0.246895216 ,
0 ,
0.1430486787 ,
0.0191868644 ,
0.0474354605 ,
0 ,
-0.000458598 ,
-0.079472089 ,
-0.236423701 ,
0 ,
0 ,
0 ,
0 ,
0 ,
0.2308335545 ,
0.6131420212 ,
0.7337135224 ,
0 ,
0.573359534 ,
0.9263010427 ,
1.4562867548 ,
0 ,
0.617546006 ,
0.86447053 ,
1.293487503 ,
0 ,
0.6020047686 ,
1.0403690844 ,
1.0701554125 ,
0 ,
0.687743804 ,
1.0868400056 ,
1.1389101468 ,
0 ,
0.7697978293 ,
1.3623388746 ,
1.6088958096 ,
0 ,
0.3548031907 ,
0.9398361345 ,
1.2097433237 ,
0 ,
0.5260326583 ,
0.798444693 ,
1.1264741954 ,
0 ,
0.1744897323 ,
0.182066492 ,
0.3904666727 ,
0 ,
0.0639860796 ,
-0.165319962 ,
0.091476484 ,
0 ,
0.0152151075 ,
-0.100937128 ,
-0.006415205 ,
0 ,
-0.11697733 ,
-0.274579405 ,
-0.243307785 ,
0 ,
0 ,
0 ,
0 ,
0 ,
0.2681994728 ,
0.422882484 ,
0.5207694635 ,
0 ,
0.6278201796 ,
1.0342557811 ,
1.699334355 ,
0 ,
0.6708700428 ,
0.8192449918 ,
1.3764745977 ,
0 ,
0.7064795427 ,
1.1234088087 ,
1.1225814649 ,
0 ,
0.7935399534 ,
1.1344523818 ,
1.2242508112 ,
0 ,
0.9172658753 ,
1.4632221141 ,
1.6988345967 ,
0 ,
0.5375890071 ,
1.09307166 ,
1.3456484414 ,
0 ,
0.6004167048 ,
0.7268470184 ,
1.1742021149 ,
0 ,
0.1813535291 ,
0.0883236781 ,
0.2991586327 ,
0 ,
0.1892226283 ,
-0.263453564 ,
0.1018461179 ,
0 ,
0.0972884824 ,
-0.211191887 ,
-0.014924307 ,
0 ,
-0.006375029 ,
-0.226846094 ,
-0.15847053 ,
0 ,
0 ,
0 ,
0 ,
0 ,
0.2041033936 ,
0.6130809406 ,
0.5823787399 ,
0 ,
0.5366728698 ,
0.9474988171 ,
1.4743073757 ,
0 ,
0.6148308455 ,
0.9183844938 ,
1.2499801495 ,
0 ,
0.5632228949 ,
0.9554768839 ,
1.1774768979 ,
0 ,
0.6859247694 ,
1.2019255104 ,
1.3449557844 ,
0 ,
0.6952533295 ,
1.2576208743 ,
1.5697346931 ,
0 ,
0.4354987193 ,
1.2569354751 ,
1.6429479548 ,
0 ,
0.4702952077 ,
0.908865976 ,
1.3660972141 ,
0 ,
0.3354578225 ,
0.4633477136 ,
0.8026356748 ,
0 ,
0.1763244964 ,
0.1094782934 ,
0.2798448056 ,
0 ,
0.1698371522 ,
0.1934832345 ,
0.1245145648 ,
0 ,
0.1415370504 ,
0.0859520975 ,
-0.143763544 ,
0 ,
0 ,
0 ,
0 ,
0 ,
0.4023269625 ,
0.6455827719 ,
0.9108987975 ,
0 ,
0.5330656159 ,
0.8759012092 ,
1.5614389777 ,
0 ,
0.6393141227 ,
0.9172117022 ,
1.4360365165 ,
0 ,
0.5624688761 ,
0.9397928005 ,
1.233777691 ,
0 ,
0.605379602 ,
1.0361620991 ,
1.2441163058 ,
0 ,
0.8197515636 ,
1.3100939244 ,
1.7470293635 ,
0 ,
0.3380316833 ,
1.0495100888 ,
1.5488775857 ,
0 ,
0.4927508449 ,
0.6499506128 ,
1.242705904 ,
0 ,
0.1873895102 ,
0.1124407284 ,
0.5742760617 ,
0 ,
0.0577473081 ,
-0.305428213 ,
0.0888120531 ,
0 ,
-0.002191628 ,
-0.110489039 ,
-0.08025616 ,
0 ,
-0.056558228 ,
-0.205119406 ,
-0.159048841 ,
0 ,
0 ,
0 ,
0 ,
0 ,
1.0634202048 ,
1.071765314 ,
1.2359616507 ,
0 ,
0.5195388943 ,
0.8166334392 ,
1.5503292264 ,
0 ,
0.5059969661 ,
0.5820074858 ,
1.2223633415 ,
0 ,
0.5869431386 ,
0.8663710266 ,
1.2336634527 ,
0 ,
0.6081537809 ,
0.8857746176 ,
1.1976806089 ,
0 ,
0.9111306029 ,
1.2757923767 ,
1.6795693847 ,
0 ,
0.3648735926 ,
1.0366970213 ,
1.499919142 ,
0 ,
0.5357486791 ,
0.3713009296 ,
1.1565116985 ,
0 ,
0.090335662 ,
-0.152418031 ,
0.3303264312 ,
0 ,
0.0819736089 ,
-0.667666377 ,
-0.209300391 ,
0 ,
-0.009671922 ,
-0.270491938 ,
-0.24732838 ,
0 ,
0.0308139633 ,
-0.314022602 ,
-0.024625535 ,
0 ,
0 ,
0 ,
0 ,
0 ,
0.1331332705 ,
0.7052470326 ,
0.5798042636 ,
0 ,
0.4021050325 ,
0.9876567802 ,
1.4258202815 ,
0 ,
0.4566867639 ,
0.9458679426 ,
1.2761553361 ,
0 ,
0.5160165791 ,
1.0819406971 ,
1.2084586847 ,
0 ,
0.5723695248 ,
1.0815661455 ,
1.1574081897 ,
0 ,
0.5110874263 ,
1.2809642745 ,
1.5135356416 ,
0 ,
0.3501752059 ,
1.1074416481 ,
1.3832562967 ,
0 ,
0.4444899481 ,
1.0693272449 ,
1.3794779505 ,
0 ,
0.1442745105 ,
0.3412037308 ,
0.6359768135 ,
0 ,
0.1420075817 ,
0.2061387931 ,
0.3944373767 ,
0 ,
0.0871942961 ,
0.1469859688 ,
0.2294616946 ,
0 ,
-0.050621569 ,
0.11977936 ,
0.0730472926 ,
0 ,
0 ,
0 ,
0 ,
0 ,
0.106235088 ,
0.547973136 ,
0.3042803816 ,
0 ,
0.4999371496 ,
0.9830542812 ,
1.3579666524 ,
0 ,
0.5532257261 ,
0.9374871983 ,
1.2078370919 ,
0 ,
0.5102250102 ,
1.0927928655 ,
0.9686867443 ,
0 ,
0.6184149809 ,
1.1084454761 ,
0.976801873 ,
0 ,
0.6447805193 ,
1.4071014419 ,
1.5102322179 ,
0 ,
0.2784565245 ,
0.948767643 ,
1.0394127232 ,
0 ,
0.4204458875 ,
0.9020842102 ,
1.048830939 ,
0 ,
-0.019927609 ,
0.0216342531 ,
0.1299623233 ,
0 ,
-0.025844617 ,
-0.096813928 ,
-0.052757715 ,
0 ,
-0.050211132 ,
-0.031916892 ,
-0.100655282 ,
0 ,
-0.18984529 ,
-0.115443772 ,
-0.201155726 ,
0 ,
0 ,
0 ,
0 ,
0 ,
-0.198210574 ,
-0.174943148 ,
-0.201943312 ,
0 ,
0.491063628 ,
1.0676571959 ,
1.4967690151 ,
0 ,
0.5296028683 ,
0.8578069449 ,
1.2720558077 ,
0 ,
0.5422551315 ,
1.0840227612 ,
0.9232276231 ,
0 ,
0.6597405547 ,
1.0504085956 ,
1.0277543184 ,
0 ,
0.6223202336 ,
1.3355266325 ,
1.4119653489 ,
0 ,
0.4232364131 ,
1.0620559738 ,
1.1855824513 ,
0 ,
0.4860319663 ,
0.8206175425 ,
1.090296959 ,
0 ,
-0.155573738 ,
-0.166838775 ,
-0.086825168 ,
0 ,
0.0637928423 ,
-0.31176909 ,
-0.026565261 ,
0 ,
-0.07297176 ,
-0.252374082 ,
-0.189229809 ,
0 ,
-0.130125005 ,
-0.123449905 ,
-0.132902813 ,
0 ,
0 ,
0 ,
0 ,
0 ,
0.0974731609 ,
0.4876738222 ,
0.3226836296 ,
0 ,
0.4042874723 ,
0.8247517997 ,
1.005717332 ,
0 ,
0.418957305 ,
0.7835410621 ,
0.915624329 ,
0 ,
0.482069872 ,
0.8653910944 ,
0.8411051912 ,
0 ,
0.5311661999 ,
0.9813519944 ,
0.8852617092 ,
0 ,
0.542489728 ,
1.2491691366 ,
1.2359655347 ,
0 ,
0.3046909453 ,
1.0265620065 ,
1.080643984 ,
0 ,
0.435875073 ,
0.8286040801 ,
0.9246508746 ,
0 ,
0.2925063594 ,
0.477270188 ,
0.4368373502 ,
0 ,
0.1526495814 ,
0.1323398441 ,
0.0072832324 ,
0 ,
0.2050246827 ,
0.1008524525 ,
-0.184424349 ,
0 ,
0.0051517232 ,
-0.121297601 ,
-0.353749014 ,
0 ,
0 ,
0 ,
0 ,
0 ,
0.115365236 ,
0.294924171 ,
0.4848744619 ,
0 ,
0.5083715513 ,
0.8935306902 ,
1.2723127356 ,
0 ,
0.4663025627 ,
0.7203054183 ,
0.9704309164 ,
0 ,
0.5532788737 ,
0.9553020181 ,
0.9122960704 ,
0 ,
0.5892733202 ,
0.997267214 ,
0.9074630107 ,
0 ,
0.6539546863 ,
1.3254252122 ,
1.3884822789 ,
0 ,
0.2733273381 ,
0.8651627197 ,
0.9543249122 ,
0 ,
0.4963822596 ,
0.7099041171 ,
0.8626840181 ,
0 ,
0.1948978554 ,
0.2884952895 ,
0.2922775514 ,
0 ,
0.0517844309 ,
-0.123881065 ,
-0.110748383 ,
0 ,
0.0153724092 ,
-0.071820282 ,
-0.21798145 ,
0 ,
-0.136406826 ,
-0.349793046 ,
-0.296907323 ,
0 ,
0 ,
0 ,
0 ,
0 ,
-0.031124575 ,
0.0171433012 ,
0.5366072891 ,
0 ,
0.3717239537 ,
0.7468644856 ,
1.0862432529 ,
0 ,
0.3350908226 ,
0.4801399303 ,
0.5995058156 ,
0 ,
0.460035507 ,
0.8888024313 ,
0.7315116092 ,
0 ,
0.5532166292 ,
0.8542806724 ,
0.702487548 ,
0 ,
0.6943353626 ,
1.2770073482 ,
1.188940356 ,
0 ,
0.2702068821 ,
0.8439497372 ,
0.8057193108 ,
0 ,
0.3621903479 ,
0.4759081392 ,
0.5751013119 ,
0 ,
-0.003111719 ,
-0.065242386 ,
-0.138558685 ,
0 ,
0.0761114814 ,
-0.301477634 ,
-0.305568343 ,
0 ,
0.145007915 ,
-0.104059205 ,
-0.279097202 ,
0 ,
-0.059962505 ,
-0.499668923 ,
-0.383771866 ,
0 ,
0 ,
0 ,
0 ,
0 ,
0.1838351786 ,
0.5676855455 ,
0.5914217982 ,
0 ,
0.5714669914 ,
0.8073899309 ,
1.340227099 ,
0 ,
0.5898102489 ,
0.6630705939 ,
1.2283522578 ,
0 ,
0.7697505879 ,
0.9461915802 ,
1.2167315894 ,
0 ,
0.8184084316 ,
0.9967003181 ,
1.2379068442 ,
0 ,
0.775400482 ,
1.084293449 ,
1.4923462929 ,
0 ,
0.5792657998 ,
0.9748306856 ,
1.4897841973 ,
0 ,
0.6630939079 ,
0.8705838852 ,
1.4148973432 ,
0 ,
0.5267250586 ,
0.2971729102 ,
0.7866600751 ,
0 ,
0.2434664661 ,
-0.043431125 ,
0.4814958251 ,
0 ,
0.2841167164 ,
-0.159315552 ,
0.0331109728 ,
0 ,
0.0995375162 ,
-0.328986784 ,
-0.391468091 ,
0 ,
0 ,
0 ,
0 ,
0 ,
0.4117722499 ,
0.7527409374 ,
1.1701426407 ,
0 ,
0.6892180309 ,
0.8855263896 ,
1.5320137863 ,
0 ,
0.7587158367 ,
0.7119845253 ,
1.3974621085 ,
0 ,
0.8751214351 ,
1.1172136583 ,
1.2828665035 ,
0 ,
0.9038230271 ,
1.0630604154 ,
1.3043117623 ,
0 ,
0.8540915715 ,
1.1561478318 ,
1.6462096372 ,
0 ,
0.5645639721 ,
0.8503259741 ,
1.3356016475 ,
0 ,
0.6805608401 ,
0.7536047726 ,
1.3969270458 ,
0 ,
0.3649585799 ,
0.0519497825 ,
0.5885917843 ,
0 ,
0.0883608144 ,
-0.434715377 ,
0.267797942 ,
0 ,
0.2293966974 ,
-0.304151524 ,
-0.000467834 ,
0 ,
-0.024459534 ,
-0.607151518 ,
-0.270856292 ,
0 ,
0 ,
0 ,
0 ,
0 ,
0.4801932693 ,
0.4631158279 ,
1.0459983441 ,
0 ,
0.6298998876 ,
0.8120072264 ,
1.8729354688 ,
0 ,
0.8216643462 ,
0.5963782223 ,
1.6461779248 ,
0 ,
0.9981236459 ,
1.1706518641 ,
1.5548920712 ,
0 ,
1.0686310255 ,
1.1456076008 ,
1.6569147052 ,
0 ,
1.0812256062 ,
1.2824976185 ,
1.9840405206 ,
0 ,
0.7107724252 ,
0.9244374936 ,
1.6419577388 ,
0 ,
0.7152444349 ,
0.5435118209 ,
1.6469294034 ,
0 ,
0.3227778348 ,
-0.1201588 ,
0.7821912738 ,
0 ,
0.1542908981 ,
-0.604945875 ,
0.6135589803 ,
0 ,
0.326958379 ,
-0.499075895 ,
0.17082203 ,
0 ,
0.0963545755 ,
-0.717289583 ,
0.2187358153 ,
0 ,
0 ,
0 ,
0 ,
0 ,
0.0861160128 ,
0.6986521803 ,
0.5038515224 ,
0 ,
0.4411975472 ,
0.9723761886 ,
1.4193383328 ,
0 ,
0.4254963546 ,
0.8034232851 ,
1.0732034128 ,
0 ,
0.4835836782 ,
0.9530855822 ,
0.9861235829 ,
0 ,
0.68774338 ,
1.1517364055 ,
1.235652976 ,
0 ,
0.6375366453 ,
1.3491867963 ,
1.4854843928 ,
0 ,
0.4936253115 ,
1.1833167193 ,
1.4694475778 ,
0 ,
0.4696551465 ,
0.9558715805 ,
1.2025134433 ,
0 ,
0.2753863408 ,
0.509784222 ,
0.7118963175 ,
0 ,
0.2331722172 ,
0.2540729624 ,
0.2869735003 ,
0 ,
0.0982956363 ,
0.0274479262 ,
0.0482443424 ,
0 ,
-0.112712427 ,
-0.14080352 ,
-0.321435832 ,
0 ,
0 ,
0 ,
0 ,
0 ,
0.1454058607 ,
0.4771045186 ,
0.5175456652 ,
0 ,
0.5150180127 ,
0.9381552181 ,
1.4263588945 ,
0 ,
0.5785130696 ,
0.8364033024 ,
1.1338947859 ,
0 ,
0.5501692586 ,
1.0031682314 ,
0.8615026342 ,
0 ,
0.7215166793 ,
1.1714566721 ,
1.1321913208 ,
0 ,
0.7730663054 ,
1.4071027941 ,
1.4553440705 ,
0 ,
0.4268025583 ,
1.0517118163 ,
1.1235269717 ,
0 ,
0.4401542307 ,
0.7478677162 ,
0.9147957965 ,
0 ,
0.1330915035 ,
0.2512706974 ,
0.4009156182 ,
0 ,
0.1088438675 ,
-0.020253796 ,
0.0475228303 ,
0 ,
-0.063902157 ,
-0.176302853 ,
-0.130558531 ,
0 ,
-0.185293188 ,
-0.358673907 ,
-0.433273791 ,
0 ,
0 ,
0 ,
0 ,
0 ,
-0.240011302 ,
0.1803611961 ,
0.2625069544 ,
0 ,
0.7493522346 ,
0.9779483822 ,
1.7573045368 ,
0 ,
0.7181830161 ,
0.8369234705 ,
1.3063182581 ,
0 ,
0.7722143429 ,
1.1634307224 ,
0.9966119251 ,
0 ,
0.9236841046 ,
1.2784505108 ,
1.3048541188 ,
0 ,
0.993496196 ,
1.5041396208 ,
1.5687208224 ,
0 ,
0.7402318262 ,
1.2092243827 ,
1.3095971257 ,
0 ,
0.6418051286 ,
0.7037197427 ,
1.0435278188 ,
0 ,
0.3089796408 ,
0.2635224969 ,
0.5109902531 ,
0 ,
0.3879610913 ,
-0.074125999 ,
0.0710489634 ,
0 ,
0.0815188733 ,
-0.26651998 ,
-0.081016587 ,
0 ,
-0.031398441 ,
-0.298470073 ,
-0.273460351 ,
0 ,
0 ,
0 ,
0 ,
0 ,
0.1094931242 ,
0.4640109329 ,
0.4072204256 ,
0 ,
0.459687094 ,
0.8242755071 ,
1.2358593314 ,
0 ,
0.5127033986 ,
0.7706752505 ,
1.148368334 ,
0 ,
0.5432888263 ,
0.7979830088 ,
1.0750077939 ,
0 ,
0.6648263647 ,
0.9427114493 ,
1.1538188346 ,
0 ,
0.6718822068 ,
1.1407658938 ,
1.3556932454 ,
0 ,
0.4086399676 ,
0.9250945451 ,
1.3522060135 ,
0 ,
0.4803422012 ,
0.8471622692 ,
1.2041051982 ,
0 ,
0.2594855271 ,
0.3265555421 ,
0.5277095883 ,
0 ,
0.2123378341 ,
0.1031256401 ,
0.1687304092 ,
0 ,
0.1120620507 ,
-0.078688746 ,
-0.218979116 ,
0 ,
0.0214313659 ,
-0.023787309 ,
-0.378819658 ,
0 ,
0 ,
0 ,
0 ,
0 ,
0.1712870661 ,
0.3562690527 ,
0.7485591858 ,
0 ,
0.535251717 ,
0.807821178 ,
1.6193557634 ,
0 ,
0.6084142048 ,
0.7087842389 ,
1.4245215176 ,
0 ,
0.6130103884 ,
0.9075850098 ,
1.3015417413 ,
0 ,
0.7090530856 ,
0.9632119712 ,
1.3965101192 ,
0 ,
0.7643062703 ,
1.1521044378 ,
1.6381750593 ,
0 ,
0.3804261651 ,
0.791769079 ,
1.459792999 ,
0 ,
0.4335473176 ,
0.6329462895 ,
1.2876204045 ,
0 ,
0.1164366979 ,
0.0539413631 ,
0.4995814342 ,
0 ,
0.0791483362 ,
-0.165055875 ,
0.2583482869 ,
0 ,
0.0514582823 ,
-0.217546415 ,
-0.100619405 ,
0 ,
-0.129042624 ,
-0.174885087 ,
-0.211734009 ,
0 ,
0 ,
0 ,
0 ,
0 ,
0.1358189399 ,
-0.178439161 ,
0.2990392309 ,
0 ,
0.6537516811 ,
0.9239587344 ,
2.2125098781 ,
0 ,
0.7546677982 ,
0.651280776 ,
1.9246200503 ,
0 ,
0.9323526321 ,
1.0238536299 ,
1.7458891755 ,
0 ,
0.9417194172 ,
1.019949878 ,
1.8258364806 ,
0 ,
1.0280279781 ,
1.2580106837 ,
2.0279940819 ,
0 ,
0.644753093 ,
0.9553936737 ,
1.9033689257 ,
0 ,
0.6262940244 ,
0.6498682612 ,
1.7601987979 ,
0 ,
0.2307542854 ,
-0.119480813 ,
0.6746465298 ,
0 ,
0.2710349036 ,
-0.189659791 ,
0.5796542906 ,
0 ,
0.1655658681 ,
-0.42333899 ,
0.2823052181 ,
0 ,
0.0131045337 ,
-0.148687506 ,
0.1886317618 ,
0 ,
0 ,
0 ,
0 ,
0 ,
0.0122451209 ,
0.5856380356 ,
0.3337581474 ,
0 ,
0.4007203136 ,
0.9304887515 ,
1.0306641258 ,
0 ,
0.3720585438 ,
0.7274181129 ,
0.9157901051 ,
0 ,
0.5223763186 ,
0.9766467448 ,
0.9050062761 ,
0 ,
0.5597689469 ,
1.0978490817 ,
0.9942002946 ,
0 ,
0.4565666607 ,
1.1684075662 ,
1.1494174101 ,
0 ,
0.3730766709 ,
1.0586225431 ,
1.1643450824 ,
0 ,
0.3524519867 ,
0.8602934287 ,
0.9090945472 ,
0 ,
0.1827519562 ,
0.4686528895 ,
0.3625905514 ,
0 ,
0.057704669 ,
0.1818685688 ,
0.0425808092 ,
0 ,
0.0149412699 ,
0.0417809096 ,
-0.191711925 ,
0 ,
-0.094743872 ,
-0.010789405 ,
-0.17850095 ,
0 ,
0 ,
0 ,
0 ,
0 ,
0.0372847546 ,
0.6731521915 ,
0.4975932975 ,
0 ,
0.4870567819 ,
1.0416076983 ,
1.2388769842 ,
0 ,
0.4367505455 ,
0.7725815434 ,
1.0777697509 ,
0 ,
0.5282261804 ,
1.1249568126 ,
0.9882449061 ,
0 ,
0.5511257034 ,
1.1961243351 ,
1.0669844363 ,
0 ,
0.5866851284 ,
1.3423097787 ,
1.4065444789 ,
0 ,
0.3094306852 ,
1.0046868179 ,
1.1095756694 ,
0 ,
0.3316811302 ,
0.8276415301 ,
0.880193442 ,
0 ,
0.1016482506 ,
0.2809479337 ,
0.1950995053 ,
0 ,
-0.143528575 ,
-0.106873324 ,
-0.1674764 ,
0 ,
-0.184688939 ,
-0.001165966 ,
-0.211978902 ,
0 ,
-0.158672372 ,
-0.105583122 ,
-0.083128526 ,
0 ,
0 ,
0 ,
0 ,
0 ,
0.402531932 ,
0.6565081352 ,
0.6978972582 ,
0 ,
0.6009437263 ,
1.2541934288 ,
1.6654953918 ,
0 ,
0.5061272852 ,
0.8022207774 ,
1.2988819889 ,
0 ,
0.7798217322 ,
1.3582803489 ,
1.2192096505 ,
0 ,
0.6794748973 ,
1.2832901315 ,
1.2025960679 ,
0 ,
0.8044790668 ,
1.5230249735 ,
1.5801035296 ,
0 ,
0.5862340176 ,
1.2471742494 ,
1.3395582144 ,
0 ,
0.5470136082 ,
0.846046507 ,
1.0314422677 ,
0 ,
0.1498202582 ,
0.2076484697 ,
0.1142271306 ,
0 ,
0.0259778589 ,
-0.106267232 ,
-0.055731978 ,
0 ,
-0.001252869 ,
0.1211574719 ,
-0.104142112 ,
0 ,
-0.063597087 ,
-0.094516792 ,
0.1848608085 ,
0 ,
0 ,
0 ,
0 ,
0 ,
0.177350423 ,
0.6932777787 ,
0.8157508495 ,
0 ,
0.4327659695 ,
1.0144314645 ,
1.5755543609 ,
0 ,
0.5283833138 ,
1.0000290549 ,
1.4016420903 ,
0 ,
0.6103115206 ,
1.1286494312 ,
1.3801873386 ,
0 ,
0.715536773 ,
1.2380080167 ,
1.3910653756 ,
0 ,
0.6759109004 ,
1.437651755 ,
1.7933033309 ,
0 ,
0.4783983296 ,
1.2975501414 ,
1.6551975623 ,
0 ,
0.5990689604 ,
1.0960528663 ,
1.4599025464 ,
0 ,
0.4462101945 ,
0.5670175032 ,
0.8993845528 ,
0 ,
0.1989096577 ,
0.1901202534 ,
0.5076372881 ,
0 ,
0.3700723266 ,
0.268552264 ,
0.4594043325 ,
0 ,
0.0904376706 ,
-0.092046049 ,
-0.282482876 ,
0 ,
0 ,
0 ,
0 ,
0 ,
0.1148825003 ,
0.6643922918 ,
1.0637896253 ,
0 ,
0.4774161751 ,
0.9884347092 ,
1.6842494095 ,
0 ,
0.7157767676 ,
1.0520000731 ,
1.604171927 ,
0 ,
0.6764759234 ,
1.2203768773 ,
1.4171860865 ,
0 ,
0.7707543278 ,
1.3011236901 ,
1.4514830218 ,
0 ,
0.9006407709 ,
1.5695554204 ,
2.0768223898 ,
0 ,
0.5115963408 ,
1.1783265802 ,
1.5554954653 ,
0 ,
0.646006283 ,
0.9578797029 ,
1.4285800021 ,
0 ,
0.3261408114 ,
0.3387499552 ,
0.7538967051 ,
0 ,
0.073003557 ,
-0.092636628 ,
0.3069982755 ,
0 ,
0.2551668923 ,
0.1393210796 ,
0.4875728744 ,
0 ,
0.0151070806 ,
-0.324325932 ,
-0.206725386 ,
0 ,
0 ,
0 ,
0 ,
0 ,
-0.068171054 ,
-0.197321851 ,
0.1513508896 ,
0 ,
0.4925374491 ,
1.0369984836 ,
1.7973169479 ,
0 ,
0.7049843317 ,
0.862737851 ,
1.4832415354 ,
0 ,
0.7414107577 ,
1.2091615531 ,
1.3918450341 ,
0 ,
0.841762118 ,
1.3570873241 ,
1.4899012295 ,
0 ,
1.0993649521 ,
1.646945361 ,
2.0584947292 ,
0 ,
0.7176444476 ,
1.2820628694 ,
1.6142103466 ,
0 ,
0.6094525093 ,
0.7300790087 ,
1.3389542385 ,
0 ,
0.2986521941 ,
0.2041111419 ,
0.5608739086 ,
0 ,
0.1086046377 ,
-0.340657762 ,
0.0574230338 ,
0 ,
0.3379837826 ,
0.0517999301 ,
0.4223104048 ,
0 ,
0.0903368455 ,
-0.41386565 ,
-0.391581257 ,
0 ,
0 ,
0 ,
0 ,
0 ,
0.3166996704 ,
0.8457167453 ,
0.4367555755 ,
0 ,
0.6434601022 ,
1.0443722022 ,
1.1356143206 ,
0 ,
0.6678309542 ,
1.0125950879 ,
0.9113765859 ,
0 ,
0.6889000063 ,
1.0950861629 ,
0.9267883719 ,
0 ,
0.7563059361 ,
1.2869704459 ,
0.9848521288 ,
0 ,
0.7106032989 ,
1.4131334566 ,
1.257920144 ,
0 ,
0.5491030115 ,
1.3142783752 ,
1.2008806337 ,
0 ,
0.6926064914 ,
1.1451331871 ,
1.126474953 ,
0 ,
0.4288559848 ,
0.6900164788 ,
0.6089609253 ,
0 ,
0.2663227254 ,
0.3380526174 ,
0.1030440833 ,
0 ,
0.3479031628 ,
0.4248460367 ,
0.0975328414 ,
0 ,
0.1563435682 ,
0.1841652025 ,
-0.481216112 ,
0 ,
0 ,
0 ,
0 ,
0 ,
0.4683014093 ,
0.8504169598 ,
0.6430157545 ,
0 ,
0.8500170685 ,
1.0887501064 ,
1.4873207993 ,
0 ,
0.9432453896 ,
1.0931679289 ,
1.2936548531 ,
0 ,
0.8277575088 ,
1.2092979913 ,
1.1360736104 ,
0 ,
0.8428197162 ,
1.3669817014 ,
1.162272724 ,
0 ,
0.9165648546 ,
1.5204878684 ,
1.5220572407 ,
0 ,
0.539705915 ,
1.1585204389 ,
1.1832794422 ,
0 ,
0.7461185261 ,
1.0199913598 ,
1.2346841366 ,
0 ,
0.4424811703 ,
0.4786229948 ,
0.6205526303 ,
0 ,
0.2279090808 ,
0.0796825198 ,
0.1411835071 ,
0 ,
0.3140764995 ,
0.3292272603 ,
0.3182892487 ,
0 ,
0.1185819299 ,
0.0432553055 ,
-0.259007054 ,
0 ,
0 ,
0 ,
0 ,
0 ,
0.6374941644 ,
0.9929798426 ,
0.291689397 ,
0 ,
0.9153817605 ,
1.1943248582 ,
1.6499672755 ,
0 ,
1.0213479227 ,
0.9064151746 ,
1.1974032376 ,
0 ,
0.9266197511 ,
1.2732848381 ,
1.1449659972 ,
0 ,
0.979495484 ,
1.3573559053 ,
1.1527860069 ,
0 ,
1.128096526 ,
1.571608298 ,
1.5357123139 ,
0 ,
0.8002473299 ,
1.2233654997 ,
1.2351505197 ,
0 ,
0.8396946764 ,
0.9182983545 ,
1.2526736696 ,
0 ,
0.4972475157 ,
0.390913952 ,
0.5164379334 ,
0 ,
0.3434795505 ,
-0.130863166 ,
0.0758884192 ,
0 ,
0.3752152842 ,
0.0170548529 ,
0.1045609035 ,
0 ,
0.2430741766 ,
0.0545080319 ,
-0.340247381 ,
0 ,
0 ,
0 ,
0 ,
0 ,
0.194483218 ,
0.540205864 ,
0.5624519194 ,
0 ,
0.3714471443 ,
0.729148906 ,
1.1890941471 ,
0 ,
0.4383437433 ,
0.7020460227 ,
1.1533982149 ,
0 ,
0.403803382 ,
0.6900989061 ,
0.9418264271 ,
0 ,
0.6865109203 ,
0.9394959278 ,
1.1702493921 ,
0 ,
0.5321350033 ,
1.06339977 ,
1.4079314813 ,
0 ,
0.335434188 ,
1.0626893011 ,
1.3907685922 ,
0 ,
0.503381135 ,
0.8596675012 ,
1.2556920071 ,
0 ,
0.1998704595 ,
0.1772541702 ,
0.5539223232 ,
0 ,
0.1339722239 ,
-0.007379747 ,
0.3062597493 ,
0 ,
0.0372247617 ,
-0.145321407 ,
-0.022390133 ,
0 ,
0.0378549854 ,
-0.216564213 ,
-0.08569348 ,
0 ,
0 ,
0 ,
0 ,
0 ,
0.2091697748 ,
0.3542385952 ,
0.5805206349 ,
0 ,
0.4056250108 ,
0.6230156647 ,
1.2828767811 ,
0 ,
0.5571925908 ,
0.6680791784 ,
1.2499322633 ,
0 ,
0.4370157285 ,
0.755989939 ,
0.841468175 ,
0 ,
0.6357437465 ,
0.8518759233 ,
1.0434416626 ,
0 ,
0.6558706928 ,
1.0584621848 ,
1.4799146026 ,
0 ,
0.2368149621 ,
0.8224453266 ,
1.1872609037 ,
0 ,
0.5425134256 ,
0.5929533234 ,
1.0514911646 ,
0 ,
0.0541273005 ,
-0.169023484 ,
0.2254735042 ,
0 ,
0.0218755774 ,
-0.321233196 ,
0.0724435001 ,
0 ,
-0.059352262 ,
-0.336926529 ,
-0.202481166 ,
0 ,
-0.09221626 ,
-0.422090962 ,
-0.105614479 ,
0 ,
0 ,
0 ,
0 ,
0 ,
0.1401236344 ,
0.3537012088 ,
0.6906443265 ,
0 ,
0.5696233178 ,
0.8325628572 ,
1.6581004179 ,
0 ,
0.8293175839 ,
0.9044430545 ,
1.7494362011 ,
0 ,
0.6359039198 ,
1.0259522129 ,
1.1159090422 ,
0 ,
0.831557601 ,
1.1060313606 ,
1.4530525483 ,
0 ,
0.8603788713 ,
1.2552817411 ,
1.8133828664 ,
0 ,
0.5109381573 ,
1.1550964321 ,
1.6569692404 ,
0 ,
0.5901339226 ,
0.4467915154 ,
1.1215510151 ,
0 ,
0.104352037 ,
-0.104348561 ,
0.4150969229 ,
0 ,
0.2394206542 ,
-0.352592449 ,
0.2102095179 ,
0 ,
0.0139224258 ,
-0.393973099 ,
-0.161710366 ,
0 ,
0.0933321192 ,
-0.193726479 ,
0.2625524953 ,
0 ,
0 ,
0 ,
0 ,
0 ,
0.2419569185 ,
0.578120455 ,
0.6762608972 ,
0 ,
0.4471718579 ,
0.8757495806 ,
1.3424087085 ,
0 ,
0.6233089642 ,
0.9532277777 ,
1.3452220951 ,
0 ,
0.6433133949 ,
1.0128635239 ,
1.1648663699 ,
0 ,
0.7261219762 ,
1.059931042 ,
1.1906809397 ,
0 ,
0.6018135886 ,
1.2321216728 ,
1.507041052 ,
0 ,
0.4344974521 ,
1.1099399107 ,
1.4972940188 ,
0 ,
0.6337864788 ,
1.0089120759 ,
1.4675612757 ,
0 ,
0.3212898211 ,
0.4290675227 ,
0.7672008353 ,
0 ,
0.3423489446 ,
0.216090144 ,
0.4926654495 ,
0 ,
0.282686424 ,
0.0637360682 ,
0.260858936 ,
0 ,
0.1753482449 ,
0.0586222395 ,
-0.129367829 ,
0 ,
0 ,
0 ,
0 ,
0 ,
0.2192801508 ,
0.5076765725 ,
0.8268496059 ,
0 ,
0.4840805956 ,
0.8230002595 ,
1.3202431492 ,
0 ,
0.6857345603 ,
0.9039227759 ,
1.3846774843 ,
0 ,
0.5625164955 ,
0.9736034548 ,
1.0631149992 ,
0 ,
0.7098233718 ,
1.0135202229 ,
1.0794942304 ,
0 ,
0.7092247481 ,
1.2385325052 ,
1.6010914167 ,
0 ,
0.3315597489 ,
0.8451418128 ,
1.187991519 ,
0 ,
0.621961196 ,
0.7931874884 ,
1.2587723093 ,
0 ,
0.0166732932 ,
-0.027041892 ,
0.3603902275 ,
0 ,
0.127903076 ,
-0.180478418 ,
0.1521495996 ,
0 ,
0.0874012908 ,
-0.194392484 ,
0.1292140046 ,
0 ,
0.0269855043 ,
-0.251732457 ,
-0.302388861 ,
0 ,
0 ,
0 ,
0 ,
0 ,
0.1790893628 ,
0.1493244332 ,
0.2762380092 ,
0 ,
0.4731937929 ,
0.8300837137 ,
1.3824531081 ,
0 ,
0.6711620708 ,
0.7898225421 ,
1.2933340954 ,
0 ,
0.6721954806 ,
0.9529083677 ,
1.02579082 ,
0 ,
0.741486538 ,
0.8821745234 ,
0.9600954219 ,
0 ,
0.7614109108 ,
1.1626294601 ,
1.4516982804 ,
0 ,
0.4898421452 ,
0.8617831976 ,
1.1008762372 ,
0 ,
0.6825332828 ,
0.5727780239 ,
1.0802126646 ,
0 ,
-0.028442013 ,
-0.276765586 ,
0.0882149014 ,
0 ,
0.2195298204 ,
-0.295648787 ,
-0.086707172 ,
0 ,
0.1960017188 ,
-0.274043125 ,
-0.027316478 ,
0 ,
0.0237101029 ,
-0.588842495 ,
-0.574235297 ,
0 ,
0 ,
0 ,
0 ,
0 ,
0.2964196039 ,
0.6641692305 ,
0.3934584194 ,
0 ,
0.553409297 ,
0.8509894583 ,
1.1354031248 ,
0 ,
0.6755675222 ,
0.9224953562 ,
1.0968635021 ,
0 ,
0.6980503022 ,
0.9390563422 ,
1.040799261 ,
0 ,
0.8067811103 ,
1.0919609229 ,
1.0775444063 ,
0 ,
0.7019285919 ,
1.2604538458 ,
1.3924220128 ,
0 ,
0.652387302 ,
1.1467965934 ,
1.3733570769 ,
0 ,
0.5984906921 ,
0.871958591 ,
1.0697785381 ,
0 ,
0.4707764331 ,
0.4085710449 ,
0.522737175 ,
0 ,
0.2695929654 ,
0.0979488707 ,
0.1524122453 ,
0 ,
0.2909333997 ,
-0.004353864 ,
0.0319975068 ,
0 ,
0.0972070097 ,
-0.244003089 ,
-0.353019324 ,
0 ,
0 ,
0 ,
0 ,
0 ,
0.3265792298 ,
0.6901576168 ,
0.9084879299 ,
0 ,
0.6599031319 ,
0.8547608437 ,
1.4271635673 ,
0 ,
0.8293513846 ,
1.042959435 ,
1.4433179807 ,
0 ,
0.8361716926 ,
1.1334293161 ,
1.2397865722 ,
0 ,
0.8013540791 ,
1.1234841443 ,
1.2306012202 ,
0 ,
0.8092724849 ,
1.342324315 ,
1.6200937434 ,
0 ,
0.6100696291 ,
1.011906751 ,
1.3940555827 ,
0 ,
0.6022151499 ,
0.7291656158 ,
1.1038197851 ,
0 ,
0.3419390231 ,
0.1494243527 ,
0.3997173105 ,
0 ,
0.1613131902 ,
-0.167450553 ,
0.1346512962 ,
0 ,
0.1682631374 ,
-0.04385489 ,
0.134924248 ,
0 ,
-0.014651713 ,
-0.271571959 ,
-0.211236125 ,
0 ,
0 ,
0 ,
0 ,
0 ,
0.551263081 ,
0.8659162314 ,
0.7582842836 ,
0 ,
0.7801805568 ,
0.7985840781 ,
1.4654104327 ,
0 ,
0.8931996092 ,
0.8267553541 ,
1.3764118006 ,
0 ,
1.0449360112 ,
1.1161266125 ,
1.2342838783 ,
0 ,
0.9218576359 ,
1.0862720293 ,
1.2606246431 ,
0 ,
1.0309807701 ,
1.3583875315 ,
1.7309900809 ,
0 ,
0.7663253777 ,
1.031198805 ,
1.4318162806 ,
0 ,
0.6810696581 ,
0.6162813376 ,
1.0862554173 ,
0 ,
0.3801172513 ,
0.0222386504 ,
0.2473572006 ,
0 ,
0.3332683788 ,
-0.457943753 ,
0.0521902325 ,
0 ,
0.2812584095 ,
-0.238246291 ,
0.1171658178 ,
0 ,
0.0920455716 ,
-0.315782193 ,
-0.254541549 ,
0 ,
0 ,
0 ,
0 ,
0 ,
0.084004637 ,
0.6606301311 ,
0.6276681054 ,
0 ,
0.5207579789 ,
0.9416160039 ,
1.4731953844 ,
0 ,
0.4148245222 ,
0.8122644966 ,
1.2192462975 ,
0 ,
0.5041365401 ,
0.9377531232 ,
1.1524426081 ,
0 ,
0.6382158679 ,
1.1143378702 ,
1.2505953801 ,
0 ,
0.6498126874 ,
1.324186442 ,
1.5558520654 ,
0 ,
0.4653571502 ,
1.2388386805 ,
1.5534207537 ,
0 ,
0.4713977397 ,
1.0546039115 ,
1.4910760976 ,
0 ,
0.2474507449 ,
0.4730238303 ,
0.810495249 ,
0 ,
0.2165033905 ,
0.2725547141 ,
0.4381581139 ,
0 ,
0.1263860049 ,
0.0704056191 ,
0.3292592945 ,
0 ,
-0.074108353 ,
-0.008586386 ,
-0.099480184 ,
0 ,
0 ,
0 ,
0 ,
0 ,
0.1906951391 ,
0.7781553515 ,
0.8933677805 ,
0 ,
0.6316180653 ,
1.0229310967 ,
1.6571688746 ,
0 ,
0.4175126672 ,
0.7665528593 ,
1.1324133134 ,
0 ,
0.5219924115 ,
1.0248567663 ,
1.0564688527 ,
0 ,
0.534967039 ,
1.0554350318 ,
1.1111390588 ,
0 ,
0.7288507914 ,
1.3686945556 ,
1.5726550569 ,
0 ,
0.3442760675 ,
1.1032359943 ,
1.334910794 ,
0 ,
0.4057853134 ,
0.8946263313 ,
1.3042298564 ,
0 ,
0.0804907403 ,
0.237569359 ,
0.5161893978 ,
0 ,
0.0913313974 ,
0.0041965502 ,
0.191209463 ,
0 ,
-0.036225733 ,
-0.108045455 ,
0.1544945296 ,
0 ,
-0.222711559 ,
-0.293592343 ,
-0.309161456 ,
0 ,
0 ,
0 ,
0 ,
0 ,
0.2970666468 ,
0.6630026306 ,
0.6458041173 ,
0 ,
0.5309341275 ,
0.9636207559 ,
1.8353588664 ,
0 ,
0.364885486 ,
0.5641895979 ,
1.1700902215 ,
0 ,
0.4942670032 ,
1.0247540198 ,
1.1546872457 ,
0 ,
0.4380487882 ,
1.0475699073 ,
1.1548200831 ,
0 ,
0.7175843861 ,
1.4018857931 ,
1.7005088052 ,
0 ,
0.4174841529 ,
1.174132026 ,
1.493593484 ,
0 ,
0.3457356131 ,
0.6690918398 ,
1.3709442885 ,
0 ,
-0.017014675 ,
0.1022003693 ,
0.5526382573 ,
0 ,
0.0894194698 ,
-0.236911961 ,
0.2784508687 ,
0 ,
-0.053446574 ,
-0.286257801 ,
0.1198121385 ,
0 ,
-0.349369884 ,
-0.358065606 ,
-0.204783891 ,
0 ,
0 ,
0 ,
0 ,
0 ,
0.2448420811 ,
0.8574775844 ,
0.5915643286 ,
0 ,
0.456086591 ,
0.9248817194 ,
1.1832382341 ,
0 ,
0.6851814219 ,
0.9675118508 ,
1.2113778881 ,
0 ,
0.6370130842 ,
1.0590259966 ,
1.0490027204 ,
0 ,
0.6838366817 ,
1.1482954923 ,
1.0689898888 ,
0 ,
0.7411578654 ,
1.3099071131 ,
1.4605186493 ,
0 ,
0.5008344497 ,
1.2374461445 ,
1.3817360737 ,
0 ,
0.5088729631 ,
0.9699388069 ,
1.120301912 ,
0 ,
0.4653573839 ,
0.6258350935 ,
0.631734042 ,
0 ,
0.2439321153 ,
0.156335326 ,
0.2106467723 ,
0 ,
0.0668731225 ,
0.005396816 ,
-0.060973426 ,
0 ,
-0.030959058 ,
-0.081018146 ,
-0.188844935 ,
0 ,
0 ,
0 ,
0 ,
0 ,
0.1817502121 ,
0.7874565085 ,
0.918491729 ,
0 ,
0.5391347342 ,
0.9067256922 ,
1.3756747701 ,
0 ,
0.8352864416 ,
0.9395990286 ,
1.4361839559 ,
0 ,
0.6148715126 ,
1.0794783395 ,
1.105532124 ,
0 ,
0.7104630265 ,
1.1284101969 ,
1.1383465585 ,
0 ,
0.8175002147 ,
1.3875364517 ,
1.6582313789 ,
0 ,
0.4524132567 ,
0.987529276 ,
1.2242234633 ,
0 ,
0.4418554057 ,
0.7217249133 ,
0.9436244914 ,
0 ,
0.2633907763 ,
0.3022838225 ,
0.4298964612 ,
0 ,
0.102921403 ,
-0.241656062 ,
0.0828618214 ,
0 ,
-0.144809469 ,
-0.185577105 ,
-0.16351749 ,
0 ,
-0.180191925 ,
-0.340950825 ,
-0.243132339 ,
0 ,
0 ,
0 ,
0 ,
0 ,
-0.023439465 ,
0.2309645792 ,
0.5056857858 ,
0 ,
0.6620160459 ,
1.0763542723 ,
1.7056803356 ,
0 ,
0.9103041286 ,
0.937815159 ,
1.6023302952 ,
0 ,
0.6842756308 ,
1.1719646184 ,
1.305612382 ,
0 ,
0.8851955688 ,
1.2345435142 ,
1.4058932965 ,
0 ,
1.0621058798 ,
1.6425413126 ,
2.0551414292 ,
0 ,
0.5749971165 ,
1.1065841197 ,
1.4325366699 ,
0 ,
0.4854135231 ,
0.6720090265 ,
1.1400384818 ,
0 ,
0.2677697592 ,
0.2240875342 ,
0.5280532747 ,
0 ,
0.3202206349 ,
-0.242257363 ,
0.3099467604 ,
0 ,
-0.054748413 ,
-0.301553511 ,
-0.093755162 ,
0 ,
-0.034242572 ,
-0.237376876 ,
0.0736307097 ,
0 ,
0 ,
0 ,
0 ,
0 ,
0.1035038181 ,
0.5882224735 ,
0.5441357658 ,
0 ,
0.4759580891 ,
0.8859009045 ,
1.4038892547 ,
0 ,
0.3497571941 ,
0.6498339772 ,
1.0940372969 ,
0 ,
0.5157450381 ,
0.7518801852 ,
1.0547424752 ,
0 ,
0.5913194081 ,
0.9278261302 ,
1.0776265472 ,
0 ,
0.5844368466 ,
1.056331475 ,
1.4352421597 ,
0 ,
0.4979733368 ,
1.1068930273 ,
1.4804302228 ,
0 ,
0.5007752623 ,
1.0098991601 ,
1.3409756104 ,
0 ,
0.4442157108 ,
0.4321486484 ,
0.770567325 ,
0 ,
0.1143459038 ,
-0.017712688 ,
0.3208411075 ,
0 ,
0.019798267 ,
-0.13508084 ,
0.0544906478 ,
0 ,
0.0146399469 ,
-0.290196796 ,
-0.324951822 ,
0 ,
0 ,
0 ,
0 ,
0 ,
0.1234819306 ,
0.6028112723 ,
0.7939020663 ,
0 ,
0.5481858334 ,
0.9364704721 ,
1.4194909174 ,
0 ,
0.4537586465 ,
0.7060230276 ,
1.2004760959 ,
0 ,
0.5987550708 ,
0.9343263027 ,
1.0236743878 ,
0 ,
0.6068072923 ,
0.9902674303 ,
0.958876442 ,
0 ,
0.7386699987 ,
1.2213667741 ,
1.4957170225 ,
0 ,
0.3974767166 ,
1.0339319812 ,
1.2192857265 ,
0 ,
0.5103421285 ,
0.8851741108 ,
1.0944096997 ,
0 ,
0.2945713301 ,
0.2119592317 ,
0.4521273995 ,
0 ,
0.0647484424 ,
-0.14337856 ,
0.1488095323 ,
0 ,
-0.017968525 ,
-0.214195592 ,
-0.17378001 ,
0 ,
-0.130443411 ,
-0.400802976 ,
-0.49063353 ,
0 ,
0 ,
0 ,
0 ,
0 ,
0.756520609 ,
0.976929157 ,
0.892694722 ,
0 ,
0.6287586919 ,
1.1702327441 ,
1.6126800568 ,
0 ,
0.5194102728 ,
0.7593361631 ,
1.2438258276 ,
0 ,
0.7889842574 ,
1.1649038326 ,
1.0196442437 ,
0 ,
0.730724148 ,
1.1267270361 ,
0.9348775135 ,
0 ,
0.9332267729 ,
1.4484684906 ,
1.4196532078 ,
0 ,
0.6560606296 ,
1.3333150956 ,
1.3144086767 ,
0 ,
0.5728243647 ,
0.826398408 ,
0.9939687132 ,
0 ,
0.2741474366 ,
0.2020733752 ,
0.2005971981 ,
0 ,
0.2143468381 ,
-0.142096165 ,
-0.000505759 ,
0 ,
0.1090788437 ,
-0.298084191 ,
-0.331222812 ,
0 ,
0.0607605776 ,
-0.139715361 ,
-0.444391525 ,
0 ,
0 ,
0 ,
0 ,
0 ,
0.1214530313 ,
0.467995933 ,
0.3271855264 ,
0 ,
0.437372548 ,
0.86660422 ,
1.2987929628 ,
0 ,
0.5464572218 ,
0.8945966651 ,
1.1737675476 ,
0 ,
0.5829913028 ,
0.8507536838 ,
0.9954200492 ,
0 ,
0.7279861886 ,
1.1029432865 ,
1.1672816588 ,
0 ,
0.757427771 ,
1.2846785848 ,
1.4940428537 ,
0 ,
0.503518598 ,
1.113362837 ,
1.4108687794 ,
0 ,
0.580754039 ,
0.9649670481 ,
1.3637249376 ,
0 ,
0.1917287411 ,
0.3353478859 ,
0.4797304032 ,
0 ,
0.1523683383 ,
-0.038309169 ,
0.2247570628 ,
0 ,
0.1742592329 ,
-0.183960217 ,
0.1179669857 ,
0 ,
0.0497408984 ,
-0.043880667 ,
-0.095809919 ,
0 ,
0 ,
0 ,
0 ,
0 ,
-0.198755064 ,
0.2229092731 ,
0.4371249972 ,
0 ,
0.4111675401 ,
0.7989053461 ,
1.5072001045 ,
0 ,
0.669293863 ,
0.9884503819 ,
1.501160751 ,
0 ,
0.6055825322 ,
0.9401885553 ,
1.0903190982 ,
0 ,
0.7247797795 ,
1.1630201896 ,
1.2684179372 ,
0 ,
0.8878742387 ,
1.4489613873 ,
1.8294504843 ,
0 ,
0.4486823495 ,
0.9963195917 ,
1.3690306908 ,
0 ,
0.5451623038 ,
0.8785542405 ,
1.4038492347 ,
0 ,
-0.010285354 ,
0.044444492 ,
0.3915955679 ,
0 ,
-0.050218299 ,
-0.275987013 ,
0.133551293 ,
0 ,
0.0910059034 ,
-0.287942313 ,
0.1928784334 ,
0 ,
-0.078594141 ,
-0.246021645 ,
-0.104726114 ,
0 ,
0 ,
0 ,
0 ,
0 ,
-0.009685887 ,
0.061300759 ,
-0.138184645 ,
0 ,
0.5782254535 ,
1.0542746965 ,
1.7529267374 ,
0 ,
0.7312986282 ,
0.8804010227 ,
1.3746541376 ,
0 ,
0.7057205876 ,
1.0755546548 ,
0.9087722322 ,
0 ,
0.8777103957 ,
1.2320846708 ,
1.275529543 ,
0 ,
1.045951891 ,
1.5699548706 ,
1.7833316199 ,
0 ,
0.7992280968 ,
1.3204390346 ,
1.5330340843 ,
0 ,
0.6964741101 ,
0.9385764192 ,
1.4191652586 ,
0 ,
0.0799898687 ,
0.0173391675 ,
0.2146437427 ,
0 ,
0.1207609198 ,
-0.4008156 ,
0.1732893768 ,
0 ,
0.2652583115 ,
-0.376860926 ,
-0.016162681 ,
0 ,
0.1399528511 ,
-0.166739335 ,
-0.160242414 ,
0 ,
0 ,
0 ,
0 ,
0 ,
0.153563524 ,
0.7739330759 ,
0.4818203454 ,
0 ,
0.4934436993 ,
0.9118131681 ,
1.2470612444 ,
0 ,
0.4543033183 ,
0.8713428502 ,
0.9311977762 ,
0 ,
0.5796461563 ,
0.9314900842 ,
0.9073622557 ,
0 ,
0.6920258779 ,
1.07296586 ,
1.0761698914 ,
0 ,
0.7145133851 ,
1.2291063956 ,
1.3519995127 ,
0 ,
0.3532913166 ,
1.0500367742 ,
1.1811700999 ,
0 ,
0.4843295116 ,
0.9828059732 ,
1.1923895915 ,
0 ,
0.213896286 ,
0.2756706835 ,
0.5369632455 ,
0 ,
0.1987812419 ,
0.1399950316 ,
0.0579228615 ,
0 ,
0.1153724964 ,
0.1041441808 ,
-0.180519938 ,
0 ,
-0.031505015 ,
-0.266468674 ,
-0.404501859 ,
0 ,
0 ,
0 ,
0 ,
0 ,
0.1505737462 ,
0.7139846079 ,
0.6008468875 ,
0 ,
0.5507959824 ,
0.8879917001 ,
1.3795864699 ,
0 ,
0.5851335187 ,
0.8745759062 ,
1.0662673287 ,
0 ,
0.5606456806 ,
0.9798261241 ,
0.8482558502 ,
0 ,
0.6839921448 ,
1.0491829987 ,
0.9591887351 ,
0 ,
0.8583183721 ,
1.3637488941 ,
1.494482956 ,
0 ,
0.2949004404 ,
0.9262695383 ,
1.0174820769 ,
0 ,
0.4302651984 ,
0.7897186265 ,
0.9792081343 ,
0 ,
0.0586359855 ,
0.0799829673 ,
0.2589665696 ,
0 ,
0.0776068431 ,
-0.169902911 ,
-0.19442217 ,
0 ,
-0.031621538 ,
-0.108285915 ,
-0.371467816 ,
0 ,
-0.1792022 ,
-0.543219048 ,
-0.563464527 ,
0 ,
0 ,
0 ,
0 ,
0 ,
-0.219426413 ,
0.3730758845 ,
-0.09781231 ,
0 ,
0.6808101893 ,
1.3194363707 ,
1.7016632785 ,
0 ,
0.652433498 ,
1.0482669122 ,
1.1991399185 ,
0 ,
0.6638865862 ,
1.2697232762 ,
0.9367311493 ,
0 ,
0.7573360001 ,
1.2656079664 ,
0.9584797224 ,
0 ,
0.9434099933 ,
1.5753466074 ,
1.5649142643 ,
0 ,
0.4520695369 ,
1.2870429856 ,
1.1625516228 ,
0 ,
0.4582018724 ,
0.8522570027 ,
0.9942647007 ,
0 ,
0.0909509152 ,
0.1252050276 ,
0.2007210022 ,
0 ,
0.2575806638 ,
-0.048505476 ,
-0.214586911 ,
0 ,
0.0811443005 ,
0.0241030781 ,
-0.333035142 ,
0 ,
-0.036867965 ,
-0.247819214 ,
-0.564651869 ,
0 ,
0 ,
0 ,
0 ,
0 ,
0.0480899295 ,
0.6819676941 ,
0.4665519801 ,
0 ,
0.4486686962 ,
0.9190149421 ,
1.154386537 ,
0 ,
0.4855217975 ,
1.0023678272 ,
1.1887158744 ,
0 ,
0.5964288925 ,
1.0365353387 ,
0.981766254 ,
0 ,
0.6399929863 ,
1.1090207978 ,
1.0948746117 ,
0 ,
0.610307812 ,
1.4470480936 ,
1.4075408667 ,
0 ,
0.3668453964 ,
1.1905011818 ,
1.3473478613 ,
0 ,
0.577784837 ,
1.1033969793 ,
1.2875429203 ,
0 ,
0.3673871169 ,
0.6144287811 ,
0.663667422 ,
0 ,
0.0832121498 ,
0.1232165741 ,
0.2279066596 ,
0 ,
0.2124736636 ,
0.2220218573 ,
0.1649275747 ,
0 ,
-0.03460849 ,
0.1373790134 ,
-0.126897682 ,
0 ,
0 ,
0 ,
0 ,
0 ,
0.0800077792 ,
0.7330360567 ,
0.6206468203 ,
0 ,
0.4472209103 ,
1.0041889157 ,
1.3240817072 ,
0 ,
0.5828220049 ,
1.0402603103 ,
1.3849818212 ,
0 ,
0.5103023316 ,
1.0708984489 ,
0.9524705628 ,
0 ,
0.5284557221 ,
1.1035871447 ,
1.0539460047 ,
0 ,
0.5910715993 ,
1.5015052721 ,
1.4760667116 ,
0 ,
0.228187938 ,
0.9962198444 ,
1.1380647727 ,
0 ,
0.4713075773 ,
0.8986749926 ,
1.1158169515 ,
0 ,
0.1117795453 ,
0.2628964302 ,
0.3410312999 ,
0 ,
-0.155062097 ,
-0.118452013 ,
0.0539236892 ,
0 ,
0.0358669175 ,
0.1589037506 ,
0.1611389309 ,
0 ,
-0.322742908 ,
-0.105040892 ,
-0.198932192 ,
0 ,
0 ,
0 ,
0 ,
0 ,
0.3068951381 ,
0.3942132719 ,
-0.091427177 ,
0 ,
0.5297880469 ,
1.1567973205 ,
1.3417936552 ,
0 ,
0.6959436995 ,
1.0459904274 ,
1.2937847309 ,
0 ,
0.6272821343 ,
1.1443055675 ,
0.7715391459 ,
0 ,
0.6969801166 ,
1.2345469453 ,
0.9716356068 ,
0 ,
0.7477352899 ,
1.591140685 ,
1.344487071 ,
0 ,
0.5262250217 ,
1.1804174585 ,
1.153173539 ,
0 ,
0.6314702644 ,
0.8258592285 ,
0.959459614 ,
0 ,
0.1799272188 ,
0.2680775912 ,
0.0641880426 ,
0 ,
0.0125072468 ,
-0.208964327 ,
-0.10145895 ,
0 ,
0.0279743581 ,
-0.026502662 ,
-0.225679175 ,
0 ,
-0.111467311 ,
0.0615296275 ,
-0.26507359 ,
0 ,
0 ,
0 ,
0 ,
0 ,
0.2181396392 ,
0.4285208185 ,
0.6089176842 ,
0 ,
0.5565463282 ,
0.6789184171 ,
1.2869579754 ,
0 ,
0.7170155508 ,
0.7430349084 ,
1.2665931377 ,
0 ,
0.5947443575 ,
0.7881404308 ,
1.0800771825 ,
0 ,
0.7218417071 ,
0.8713229241 ,
1.1363299667 ,
0 ,
0.6876921913 ,
1.0862984888 ,
1.501147086 ,
0 ,
0.4912711716 ,
0.9751518813 ,
1.3678133993 ,
0 ,
0.5746146257 ,
0.7973002285 ,
1.2613892089 ,
0 ,
0.3982441681 ,
0.3916091255 ,
0.7213174997 ,
0 ,
0.2544728654 ,
-0.026265688 ,
0.3359084851 ,
0 ,
0.0491667705 ,
-0.276389277 ,
0.1127560618 ,
0 ,
0.0174337015 ,
-0.299801488 ,
-0.151705633 ,
0 ,
0 ,
0 ,
0 ,
0 ,
0.2727308886 ,
0.4621490882 ,
0.7699742299 ,
0 ,
0.7267456901 ,
0.7348593625 ,
1.4496706838 ,
0 ,
0.9655152022 ,
0.7989564642 ,
1.4521925044 ,
0 ,
0.6526821282 ,
0.8181240078 ,
1.0943657596 ,
0 ,
0.7944409047 ,
0.837751713 ,
1.0515272762 ,
0 ,
0.8678009721 ,
1.1582183111 ,
1.6122539458 ,
0 ,
0.4344514079 ,
0.7796585143 ,
1.1608858478 ,
0 ,
0.6133770637 ,
0.6356371042 ,
1.059723248 ,
0 ,
0.2794171387 ,
0.0424852162 ,
0.3509018384 ,
0 ,
0.1640002338 ,
-0.44513172 ,
0.0233746276 ,
0 ,
-0.05556215 ,
-0.579763382 ,
-0.061183186 ,
0 ,
-0.078095755 ,
-0.535266342 ,
-0.228582117 ,
0 ,
0 ,
0 ,
0 ,
0 ,
0.2536900803 ,
0.1351177883 ,
0.4622897216 ,
0 ,
0.7024283965 ,
0.6708077498 ,
1.6447741429 ,
0 ,
1.0316944674 ,
0.7385056195 ,
1.5966942909 ,
0 ,
0.6872080955 ,
0.7068932724 ,
0.9891071626 ,
0 ,
0.8956064367 ,
0.7542882692 ,
1.1486500885 ,
0 ,
0.9847605609 ,
1.1814673853 ,
1.6922120354 ,
0 ,
0.6033245157 ,
0.848722563 ,
1.2209075502 ,
0 ,
0.6290210055 ,
0.4343957097 ,
0.98964396 ,
0 ,
0.2178547371 ,
-0.221668176 ,
0.1565567857 ,
0 ,
0.322063369 ,
-0.658408973 ,
0.0161396133 ,
0 ,
0.0582194591 ,
-0.876156353 ,
-0.173762794 ,
0 ,
0.1061433306 ,
-0.393816074 ,
-0.126314408 ,
0 ,
0 ,
0 ,
0 ,
0 ,
0.2647128711 ,
0.4170750643 ,
0.4219477414 ,
0 ,
0.554038657 ,
0.7939632541 ,
1.3852462318 ,
0 ,
0.5019274419 ,
0.5956721854 ,
1.1607876254 ,
0 ,
0.5256417156 ,
0.7981988534 ,
1.0797550413 ,
0 ,
0.6874028324 ,
0.9650055807 ,
1.2611831636 ,
0 ,
0.6851883421 ,
1.168260945 ,
1.4996585349 ,
0 ,
0.429117919 ,
0.9537224646 ,
1.437649725 ,
0 ,
0.6009137105 ,
0.9708198632 ,
1.4351413571 ,
0 ,
0.3883338387 ,
0.3793670214 ,
0.8593280875 ,
0 ,
0.2121282944 ,
0.0787486349 ,
0.4291740036 ,
0 ,
0.2176990849 ,
-0.017557774 ,
0.1700549233 ,
0 ,
-0.007091687 ,
-0.473269404 ,
-0.332903905 ,
0 ,
0 ,
0 ,
0 ,
0 ,
0.3187727357 ,
0.4109591368 ,
0.5249732717 ,
0 ,
0.6452312849 ,
0.7698262273 ,
1.3971343413 ,
0 ,
0.5229972068 ,
0.560742509 ,
1.1116753218 ,
0 ,
0.5764292165 ,
0.8874068592 ,
0.8974686318 ,
0 ,
0.6828353418 ,
0.9085165155 ,
1.0738918486 ,
0 ,
0.7628785704 ,
1.2368672806 ,
1.486005564 ,
0 ,
0.3067191565 ,
0.7222338285 ,
1.0895510909 ,
0 ,
0.5837532493 ,
0.7305378512 ,
1.1373651978 ,
0 ,
0.1748427837 ,
-0.011770637 ,
0.3463836245 ,
0 ,
0.1134928986 ,
-0.18975087 ,
0.1186930201 ,
0 ,
0.0459463249 ,
-0.236298106 ,
-0.192410505 ,
0 ,
-0.113167843 ,
-0.710121342 ,
-0.566627134 ,
0 ,
0 ,
0 ,
0 ,
0 ,
0.5533061071 ,
0.4606491173 ,
0.5775427723 ,
0 ,
0.5942299944 ,
0.7619282421 ,
1.4589010094 ,
0 ,
0.5771653487 ,
0.4341481731 ,
1.0304475645 ,
0 ,
0.7165421032 ,
0.8575626347 ,
0.8935244575 ,
0 ,
0.713054566 ,
0.8614634843 ,
1.0206594124 ,
0 ,
0.8637937304 ,
1.2005213742 ,
1.4334560795 ,
0 ,
0.4126866816 ,
0.7925747635 ,
1.0282773837 ,
0 ,
0.5462108838 ,
0.4379127875 ,
0.9675782377 ,
0 ,
0.168410348 ,
-0.209818022 ,
0.1364832209 ,
0 ,
0.1784786025 ,
-0.368460182 ,
-0.088672165 ,
0 ,
0.1495663367 ,
-0.371457793 ,
-0.293441636 ,
0 ,
0.0054418904 ,
-0.724759633 ,
-0.476503907 ,
0 ,
0 ,
0 ,
0 ,
0 ,
0.0653444088 ,
0.4787684665 ,
0.3339426958 ,
0 ,
0.3467799375 ,
0.8014720183 ,
1.1423569921 ,
0 ,
0.491884476 ,
0.8329059563 ,
1.0790252384 ,
0 ,
0.5377418429 ,
0.8535157765 ,
0.9249252355 ,
0 ,
0.5727851318 ,
0.8877733309 ,
0.9341179024 ,
0 ,
0.6076748718 ,
1.140260332 ,
1.381366976 ,
0 ,
0.4019968556 ,
1.009857795 ,
1.2594850565 ,
0 ,
0.4182996733 ,
0.8846285833 ,
1.1873927401 ,
0 ,
0.2291389284 ,
0.4128819207 ,
0.4774983521 ,
0 ,
0.1210775373 ,
0.1118162864 ,
0.1063449293 ,
0 ,
0.0819069063 ,
0.0099242367 ,
-0.02321538 ,
0 ,
-0.147015909 ,
-0.229109806 ,
-0.366669912 ,
0 ,
0 ,
0 ,
0 ,
0 ,
0.2501199553 ,
0.6800546154 ,
0.7055886641 ,
0 ,
0.4434962693 ,
0.818656479 ,
1.3654085392 ,
0 ,
0.6204002352 ,
0.8753809341 ,
1.3173550554 ,
0 ,
0.6080499191 ,
0.9728861894 ,
1.0041561143 ,
0 ,
0.6144299909 ,
0.9149289663 ,
0.9945631173 ,
0 ,
0.7602639176 ,
1.2466130607 ,
1.5954206042 ,
0 ,
0.3956720525 ,
0.8789408757 ,
1.1838896711 ,
0 ,
0.3676708325 ,
0.6951407948 ,
1.0889557153 ,
0 ,
0.0461359403 ,
0.1638396639 ,
0.2603712939 ,
0 ,
0.0657297624 ,
-0.068397982 ,
0.0184698421 ,
0 ,
-0.02182739 ,
-0.131407176 ,
-0.060452323 ,
0 ,
-0.346883089 ,
-0.460358154 ,
-0.432145405 ,
0 ,
0 ,
0 ,
0 ,
0 ,
-0.137217229 ,
0.0156875688 ,
0.7834666515 ,
0 ,
0.5341718543 ,
0.8801232414 ,
1.6517117599 ,
0 ,
0.759390585 ,
0.9425722325 ,
1.6262687717 ,
0 ,
0.8009503162 ,
1.0211828078 ,
1.129889393 ,
0 ,
0.843647371 ,
1.0165758665 ,
1.2610589365 ,
0 ,
0.9251940826 ,
1.3044892924 ,
1.7458401704 ,
0 ,
0.6462007337 ,
1.0487587344 ,
1.4065704395 ,
0 ,
0.4814654924 ,
0.5564461442 ,
1.1049041567 ,
0 ,
0.1169033453 ,
0.029330233 ,
0.1798159576 ,
0 ,
0.2201525405 ,
-0.208336826 ,
-0.088627396 ,
0 ,
0.0170580493 ,
-0.174874164 ,
0.1273638572 ,
0 ,
-0.097113643 ,
-0.501115852 ,
-0.385353383 ,
0 ,
0 ,
0 ,
0 ,
0 ,
0.240324227 ,
0.8544306201 ,
0.5601393249 ,
0 ,
0.4914503629 ,
1.0767372845 ,
1.1941315799 ,
0 ,
0.4869953276 ,
0.999766929 ,
1.0164186609 ,
0 ,
0.5769208499 ,
1.1197107735 ,
0.9855236167 ,
0 ,
0.7420073625 ,
1.3249601163 ,
1.0699325099 ,
0 ,
0.8143070185 ,
1.48542919 ,
1.5382261638 ,
0 ,
0.4675269132 ,
1.2852622833 ,
1.3779838424 ,
0 ,
0.5562795331 ,
1.1747946876 ,
1.2639717005 ,
0 ,
0.2705054833 ,
0.4696899412 ,
0.5068548484 ,
0 ,
0.1131173608 ,
0.2191318236 ,
0.1397193264 ,
0 ,
0.163725515 ,
0.1190982136 ,
-0.10803129 ,
0 ,
0.1223805412 ,
0.2046208408 ,
-0.254086197 ,
0 ,
0 ,
0 ,
0 ,
0 ,
0.2481020686 ,
0.8746460537 ,
0.7916064551 ,
0 ,
0.6697915325 ,
1.3125232877 ,
1.5608165461 ,
0 ,
0.6401684567 ,
1.2499753547 ,
1.3538589539 ,
0 ,
0.7522028352 ,
1.4199832476 ,
1.1994119581 ,
0 ,
0.7977057685 ,
1.4929858293 ,
1.1490511322 ,
0 ,
0.997263123 ,
1.7512199053 ,
1.814628687 ,
0 ,
0.4720211318 ,
1.3107243399 ,
1.3318174296 ,
0 ,
0.5916599795 ,
1.1783941354 ,
1.2556655864 ,
0 ,
0.1761027961 ,
0.3556699853 ,
0.3992814827 ,
0 ,
0.0290363556 ,
0.0704919471 ,
0.1158237621 ,
0 ,
0.1173477601 ,
0.1099330626 ,
-0.009599098 ,
0 ,
0.1205901704 ,
0.1993984341 ,
-0.072835146 ,
0 ,
0 ,
0 ,
0 ,
0 ,
0.0710812072 ,
1.0143420114 ,
0.5769627828 ,
0 ,
0.603815293 ,
1.4727438037 ,
1.8465116799 ,
0 ,
0.4702734521 ,
1.0499382928 ,
1.2491770958 ,
0 ,
0.6993154555 ,
1.5238168601 ,
1.2754273134 ,
0 ,
0.7307310442 ,
1.4420865209 ,
1.155282245 ,
0 ,
0.9298360995 ,
1.7298860659 ,
1.8216251075 ,
0 ,
0.5390916804 ,
1.5009901116 ,
1.5148166874 ,
0 ,
0.4587647781 ,
1.0218930171 ,
1.235675338 ,
0 ,
-0.03881408 ,
0.1465501932 ,
0.2152879628 ,
0 ,
0.0224269006 ,
0.0351808613 ,
0.1580245997 ,
0 ,
0.1025435781 ,
0.0349598685 ,
0.0022555504 ,
0 ,
0.1363553244 ,
0.1715806121 ,
-0.043593946 ,
0 ,
0 ,
0 ,
0 ,
0 ,
0.1102689177 ,
0.5001959422 ,
0.2713192074 ,
0 ,
0.4541422363 ,
0.7930798476 ,
1.077553547 ,
0 ,
0.4568409105 ,
0.7015935512 ,
0.8935913939 ,
0 ,
0.5679256794 ,
0.8687079277 ,
0.931076409 ,
0 ,
0.687765015 ,
0.9990666905 ,
1.01580807 ,
0 ,
0.6038081912 ,
1.218864395 ,
1.2954389793 ,
0 ,
0.3490083936 ,
1.0071560119 ,
1.2291292331 ,
0 ,
0.4906942643 ,
0.8454824573 ,
1.0570091721 ,
0 ,
0.3421769797 ,
0.4348292189 ,
0.5265728059 ,
0 ,
0.1780539005 ,
-0.039104022 ,
0.1403813654 ,
0 ,
0.0474853128 ,
-0.14394028 ,
0.0532609603 ,
0 ,
-0.119335131 ,
-0.279867242 ,
-0.325819635 ,
0 ,
0 ,
0 ,
0 ,
0 ,
0.1807056881 ,
0.3558338788 ,
0.5094253845 ,
0 ,
0.4908700437 ,
0.7687258091 ,
1.2943772784 ,
0 ,
0.5883152817 ,
0.7681780334 ,
1.1353587894 ,
0 ,
0.6411123368 ,
1.0243932504 ,
1.0530965064 ,
0 ,
0.694413985 ,
1.0191306138 ,
1.0856868727 ,
0 ,
0.7247408689 ,
1.3606770952 ,
1.5751860003 ,
0 ,
0.3439178764 ,
0.9532364647 ,
1.2803387154 ,
0 ,
0.4789118939 ,
0.7348443847 ,
1.0417277582 ,
0 ,
0.2069957841 ,
0.1612165774 ,
0.3853556214 ,
0 ,
0.0812046066 ,
-0.256054628 ,
0.1004571582 ,
0 ,
-0.144611003 ,
-0.340342207 ,
0.0360181306 ,
0 ,
-0.209404664 ,
-0.415387005 ,
-0.262164414 ,
0 ,
0 ,
0 ,
0 ,
0 ,
0.1000479181 ,
-0.05297868 ,
0.0791127371 ,
0 ,
0.4097346578 ,
0.8399159074 ,
1.3368936916 ,
0 ,
0.5468344032 ,
0.7182065644 ,
1.0151838458 ,
0 ,
0.6975049472 ,
1.0954134916 ,
0.992515999 ,
0 ,
0.7740422375 ,
1.1737630327 ,
1.1118901503 ,
0 ,
0.7464586953 ,
1.41920401 ,
1.517396357 ,
0 ,
0.5342725082 ,
1.2076499216 ,
1.4176016443 ,
0 ,
0.5121447186 ,
0.6728810142 ,
0.9958891848 ,
0 ,
0.1531502529 ,
0.0877945308 ,
0.2548207505 ,
0 ,
0.1498391779 ,
-0.298271212 ,
0.0929047621 ,
0 ,
-0.210760386 ,
-0.511084043 ,
0.0132298021 ,
0 ,
-0.229933008 ,
-0.538124387 ,
-0.446940351 ,
0 ,
0 ,
0 ,
0 ,
0 ,
0.4362333364 ,
0.8911929885 ,
0.5758121165 ,
0 ,
0.6591863349 ,
1.0462934921 ,
1.2778328399 ,
0 ,
0.6521207186 ,
0.9553629273 ,
0.9641024548 ,
0 ,
0.7024898909 ,
1.0406477856 ,
0.9209446543 ,
0 ,
0.7791495614 ,
1.2000018926 ,
0.9752130127 ,
0 ,
0.9115093195 ,
1.4905378609 ,
1.4528132414 ,
0 ,
0.6062669705 ,
1.3043851579 ,
1.3162565366 ,
0 ,
0.5267154418 ,
1.0354778934 ,
1.0782536912 ,
0 ,
0.4825414221 ,
0.7095105867 ,
0.5864975325 ,
0 ,
0.3228478852 ,
0.169731768 ,
0.0000768365 ,
0 ,
0.2930434141 ,
0.1891896834 ,
-0.03815999 ,
0 ,
0.1256834061 ,
-0.129490524 ,
-0.33144919 ,
0 ,
0 ,
0 ,
0 ,
0 ,
0.4800291535 ,
0.8134040814 ,
0.7687095754 ,
0 ,
0.8406475774 ,
1.1046523793 ,
1.5682680222 ,
0 ,
0.7412394055 ,
0.8953583709 ,
1.0655347892 ,
0 ,
0.7100703953 ,
1.0481542669 ,
0.9141953885 ,
0 ,
0.8253914856 ,
1.211061776 ,
1.0186540398 ,
0 ,
1.0683838093 ,
1.5924197198 ,
1.6273365967 ,
0 ,
0.5783679492 ,
1.1354661148 ,
1.1868439944 ,
0 ,
0.5571619716 ,
0.8636114091 ,
0.965981084 ,
0 ,
0.3722361696 ,
0.4233273039 ,
0.3322545137 ,
0 ,
0.259062462 ,
-0.194293731 ,
-0.148607335 ,
0 ,
0.2058444698 ,
-0.037107666 ,
-0.038964825 ,
0 ,
0.0204586796 ,
-0.340294441 ,
-0.391540845 ,
0 ,
0 ,
0 ,
0 ,
0 ,
0.5714082303 ,
0.7154640722 ,
0.8024453129 ,
0 ,
0.8392111496 ,
1.0874839236 ,
1.7819031923 ,
0 ,
0.7728040124 ,
0.8582531543 ,
1.225869188 ,
0 ,
0.7547165537 ,
1.1419831474 ,
1.1272395472 ,
0 ,
0.8497617095 ,
1.2453730817 ,
1.1878256541 ,
0 ,
1.3196190589 ,
1.8827456614 ,
1.9591088533 ,
0 ,
0.7365520813 ,
1.3216184269 ,
1.3775541809 ,
0 ,
0.6154831731 ,
0.8737354061 ,
1.0700878021 ,
0 ,
0.3959740875 ,
0.299116236 ,
0.2273155585 ,
0 ,
0.3298558608 ,
-0.278880208 ,
-0.086160518 ,
0 ,
0.1828540365 ,
-0.1251311 ,
-0.099194455 ,
0 ,
0.2031011962 ,
-0.142744736 ,
-0.251024239 ,
0 ,
0 ,
0 ,
0 ,
0 ,
0.1167159834 ,
0.4826293685 ,
0.6787667319 ,
0 ,
0.4585005041 ,
0.8274110913 ,
1.3806734065 ,
0 ,
0.374119929 ,
0.6173347418 ,
1.1372417356 ,
0 ,
0.4608200984 ,
0.8011053362 ,
1.1481972388 ,
0 ,
0.6587239945 ,
1.007029369 ,
1.2993493631 ,
0 ,
0.5966453875 ,
1.1132059646 ,
1.6016425826 ,
0 ,
0.507315292 ,
1.0505640451 ,
1.5592248234 ,
0 ,
0.4609923566 ,
0.8546334089 ,
1.4088329078 ,
0 ,
0.2393482103 ,
0.2289346493 ,
0.6908202519 ,
0 ,
0.1915918266 ,
0.0991911406 ,
0.4220216258 ,
0 ,
0.0987627675 ,
-0.06330891 ,
0.2616384704 ,
0 ,
-0.100626278 ,
-0.171668305 ,
-0.277499013 ,
0 ,
0 ,
0 ,
0 ,
0 ,
0.1745568513 ,
0.4137424033 ,
1.0039847321 ,
0 ,
0.5654898943 ,
0.8030941101 ,
1.6733669898 ,
0 ,
0.432229152 ,
0.515982078 ,
1.384888023 ,
0 ,
0.4117196694 ,
0.7573114756 ,
1.1925086479 ,
0 ,
0.625897074 ,
0.8880999278 ,
1.2956717806 ,
0 ,
0.6913136097 ,
1.0913640871 ,
1.8327420731 ,
0 ,
0.4791993468 ,
0.8196204504 ,
1.4948689061 ,
0 ,
0.4020085137 ,
0.5908294562 ,
1.3445969956 ,
0 ,
0.0529311505 ,
-0.202113852 ,
0.4912555955 ,
0 ,
-0.000294164 ,
-0.283104606 ,
0.2826536469 ,
0 ,
-0.084622675 ,
-0.300976077 ,
0.2800944425 ,
0 ,
-0.216616278 ,
-0.48689256 ,
-0.250015859 ,
0 ,
0 ,
0 ,
0 ,
0 ,
0.4113898852 ,
0.3910187116 ,
1.0496484021 ,
0 ,
0.7696777537 ,
0.9529314465 ,
1.9325433201 ,
0 ,
0.5133076976 ,
0.4527830631 ,
1.4583081997 ,
0 ,
0.6229533768 ,
0.8916147326 ,
1.2992441904 ,
0 ,
0.7731316189 ,
0.9259427382 ,
1.3850221484 ,
0 ,
0.8469728949 ,
1.1201583843 ,
1.929843075 ,
0 ,
0.7609157417 ,
1.041165153 ,
1.7140101343 ,
0 ,
0.6199713989 ,
0.5447549327 ,
1.4765592134 ,
0 ,
0.127386903 ,
-0.232019134 ,
0.5085166977 ,
0 ,
0.2271181992 ,
-0.326800579 ,
0.2392630385 ,
0 ,
0.0449439336 ,
-0.329531906 ,
0.3565439927 ,
0 ,
-0.049488611 ,
-0.476445528 ,
-0.177758405 ,
0 ,
0 ,
0 ,
0 ,
0 ,
0.1629451131 ,
0.7587862684 ,
0.6865927938 ,
0 ,
0.5199489208 ,
1.0501396909 ,
1.4247662036 ,
0 ,
0.5249686473 ,
0.9311733584 ,
1.3263950406 ,
0 ,
0.6619335243 ,
1.1200479178 ,
1.2674275999 ,
0 ,
0.6987663593 ,
1.2394187123 ,
1.2844262909 ,
0 ,
0.6453159832 ,
1.3120604519 ,
1.5127055527 ,
0 ,
0.3624112633 ,
1.0829841942 ,
1.3727304267 ,
0 ,
0.5679825676 ,
1.0397235517 ,
1.388448426 ,
0 ,
0.3571206125 ,
0.5313237217 ,
0.7068249097 ,
0 ,
0.1405835521 ,
0.197724565 ,
0.3088805085 ,
0 ,
0.140439806 ,
0.1803163342 ,
0.3501830711 ,
0 ,
-0.054467566 ,
0.0811864282 ,
0.0372428641 ,
0 ,
0 ,
0 ,
0 ,
0 ,
0.2599934668 ,
0.7256863741 ,
0.8537964202 ,
0 ,
0.662940644 ,
1.0619674969 ,
1.6087290192 ,
0 ,
0.6552734618 ,
0.9921145129 ,
1.5312220127 ,
0 ,
0.6170329746 ,
1.1317587865 ,
1.2125765765 ,
0 ,
0.7027424158 ,
1.248566621 ,
1.3001830579 ,
0 ,
0.7728623053 ,
1.4350421072 ,
1.7218231046 ,
0 ,
0.3099425405 ,
0.9687437156 ,
1.282335397 ,
0 ,
0.5613991675 ,
0.9134171983 ,
1.2996972463 ,
0 ,
0.1932236516 ,
0.2744267572 ,
0.4452902241 ,
0 ,
0.0255858354 ,
-0.016057541 ,
0.2096789856 ,
0 ,
0.0282606816 ,
0.061428303 ,
0.3801050134 ,
0 ,
-0.132119014 ,
-0.051792214 ,
0.0434642276 ,
0 ,
0 ,
0 ,
0 ,
0 ,
0.3562163938 ,
0.4882950989 ,
0.9274412685 ,
0 ,
0.6246526347 ,
1.1632669463 ,
1.9102560989 ,
0 ,
0.70625989 ,
0.9315176402 ,
1.6675209076 ,
0 ,
0.7699474349 ,
1.250367193 ,
1.3887119403 ,
0 ,
0.8482101077 ,
1.3261785899 ,
1.5428547236 ,
0 ,
0.9401222051 ,
1.5780593556 ,
1.9478909972 ,
0 ,
0.553932769 ,
1.2241523687 ,
1.5443019603 ,
0 ,
0.7010722699 ,
0.8834576041 ,
1.4305363358 ,
0 ,
0.1620619288 ,
0.2076931767 ,
0.4236748141 ,
0 ,
0.1415976052 ,
-0.061674999 ,
0.3300860034 ,
0 ,
0.0076307145 ,
-0.024197158 ,
0.4136719052 ,
0 ,
0.0084178022 ,
-0.030152469 ,
0.247821024 ,
0 ,
0 ,
0 ,
0 ,
0 ,
0.0851256747 ,
0.4899444167 ,
0.3553211669 ,
0 ,
0.4640106038 ,
0.8574076972 ,
1.1760410753 ,
0 ,
0.4064830641 ,
0.7802193032 ,
0.9467327806 ,
0 ,
0.3561660586 ,
0.7513396702 ,
0.6971029013 ,
0 ,
0.5802957145 ,
1.0089439336 ,
0.994519744 ,
0 ,
0.5531787983 ,
1.1486545268 ,
1.2387326875 ,
0 ,
0.3204757624 ,
0.9945647704 ,
1.1942653872 ,
0 ,
0.5585296374 ,
0.9883634833 ,
1.20006577 ,
0 ,
0.2565975518 ,
0.3757952929 ,
0.3457226553 ,
0 ,
0.0821768671 ,
0.0675037547 ,
0.0957935997 ,
0 ,
0.0398622034 ,
-0.078214335 ,
-0.076681763 ,
0 ,
-0.053755947 ,
-0.088799405 ,
-0.316317008 ,
0 ,
0 ,
0 ,
0 ,
0 ,
0.0491002506 ,
0.3872481005 ,
0.5725979044 ,
0 ,
0.5481577434 ,
0.9337797825 ,
1.5046616302 ,
0 ,
0.5370058062 ,
0.7990611128 ,
1.1902650811 ,
0 ,
0.425189942 ,
0.929062542 ,
0.8861211815 ,
0 ,
0.6280901463 ,
1.0899799472 ,
1.16957729 ,
0 ,
0.6647084717 ,
1.195995504 ,
1.4422602808 ,
0 ,
0.3536573985 ,
0.9225623115 ,
1.2097400202 ,
0 ,
0.5526320834 ,
0.8629022887 ,
1.2139126606 ,
0 ,
0.132032812 ,
0.1673159452 ,
0.2924797878 ,
0 ,
-0.01613954 ,
-0.137617294 ,
0.108969858 ,
0 ,
-0.009378618 ,
-0.242196693 ,
-0.031787329 ,
0 ,
-0.17975199 ,
-0.261076714 ,
-0.182372499 ,
0 ,
0 ,
0 ,
0 ,
0 ,
-0.112931131 ,
-0.137516507 ,
-0.137960401 ,
0 ,
0.701668483 ,
1.1896905806 ,
1.7941994535 ,
0 ,
0.6205967378 ,
0.8658995769 ,
1.406001574 ,
0 ,
0.6675948857 ,
1.2120499485 ,
1.1123997135 ,
0 ,
0.8271297273 ,
1.2357984977 ,
1.3471736349 ,
0 ,
0.8193280227 ,
1.3429867667 ,
1.5787171838 ,
0 ,
0.5594996427 ,
1.1330209966 ,
1.453942112 ,
0 ,
0.7465794728 ,
0.881486468 ,
1.3724701493 ,
0 ,
0.2525924615 ,
0.1640407817 ,
0.3006809326 ,
0 ,
0.2517957212 ,
-0.064324534 ,
0.2871246165 ,
0 ,
0.0782841479 ,
-0.345719856 ,
0.0267813839 ,
0 ,
-0.098443106 ,
-0.085018537 ,
0.0029447748 ,
0 ,
0 ,
0 ,
0 ,
0 ,
0.1689294318 ,
0.726554072 ,
0.3004276054 ,
0 ,
0.5355844842 ,
1.0697517241 ,
1.0855400248 ,
0 ,
0.4497390923 ,
0.8530321028 ,
0.8154555991 ,
0 ,
0.5099030836 ,
0.9808485027 ,
0.7541815993 ,
0 ,
0.5787835957 ,
1.0889145915 ,
0.8599845927 ,
0 ,
0.6258544237 ,
1.3338957151 ,
1.2877060176 ,
0 ,
0.5088760976 ,
1.2153236499 ,
1.200393622 ,
0 ,
0.3368725641 ,
0.9995425649 ,
0.9900367476 ,
0 ,
0.1830635887 ,
0.4241306131 ,
0.4016450904 ,
0 ,
0.04626805 ,
0.242648097 ,
-0.078982514 ,
0 ,
-0.043170906 ,
0.0633797964 ,
-0.179230167 ,
0 ,
-0.154472584 ,
-0.019200485 ,
-0.643634041 ,
0 ,
0 ,
0 ,
0 ,
0 ,
0.4193841145 ,
0.9184391211 ,
0.8271846791 ,
0 ,
0.6985451004 ,
1.1780273179 ,
1.3994449574 ,
0 ,
0.6282451873 ,
0.8621098865 ,
1.1139446748 ,
0 ,
0.5823803827 ,
1.0944805984 ,
0.8586686712 ,
0 ,
0.6011006433 ,
1.1110997054 ,
0.8980530878 ,
0 ,
0.7592318173 ,
1.4419491965 ,
1.482739593 ,
0 ,
0.5350389648 ,
1.1319853007 ,
1.1465200684 ,
0 ,
0.4212629731 ,
0.9414924356 ,
0.9657135329 ,
0 ,
0.052274846 ,
0.1922853358 ,
0.1704267057 ,
0 ,
-0.053537669 ,
0.0248058479 ,
-0.186213992 ,
0 ,
-0.181357492 ,
-0.076029591 ,
-0.076666772 ,
0 ,
-0.251453224 ,
-0.24655488 ,
-0.562347992 ,
0 ,
0 ,
0 ,
0 ,
0 ,
0.7201669691 ,
1.3199321529 ,
1.1519259709 ,
0 ,
0.7775324357 ,
1.5846707409 ,
1.981525791 ,
0 ,
0.6631681042 ,
0.9557764304 ,
1.3133336193 ,
0 ,
0.6819651073 ,
1.412793037 ,
1.1445721141 ,
0 ,
0.690606728 ,
1.2782555748 ,
1.1642736148 ,
0 ,
0.8055395996 ,
1.6253245171 ,
1.5766578025 ,
0 ,
0.734116266 ,
1.4508739945 ,
1.5146839279 ,
0 ,
0.4421053251 ,
0.9947808918 ,
1.1284888484 ,
0 ,
-0.059388442 ,
0.2000506706 ,
0.1833684925 ,
0 ,
-0.027820643 ,
-0.081468259 ,
-0.054906576 ,
0 ,
-0.052194051 ,
-0.02882281 ,
0.0718774822 ,
0 ,
-0.125029894 ,
-0.095601519 ,
-0.409476732 ,
0 ,
0 ,
0 ,
0 ,
0 ,
0.1579655005 ,
0.6931172768 ,
0.4328122061 ,
0 ,
0.5067586494 ,
1.1508264435 ,
1.2412993542 ,
0 ,
0.5788097613 ,
0.9535663381 ,
1.1499339363 ,
0 ,
0.4716356862 ,
0.8800487078 ,
0.8358181044 ,
0 ,
0.7210840306 ,
1.1983223997 ,
1.149983488 ,
0 ,
0.5673373375 ,
1.2548390024 ,
1.3476981143 ,
0 ,
0.3936679019 ,
1.2231985612 ,
1.3838044901 ,
0 ,
0.4620140809 ,
0.9039487299 ,
1.115515657 ,
0 ,
0.3371377084 ,
0.5324106346 ,
0.4282761591 ,
0 ,
0.136587696 ,
0.2045894034 ,
0.1388093135 ,
0 ,
0.0898629609 ,
0.1157840369 ,
-0.18728715 ,
0 ,
0.0178378078 ,
0.0376037765 ,
-0.283388928 ,
0 ,
0 ,
0 ,
0 ,
0 ,
0.2669903232 ,
0.822243005 ,
0.7983814907 ,
0 ,
0.6635365321 ,
1.2673031944 ,
1.5794189491 ,
0 ,
0.6287748302 ,
1.0252994934 ,
1.4206113273 ,
0 ,
0.5859954022 ,
1.0980288949 ,
1.0790517577 ,
0 ,
0.7373341073 ,
1.2300112644 ,
1.2243371543 ,
0 ,
0.6678903967 ,
1.3995459558 ,
1.6157620618 ,
0 ,
0.386661247 ,
1.1999809652 ,
1.411160783 ,
0 ,
0.4092307027 ,
0.7824100107 ,
1.1081377714 ,
0 ,
0.1929145115 ,
0.3469805284 ,
0.3838595205 ,
0 ,
-0.007358817 ,
0.0073044974 ,
0.1194650707 ,
0 ,
-0.060432636 ,
0.003522411 ,
-0.170964983 ,
0 ,
-0.103126728 ,
-0.191005526 ,
-0.139131609 ,
0 ,
0 ,
0 ,
0 ,
0 ,
0.2922024101 ,
0.9441859046 ,
1.2549360006 ,
0 ,
0.8586011934 ,
1.5403122853 ,
1.9159055184 ,
0 ,
0.597385187 ,
0.9840435388 ,
1.4747134466 ,
0 ,
0.7574289174 ,
1.4254823253 ,
1.2881215803 ,
0 ,
0.8472156457 ,
1.3386459834 ,
1.3570229378 ,
0 ,
0.8581398471 ,
1.6553232456 ,
1.8104959834 ,
0 ,
0.6694071515 ,
1.5488199206 ,
1.6968447811 ,
0 ,
0.4696919372 ,
0.8262310009 ,
1.1746042308 ,
0 ,
0.15530473 ,
0.2612547044 ,
0.2382823505 ,
0 ,
0.0905236127 ,
-0.094232093 ,
0.0688804621 ,
0 ,
0.1199897979 ,
0.1049110927 ,
-0.077866421 ,
0 ,
-0.001387923 ,
-0.13747877 ,
0.1108578996 ,
0 ,
0 ,
0 ,
0 ,
0 ,
0.0929230673 ,
0.5851886429 ,
0.5591500459 ,
0 ,
0.5445179254 ,
1.0129666369 ,
1.4026743415 ,
0 ,
0.5325251426 ,
0.9445507242 ,
1.1982209817 ,
0 ,
0.5964221711 ,
1.0655110404 ,
1.1272214357 ,
0 ,
0.7173109529 ,
1.1403271601 ,
1.2383622709 ,
0 ,
0.7076889328 ,
1.3892357752 ,
1.5703698589 ,
0 ,
0.3559447681 ,
1.1454303388 ,
1.3708454881 ,
0 ,
0.4955025605 ,
1.0120629911 ,
1.3442200902 ,
0 ,
0.4714457361 ,
0.6448753016 ,
0.7876892291 ,
0 ,
0.211221204 ,
0.1584307658 ,
0.3335932724 ,
0 ,
0.1705566026 ,
0.2298981022 ,
0.1859061963 ,
0 ,
0.1143904797 ,
0.1228680663 ,
-0.451321555 ,
0 ,
0 ,
0 ,
0 ,
0 ,
0.079001915 ,
0.597770239 ,
0.6613062906 ,
0 ,
0.6466866631 ,
1.0644119649 ,
1.5334517736 ,
0 ,
0.655111564 ,
0.9594453616 ,
1.281140609 ,
0 ,
0.6186930464 ,
1.1250766918 ,
1.0753119932 ,
0 ,
0.7333098087 ,
1.1451086468 ,
1.2084709059 ,
0 ,
0.8068309496 ,
1.4496431387 ,
1.6577036454 ,
0 ,
0.3235069406 ,
0.9619649888 ,
1.1588840663 ,
0 ,
0.4864262001 ,
0.853953653 ,
1.1351237948 ,
0 ,
0.3839021755 ,
0.3979810951 ,
0.5960953482 ,
0 ,
0.0960189429 ,
-0.174444537 ,
0.0414877542 ,
0 ,
0.1406134512 ,
0.1189981745 ,
0.1731328495 ,
0 ,
-0.049813141 ,
-0.090106019 ,
-0.580981318 ,
0 ,
0 ,
0 ,
0 ,
0 ,
0.3503749469 ,
0.5315322667 ,
0.6379817121 ,
0 ,
0.5834733681 ,
1.0198333422 ,
1.4036448595 ,
0 ,
0.6843713527 ,
0.8001496434 ,
1.1217125837 ,
0 ,
0.7398765509 ,
1.1363067882 ,
0.951893247 ,
0 ,
0.8527869638 ,
1.1623516377 ,
1.1362289211 ,
0 ,
0.9104114481 ,
1.4232518754 ,
1.5486671239 ,
0 ,
0.4770538192 ,
1.0620175213 ,
1.1089256026 ,
0 ,
0.5462199306 ,
0.6815407925 ,
0.9856349465 ,
0 ,
0.3293706779 ,
0.225462516 ,
0.2846953927 ,
0 ,
0.1066766125 ,
-0.44432625 ,
-0.179729714 ,
0 ,
0.1689245347 ,
-0.022259901 ,
0.0286329117 ,
0 ,
0.0385941947 ,
-0.102519266 ,
-0.759443622 ,
0 ,
0 ,
0 ,
0 ,
0 ,
0.0114279291 ,
0.4659109433 ,
0.4687041572 ,
0 ,
0.5239753301 ,
0.7927858808 ,
1.2628569266 ,
0 ,
0.3005383738 ,
0.6229705166 ,
0.9072141998 ,
0 ,
0.4632668227 ,
0.865809581 ,
0.9656939125 ,
0 ,
0.5625909871 ,
1.0114920247 ,
1.0885215184 ,
0 ,
0.5730929105 ,
1.1776910859 ,
1.4165450552 ,
0 ,
0.3535603241 ,
0.9321491835 ,
1.2615581352 ,
0 ,
0.44622256 ,
0.7989812305 ,
1.1312874781 ,
0 ,
0.358979346 ,
0.4430523742 ,
0.6437488798 ,
0 ,
0.1376611453 ,
0.0504995796 ,
0.2407296603 ,
0 ,
0.1412494386 ,
0.0333158191 ,
0.0542994559 ,
0 ,
-0.234031504 ,
-0.136088318 ,
-0.284562302 ,
0 ,
0 ,
0 ,
0 ,
0 ,
0.0328281642 ,
0.5339716603 ,
0.6500305684 ,
0 ,
0.6337504719 ,
0.8725183214 ,
1.4103179976 ,
0 ,
0.3625859349 ,
0.6280155258 ,
0.8657903466 ,
0 ,
0.5075148928 ,
1.0022838048 ,
0.8811492188 ,
0 ,
0.6674794328 ,
1.1675946272 ,
1.1037057501 ,
0 ,
0.668632368 ,
1.2928904426 ,
1.4964189534 ,
0 ,
0.3338008755 ,
0.8686124671 ,
1.055797462 ,
0 ,
0.4662420275 ,
0.6846936391 ,
0.916273303 ,
0 ,
0.2568351821 ,
0.2460534779 ,
0.4689481967 ,
0 ,
0.0317231784 ,
-0.165880132 ,
0.0255945985 ,
0 ,
-0.049892504 ,
-0.117317329 ,
-0.181973538 ,
0 ,
-0.318554195 ,
-0.244691587 ,
-0.419362607 ,
0 ,
0 ,
0 ,
0 ,
0 ,
-0.107287616 ,
0.2903719592 ,
0.5781636077 ,
0 ,
0.6221382151 ,
1.0921265576 ,
1.5143859262 ,
0 ,
0.4454625392 ,
0.6289596182 ,
0.9146139166 ,
0 ,
0.5194064252 ,
1.1331601809 ,
0.8862466297 ,
0 ,
0.7362929926 ,
1.2238780923 ,
1.1021816396 ,
0 ,
0.8336136495 ,
1.5125350995 ,
1.5871104763 ,
0 ,
0.4670771939 ,
1.0060629584 ,
1.1357029159 ,
0 ,
0.5089974429 ,
0.7326504824 ,
0.9636256915 ,
0 ,
0.3200811997 ,
0.2422495223 ,
0.4374486672 ,
0 ,
0.203939473 ,
-0.076148937 ,
0.1140266469 ,
0 ,
-0.007864799 ,
-0.157188144 ,
-0.282332043 ,
0 ,
-0.250399773 ,
-0.164098695 ,
-0.469683041 ,
0 ,
0 ,
0 ,
0 ,
0 ,
0.1028580484 ,
0.5008714075 ,
0.3082102615 ,
0 ,
0.5968720709 ,
0.8775398326 ,
1.1292436988 ,
0 ,
0.6138053824 ,
0.8805756227 ,
1.0681972781 ,
0 ,
0.5878579064 ,
0.9784974634 ,
0.9759435485 ,
0 ,
0.7034453494 ,
1.1146926451 ,
1.1412625736 ,
0 ,
0.741399994 ,
1.354730301 ,
1.3827343135 ,
0 ,
0.388440516 ,
0.9997292765 ,
1.2315048253 ,
0 ,
0.5332352808 ,
0.8589563732 ,
1.0981482167 ,
0 ,
0.3918083994 ,
0.4746336511 ,
0.4914760916 ,
0 ,
0.2581211107 ,
0.0744709291 ,
0.1958139402 ,
0 ,
0.1891932195 ,
-0.00426738 ,
-0.04490212 ,
0 ,
0.0962565037 ,
0.045998569 ,
-0.278654457 ,
0 ,
0 ,
0 ,
0 ,
0 ,
0.1948879842 ,
0.5895967493 ,
0.7565606149 ,
0 ,
0.6982479748 ,
0.8938671032 ,
1.4136958457 ,
0 ,
0.6122306198 ,
0.7728998132 ,
1.1924030034 ,
0 ,
0.5360198321 ,
1.0027072483 ,
1.0094425431 ,
0 ,
0.6511217896 ,
1.1084824689 ,
1.2148900897 ,
0 ,
0.8109355451 ,
1.4272825458 ,
1.6322237043 ,
0 ,
0.3067559608 ,
0.8052615816 ,
1.1786513419 ,
0 ,
0.4666359202 ,
0.6641351874 ,
1.0277273466 ,
0 ,
0.198797778 ,
0.1942677228 ,
0.3291847899 ,
0 ,
0.1236873049 ,
-0.237320554 ,
0.0761339327 ,
0 ,
-0.011196947 ,
-0.129765779 ,
0.0098782122 ,
0 ,
-0.036808285 ,
-0.209664393 ,
-0.337270397 ,
0 ,
0 ,
0 ,
0 ,
0 ,
0.2868368602 ,
0.4256654951 ,
0.4141076827 ,
0 ,
0.8703853705 ,
1.0961526087 ,
1.8213299711 ,
0 ,
0.7389743624 ,
0.7914510576 ,
1.420366893 ,
0 ,
0.6779903079 ,
1.1828064374 ,
1.1781598932 ,
0 ,
0.8558639003 ,
1.1960614582 ,
1.4086427544 ,
0 ,
0.9661592228 ,
1.5006266833 ,
1.7614058619 ,
0 ,
0.4374028834 ,
0.8892491395 ,
1.2955634337 ,
0 ,
0.6497273423 ,
0.7696804993 ,
1.2497565147 ,
0 ,
0.2038285882 ,
0.0610267422 ,
0.3422369091 ,
0 ,
0.2219913121 ,
-0.319234916 ,
0.1931868354 ,
0 ,
0.1631550625 ,
-0.196239067 ,
0.1329285331 ,
0 ,
0.2360570232 ,
-0.043743642 ,
-0.042320503 ,
0 ,
0 ,
0 ,
0 ,
0 ,
0.1015466102 ,
0.5365053417 ,
0.5012613123 ,
0 ,
0.4115432157 ,
0.8215869952 ,
1.1586253077 ,
0 ,
0.2965202071 ,
0.6550785945 ,
0.9098110161 ,
0 ,
0.4301354919 ,
0.8160695504 ,
0.9456958226 ,
0 ,
0.5272998844 ,
0.8492743359 ,
0.9186176807 ,
0 ,
0.5211641578 ,
1.1374345826 ,
1.3124092155 ,
0 ,
0.3302443246 ,
0.9697955247 ,
1.2627993573 ,
0 ,
0.4162778153 ,
0.7544370551 ,
1.0608104929 ,
0 ,
0.2621047039 ,
0.3581062159 ,
0.4668708444 ,
0 ,
-0.036328117 ,
-0.051430148 ,
0.1867938368 ,
0 ,
0.0554020404 ,
-0.069947135 ,
-0.041706618 ,
0 ,
-0.108868784 ,
-0.105880107 ,
-0.305681531 ,
0 ,
0 ,
0 ,
0 ,
0 ,
0.1272569879 ,
0.5600933028 ,
0.6480463507 ,
0 ,
0.4638621664 ,
0.849705913 ,
1.3012546082 ,
0 ,
0.4019143343 ,
0.7640950844 ,
1.152524425 ,
0 ,
0.5017556145 ,
0.9932749035 ,
1.0400642981 ,
0 ,
0.5154264756 ,
0.8333281616 ,
0.8561574507 ,
0 ,
0.555765167 ,
1.2230911568 ,
1.3835339919 ,
0 ,
0.2130960894 ,
0.8419744557 ,
1.0832538841 ,
0 ,
0.277535227 ,
0.5640643329 ,
0.8180563202 ,
0 ,
0.0235292637 ,
0.0429201802 ,
0.1444576379 ,
0 ,
-0.221830054 ,
-0.32215425 ,
-0.036681108 ,
0 ,
-0.095529359 ,
-0.197709934 ,
-0.143217217 ,
0 ,
-0.227044056 ,
-0.202258321 ,
-0.377907771 ,
0 ,
0 ,
0 ,
0 ,
0 ,
0.2578057228 ,
0.6006846931 ,
0.742732903 ,
0 ,
0.4902026703 ,
1.0298100098 ,
1.622035948 ,
0 ,
0.3613749852 ,
0.6871101055 ,
1.2371146802 ,
0 ,
0.550581864 ,
1.1492672394 ,
1.2358743807 ,
0 ,
0.5574910934 ,
0.9164763365 ,
1.0222780794 ,
0 ,
0.6198353582 ,
1.3601579023 ,
1.4909949412 ,
0 ,
0.3996886686 ,
1.1129454411 ,
1.3782905644 ,
0 ,
0.2364841339 ,
0.4846385925 ,
0.8756541275 ,
0 ,
-0.055982707 ,
0.0449672741 ,
0.1388639483 ,
0 ,
-0.206850053 ,
-0.316548678 ,
0.0713603131 ,
0 ,
-0.121360291 ,
-0.376598016 ,
-0.146210556 ,
0 ,
-0.254239478 ,
-0.187276013 ,
-0.195240747 ,
0 ,
0 ,
0 ,
0 ,
0 ,
0.2075034984 ,
0.571381831 ,
0.5380584594 ,
0 ,
0.3556179486 ,
0.686251402 ,
1.0803161132 ,
0 ,
0.4159580234 ,
0.7444842936 ,
1.0692161409 ,
0 ,
0.4811305616 ,
0.7667626202 ,
0.8850140807 ,
0 ,
0.6577085778 ,
0.9198260237 ,
1.0528679682 ,
0 ,
0.5135610281 ,
1.0717469004 ,
1.3018043878 ,
0 ,
0.4175093627 ,
1.0074542702 ,
1.3313506412 ,
0 ,
0.4502084203 ,
0.8479915336 ,
1.2019812737 ,
0 ,
0.3496312341 ,
0.4210155506 ,
0.6472768623 ,
0 ,
0.0803703551 ,
-0.039595943 ,
0.1252332423 ,
0 ,
0.1241162054 ,
-0.122507861 ,
-0.011048998 ,
0 ,
0.0069169902 ,
-0.098221428 ,
-0.226885528 ,
0 ,
0 ,
0 ,
0 ,
0 ,
0.2594269045 ,
0.5833162816 ,
0.8152826573 ,
0 ,
0.4270185076 ,
0.7788087595 ,
1.2349591491 ,
0 ,
0.4458620853 ,
0.8231582472 ,
1.2054082907 ,
0 ,
0.4843973316 ,
0.9137828883 ,
0.8426648626 ,
0 ,
0.6223842307 ,
0.9440122535 ,
0.9784946437 ,
0 ,
0.5386664736 ,
1.1737258041 ,
1.3192144108 ,
0 ,
0.300153492 ,
0.9659284611 ,
1.143197524 ,
0 ,
0.360779521 ,
0.7273889066 ,
0.9789947668 ,
0 ,
0.1609335369 ,
0.2483279648 ,
0.3599310897 ,
0 ,
-0.040441566 ,
-0.283962432 ,
-0.020315901 ,
0 ,
-0.015716148 ,
-0.23057247 ,
-0.145524523 ,
0 ,
-0.102022378 ,
-0.248205811 ,
-0.264004931 ,
0 ,
0 ,
0 ,
0 ,
0 ,
0.5482587596 ,
0.4729843747 ,
0.3887227476 ,
0 ,
0.5216758891 ,
0.9205336381 ,
1.2899490452 ,
0 ,
0.4296102713 ,
0.7335815287 ,
1.1039617241 ,
0 ,
0.6451305569 ,
0.9746965434 ,
0.8387338753 ,
0 ,
0.6431359389 ,
0.9632223047 ,
0.9456770322 ,
0 ,
0.525493207 ,
1.1503337644 ,
1.1474735367 ,
0 ,
0.3068864347 ,
0.9732027042 ,
0.9602663703 ,
0 ,
0.4697842648 ,
0.6898271875 ,
0.8930139108 ,
0 ,
0.0690114897 ,
-0.000568888 ,
0.0349251203 ,
0 ,
-0.02578483 ,
-0.460594648 ,
-0.295096892 ,
0 ,
-0.147333765 ,
-0.575538268 ,
-0.460858719 ,
0 ,
-0.158587982 ,
-0.297158699 ,
-0.397174795 ,
0 ,
0 ,
0 ,
0 ,
0 ,
0.0980401876 ,
0.6234638405 ,
0.8968035135 ,
0 ,
0.4881434591 ,
1.0399433952 ,
1.6695066123 ,
0 ,
0.425897986 ,
0.9002713674 ,
1.5573106286 ,
0 ,
0.5470614527 ,
0.9846392079 ,
1.3721229676 ,
0 ,
0.601394466 ,
1.1650265445 ,
1.5305157858 ,
0 ,
0.6988760395 ,
1.3310686663 ,
1.9220644311 ,
0 ,
0.4176595354 ,
1.0711706133 ,
1.7439947747 ,
0 ,
0.4015180603 ,
0.9277392618 ,
1.4945494333 ,
0 ,
0.2898703891 ,
0.4406106612 ,
0.8527046424 ,
0 ,
0.1502671085 ,
0.0645071836 ,
0.6227138251 ,
0 ,
0.0475310023 ,
-0.058040719 ,
0.4563297919 ,
0 ,
-0.149978378 ,
0.047127777 ,
0.0613183508 ,
0 ,
0 ,
0 ,
0 ,
0 ,
0.1099104259 ,
0.6142251916 ,
1.0226144489 ,
0 ,
0.591388293 ,
1.1508309701 ,
1.8101502346 ,
0 ,
0.5451739344 ,
0.914083933 ,
1.6076029239 ,
0 ,
0.5804349858 ,
0.9749321125 ,
1.1832694908 ,
0 ,
0.6094729697 ,
1.1540256005 ,
1.3706127067 ,
0 ,
0.7993049551 ,
1.3881841548 ,
1.8953228037 ,
0 ,
0.3303227469 ,
0.8981275524 ,
1.4133787742 ,
0 ,
0.2957428294 ,
0.6839971098 ,
1.1500543044 ,
0 ,
0.0754486847 ,
0.0831540179 ,
0.3689587534 ,
0 ,
-0.047069744 ,
-0.257078861 ,
0.3179108229 ,
0 ,
-0.167253134 ,
-0.226205269 ,
0.1923679384 ,
0 ,
-0.259437329 ,
-0.209688199 ,
-0.097987715 ,
0 ,
0 ,
0 ,
0 ,
0 ,
0.2966904449 ,
0.7614518506 ,
0.6712804561 ,
0 ,
0.6435409535 ,
1.265252401 ,
1.9689618272 ,
0 ,
0.5306517139 ,
0.864005475 ,
1.6237705013 ,
0 ,
0.6593412827 ,
1.1111162412 ,
1.2780001923 ,
0 ,
0.6536139722 ,
1.1054019559 ,
1.3098543859 ,
0 ,
0.9159632872 ,
1.4420406873 ,
1.8857774052 ,
0 ,
0.4990800073 ,
1.0696496023 ,
1.52855189 ,
0 ,
0.3710709794 ,
0.5809499196 ,
1.0878527782 ,
0 ,
0.0855186037 ,
0.0179692244 ,
0.2398239632 ,
0 ,
0.0149782794 ,
-0.397463919 ,
0.351555366 ,
0 ,
-0.153789154 ,
-0.276755886 ,
0.0777547865 ,
0 ,
-0.215741857 ,
-0.251152068 ,
-0.091101027 ,
0 ,
0 ,
0 ,
0 ,
0 ,
0.1501478448 ,
0.5372602071 ,
0.5684253626 ,
0 ,
0.4191580366 ,
0.680716906 ,
1.1127603003 ,
0 ,
0.4630665472 ,
0.7119901336 ,
1.0929887706 ,
0 ,
0.5751847022 ,
0.8624144838 ,
1.0525392859 ,
0 ,
0.6124908011 ,
0.9584365865 ,
1.076734672 ,
0 ,
0.6687581507 ,
1.223598217 ,
1.4619368219 ,
0 ,
0.4125360449 ,
1.0986471396 ,
1.4386412585 ,
0 ,
0.5710474479 ,
0.897838551 ,
1.2270103483 ,
0 ,
0.1784091584 ,
0.2269001745 ,
0.5233951372 ,
0 ,
0.2388321692 ,
0.0506298926 ,
0.2898321794 ,
0 ,
0.2131284427 ,
0.0694613242 ,
0.265244545 ,
0 ,
0.0101235309 ,
-0.165037894 ,
-0.056935605 ,
0 ,
0 ,
0 ,
0 ,
0 ,
0.0672952265 ,
0.4324123037 ,
0.8629286765 ,
0 ,
0.4718873357 ,
0.6827601978 ,
1.3899954631 ,
0 ,
0.4867893986 ,
0.7331130577 ,
1.2601373829 ,
0 ,
0.5216134709 ,
0.9306375013 ,
1.1550519259 ,
0 ,
0.6670925024 ,
1.0935007468 ,
1.2506843445 ,
0 ,
0.8000273844 ,
1.3514439385 ,
1.7052446221 ,
0 ,
0.3280195102 ,
0.9319766512 ,
1.3324392841 ,
0 ,
0.5066811054 ,
0.7563028346 ,
1.1861159261 ,
0 ,
0.0272320829 ,
0.042917873 ,
0.3922538185 ,
0 ,
0.1044683223 ,
-0.256542355 ,
0.1688144832 ,
0 ,
0.0653395081 ,
0.0045268696 ,
0.3313950144 ,
0 ,
-0.145965093 ,
-0.353852499 ,
-0.103891427 ,
0 ,
0 ,
0 ,
0 ,
0 ,
0.0358358858 ,
0.0147749544 ,
0.5973854897 ,
0 ,
0.6056285722 ,
0.7710157205 ,
1.646683669 ,
0 ,
0.4661850113 ,
0.5782776224 ,
1.3017089478 ,
0 ,
0.7784248811 ,
1.0760747916 ,
1.2767114794 ,
0 ,
0.8584243388 ,
1.13132542 ,
1.3259648397 ,
0 ,
1.0255984928 ,
1.411903946 ,
1.7526291449 ,
0 ,
0.5189021908 ,
0.9836813131 ,
1.4027833516 ,
0 ,
0.6315025785 ,
0.6785472167 ,
1.1805198063 ,
0 ,
0.2070219688 ,
0.006552314 ,
0.3938589145 ,
0 ,
0.2852333841 ,
-0.461908468 ,
0.1818637898 ,
0 ,
0.2528361447 ,
-0.053721422 ,
0.3588171131 ,
0 ,
0.012122975 ,
-0.270468726 ,
0.0245447439 ,
0 ,
0 ,
0 ,
0 ,
0 ,
0.0767092138 ,
0.5543801601 ,
0.6732176807 ,
0 ,
0.4469283809 ,
0.976961184 ,
1.4820970479 ,
0 ,
0.3681317736 ,
0.8147348494 ,
1.2771008192 ,
0 ,
0.5178948883 ,
1.0053111606 ,
1.1922085799 ,
0 ,
0.6869938791 ,
1.0842501416 ,
1.1940272101 ,
0 ,
0.5896803679 ,
1.1802516379 ,
1.5257762113 ,
0 ,
0.2800752654 ,
1.0830833146 ,
1.4387938462 ,
0 ,
0.440171062 ,
0.96462062 ,
1.3741302291 ,
0 ,
0.3289587273 ,
0.5130719334 ,
0.794841638 ,
0 ,
0.1609330816 ,
0.0441059363 ,
0.292847425 ,
0 ,
0.2333133803 ,
0.0177552995 ,
0.3402253347 ,
0 ,
-0.106570148 ,
-0.213868499 ,
-0.14709596 ,
0 ,
0 ,
0 ,
0 ,
0 ,
0.0285908772 ,
0.7243333024 ,
0.9927611599 ,
0 ,
0.4689896542 ,
1.0813900451 ,
1.6682459739 ,
0 ,
0.3349135066 ,
0.8596985992 ,
1.4616301266 ,
0 ,
0.5130644402 ,
1.2046802692 ,
1.2946659558 ,
0 ,
0.6614715293 ,
1.17825782 ,
1.2612139311 ,
0 ,
0.6563786036 ,
1.3476415604 ,
1.7550841622 ,
0 ,
0.2261559112 ,
1.0508128096 ,
1.3982674121 ,
0 ,
0.3301995485 ,
0.8658160307 ,
1.3126051183 ,
0 ,
0.0410118335 ,
0.3144918214 ,
0.5763230595 ,
0 ,
0.050590023 ,
-0.08134316 ,
0.1505852173 ,
0 ,
0.1088614806 ,
0.0647468149 ,
0.2845992675 ,
0 ,
-0.253230362 ,
-0.335814549 ,
-0.155563421 ,
0 ,
0 ,
0 ,
0 ,
0 ,
0.008050019 ,
0.3927220147 ,
0.3629949742 ,
0 ,
0.5101930292 ,
1.2366108658 ,
1.7681978453 ,
0 ,
0.4439278166 ,
0.8495986899 ,
1.3564252513 ,
0 ,
0.5563107517 ,
1.3110557949 ,
1.2598085537 ,
0 ,
0.7311495482 ,
1.2217218416 ,
1.2385571298 ,
0 ,
0.7801048852 ,
1.4872359584 ,
1.8034966888 ,
0 ,
0.3869553668 ,
1.2465506215 ,
1.4651211519 ,
0 ,
0.443085895 ,
0.8252008609 ,
1.3207830315 ,
0 ,
0.0518404528 ,
0.3326922077 ,
0.4649061109 ,
0 ,
0.234904403 ,
0.0042727969 ,
0.0482989747 ,
0 ,
0.1620857077 ,
-0.058586522 ,
0.0352541059 ,
0 ,
-0.123897448 ,
-0.184515646 ,
-0.239403952 ,
0 ,
0 ,
0 ,
0 ,
0 ,
0.3183041563 ,
0.5952671845 ,
0.5091070252 ,
0 ,
0.5603738588 ,
0.8190772724 ,
1.121107786 ,
0 ,
0.5690214072 ,
0.8547378627 ,
1.0663846157 ,
0 ,
0.6809975819 ,
0.9237222399 ,
0.9703549206 ,
0 ,
0.814099528 ,
1.0732464712 ,
1.0732260346 ,
0 ,
0.7381009031 ,
1.2421534421 ,
1.3688014393 ,
0 ,
0.563891678 ,
1.1219501363 ,
1.2894433664 ,
0 ,
0.6338634263 ,
0.9962002767 ,
1.1584367494 ,
0 ,
0.4567539533 ,
0.4158632445 ,
0.5298908552 ,
0 ,
0.4094694312 ,
0.3452337818 ,
0.3560236509 ,
0 ,
0.3439809333 ,
0.1259929146 ,
-0.017674389 ,
0 ,
0.0549293321 ,
0.0914921803 ,
-0.132814161 ,
0 ,
0 ,
0 ,
0 ,
0 ,
0.3449624617 ,
0.5062964303 ,
0.7211862148 ,
0 ,
0.6532008744 ,
0.8564197847 ,
1.3716103987 ,
0 ,
0.6167489043 ,
0.911371379 ,
1.1863299681 ,
0 ,
0.6514713397 ,
1.0073040405 ,
0.9196307665 ,
0 ,
0.7944061803 ,
1.0868495146 ,
1.0959134 ,
0 ,
0.9126784382 ,
1.377747627 ,
1.5589277023 ,
0 ,
0.5373685815 ,
1.0343769671 ,
1.2314945316 ,
0 ,
0.5599753869 ,
0.8251324141 ,
0.9862937911 ,
0 ,
0.2806553392 ,
0.1833591485 ,
0.3278402296 ,
0 ,
0.217650028 ,
0.086824602 ,
0.1035207395 ,
0 ,
0.1243922392 ,
-0.020517211 ,
-0.206815531 ,
0 ,
-0.12514552 ,
-0.130117568 ,
-0.291879454 ,
0 ,
0 ,
0 ,
0 ,
0 ,
-0.22301986 ,
0.2794340734 ,
0.1225305691 ,
0 ,
0.6130167739 ,
0.9658801941 ,
1.5430194404 ,
0 ,
0.635356578 ,
0.9547982484 ,
1.2361749441 ,
0 ,
0.6650348844 ,
1.1341990418 ,
0.8692778992 ,
0 ,
0.8189062088 ,
1.1627471431 ,
1.1327904484 ,
0 ,
1.0281423538 ,
1.5387326902 ,
1.6626457098 ,
0 ,
0.6780918976 ,
1.3012284827 ,
1.3741124766 ,
0 ,
0.5401191785 ,
0.8194180339 ,
0.9745873014 ,
0 ,
0.2419744603 ,
0.211407632 ,
0.20991197 ,
0 ,
0.2894026257 ,
0.0763215074 ,
0.0670702703 ,
0 ,
0.1177667108 ,
-0.22607735 ,
-0.371770302 ,
0 ,
-0.051914371 ,
0.1310964796 ,
-0.181750277 ,
0 ,
0 ,
0 ,
0 ,
0 ,
0.0418573712 ,
0.3171309258 ,
0.527958093 ,
0 ,
0.2459869157 ,
0.6966033333 ,
1.2431203354 ,
0 ,
0.3522933534 ,
0.640129829 ,
1.1280301364 ,
0 ,
0.439218472 ,
0.7564654817 ,
1.0646756295 ,
0 ,
0.5068814072 ,
0.8765049393 ,
1.1269612872 ,
0 ,
0.4554509289 ,
1.1567375137 ,
1.4256213424 ,
0 ,
0.1625497392 ,
0.9474778889 ,
1.3755874746 ,
0 ,
0.3202232674 ,
0.7695210236 ,
1.1935950195 ,
0 ,
0.1811609058 ,
0.3654470112 ,
0.6382305719 ,
0 ,
0.0585398623 ,
-0.054235377 ,
0.3316060959 ,
0 ,
0.0567327485 ,
-0.008071243 ,
0.1390009946 ,
0 ,
-0.183197923 ,
-0.208864116 ,
-0.430705436 ,
0 ,
0 ,
0 ,
0 ,
0 ,
-0.02264119 ,
0.1920148087 ,
0.6362778337 ,
0 ,
0.2396778271 ,
0.6181340871 ,
1.3637804591 ,
0 ,
0.3904179767 ,
0.6453275091 ,
1.3137456824 ,
0 ,
0.4338004857 ,
0.8555920922 ,
1.0915900942 ,
0 ,
0.4795572845 ,
0.8891662119 ,
1.1533746686 ,
0 ,
0.5046096183 ,
1.2623660602 ,
1.6470959294 ,
0 ,
0.0856300809 ,
0.7461730417 ,
1.2951968877 ,
0 ,
0.1923657185 ,
0.5659801475 ,
1.0383285036 ,
0 ,
-0.075356506 ,
0.0766726496 ,
0.4036407281 ,
0 ,
-0.086608797 ,
-0.267803085 ,
0.2737176362 ,
0 ,
-0.125053232 ,
-0.202126618 ,
0.0353533776 ,
0 ,
-0.356418464 ,
-0.494025849 ,
-0.52876467 ,
0 ,
0 ,
0 ,
0 ,
0 ,
-0.021555015 ,
-0.146377403 ,
0.4099861098 ,
0 ,
0.2827086958 ,
0.69300286 ,
1.6701660168 ,
0 ,
0.4517968409 ,
0.5266013199 ,
1.3810003883 ,
0 ,
0.6025886573 ,
0.9261347196 ,
1.1986932067 ,
0 ,
0.577995898 ,
0.8550890454 ,
1.209084843 ,
0 ,
0.5900239625 ,
1.223576602 ,
1.6599642207 ,
0 ,
0.2332765376 ,
0.8541566258 ,
1.4358196628 ,
0 ,
0.2348112014 ,
0.4101784765 ,
1.0300036167 ,
0 ,
-0.143831483 ,
-0.09703079 ,
0.2584075546 ,
0 ,
0.0500659857 ,
-0.369526532 ,
0.3359539598 ,
0 ,
-0.148707969 ,
-0.305421856 ,
0.1422237244 ,
0 ,
-0.243208426 ,
-0.503736845 ,
-0.479653513 ,
0 ,
0 ,
0 ,
0 ,
};
 
 
double INCOME_QUARTILE_Calendar_time [BOOTSTRAP_INDEX_39][AR_ORDER_INDEX_3][INCOME_QUARTILE]={
0 ,
0.0078552902 ,
-0.002140713 ,
-0.008641311 ,
0 ,
0.0144728996 ,
0.0086737689 ,
0.0103781188 ,
0 ,
-0.014020214 ,
0.0035304375 ,
0.0275918251 ,
0 ,
0.0136831094 ,
0.0028653928 ,
-0.00757742 ,
0 ,
0.0193708351 ,
0.0172871619 ,
0.0129296325 ,
0 ,
-0.010361305 ,
0.0058432222 ,
0.0220592654 ,
0 ,
0.0009396495 ,
-0.004643922 ,
-0.014202639 ,
0 ,
0.01307194 ,
0.0037021142 ,
0.0005782999 ,
0 ,
-0.020647191 ,
-0.004737599 ,
0.0167419323 ,
0 ,
0.0122026755 ,
0.0022038764 ,
-0.004828066 ,
0 ,
0.0227841591 ,
0.0153862773 ,
0.0157906855 ,
0 ,
-0.022139532 ,
0.0083906764 ,
0.0144519843 ,
0 ,
0.008686393 ,
-0.004788902 ,
-0.01980966 ,
0 ,
0.0153081594 ,
0.0036607556 ,
0.0011272099 ,
0 ,
-0.007401232 ,
0.004394717 ,
0.0146351302 ,
0 ,
0.0060262031 ,
-0.012641993 ,
-0.015110053 ,
0 ,
0.0125210324 ,
-0.004680252 ,
0.0001134823 ,
0 ,
-0.011239898 ,
-0.008879225 ,
0.0254151743 ,
0 ,
0.011645347 ,
-0.00289271 ,
-0.001662556 ,
0 ,
0.0191763925 ,
0.0104774237 ,
0.0200271795 ,
0 ,
0.0058212488 ,
0.0079084513 ,
0.0523562153 ,
0 ,
0.0125638401 ,
0.0006586547 ,
-0.00457678 ,
0 ,
0.0145719329 ,
0.0015671298 ,
0.0002157059 ,
0 ,
-0.000167416 ,
0.0171877282 ,
0.0435938997 ,
0 ,
0.0100254353 ,
-0.005917254 ,
-0.009599351 ,
0 ,
0.010536158 ,
0.0050499458 ,
0.0105766178 ,
0 ,
-0.0134507 ,
0.0027951983 ,
0.0295917145 ,
0 ,
0.0221122286 ,
0.0135921178 ,
0.0042557446 ,
0 ,
0.0342043133 ,
0.0311133885 ,
0.0381376605 ,
0 ,
0.0053790976 ,
0.0243191946 ,
0.0641660392 ,
0 ,
0.0046616149 ,
0.0004774963 ,
-0.007617318 ,
0 ,
0.0087200342 ,
0.0149696914 ,
0.0098438475 ,
0 ,
-0.026893962 ,
0.0084560284 ,
0.0268360204 ,
0 ,
0.0130791328 ,
-0.003910727 ,
-0.006699772 ,
0 ,
0.0248176025 ,
0.0134540882 ,
0.0162066917 ,
0 ,
-0.024831899 ,
0.0045034651 ,
0.0271243022 ,
0 ,
0.0051801032 ,
-0.001184275 ,
-0.009614086 ,
0 ,
0.0134181143 ,
0.0130805863 ,
0.0150353804 ,
0 ,
-0.019883956 ,
0.0107750365 ,
0.0356063801 ,
0 ,
0.0137273033 ,
0.0043679988 ,
-0.001734177 ,
0 ,
0.0205600841 ,
0.0152702892 ,
0.0161695992 ,
0 ,
-0.001953156 ,
0.0125631826 ,
0.0435416629 ,
0 ,
0.0062756207 ,
0.0010004392 ,
-0.008314064 ,
0 ,
0.005274416 ,
0.0071280064 ,
-0.005556265 ,
0 ,
-0.028370282 ,
-0.000530604 ,
0.0089212749 ,
0 ,
0.0149971126 ,
-0.002200631 ,
-0.004871781 ,
0 ,
0.0245843667 ,
0.0096325843 ,
0.0246924005 ,
0 ,
-0.007127273 ,
0.006915968 ,
0.0348316121 ,
0 ,
0.0040767691 ,
-0.004109453 ,
-0.001596269 ,
0 ,
-0.001986876 ,
-0.00352086 ,
0.0130980739 ,
0 ,
-0.027723108 ,
0.0041499375 ,
0.0456708799 ,
0 ,
0.0032650623 ,
-0.006407733 ,
-0.005847628 ,
0 ,
0.0041508748 ,
0.0040925785 ,
0.0055981151 ,
0 ,
-0.013387701 ,
0.0063683144 ,
0.0259770176 ,
0 ,
0.008440496 ,
-0.005633225 ,
-0.016142009 ,
0 ,
0.010233327 ,
-0.004309266 ,
-0.007911107 ,
0 ,
-0.00943944 ,
0.0050183605 ,
0.0142080064 ,
0 ,
0.0040561648 ,
-0.007171567 ,
-0.002279039 ,
0 ,
0.0129968481 ,
0.0033084283 ,
0.0144072689 ,
0 ,
-0.011129716 ,
0.0012166242 ,
0.0340201448 ,
0 ,
0.0120266519 ,
-0.0004176 ,
-0.007987317 ,
0 ,
0.0222164851 ,
0.0225686386 ,
0.0186915964 ,
0 ,
-0.008256511 ,
0.0113740562 ,
0.0268521935 ,
0 ,
0.0101320901 ,
0.0065066368 ,
-0.005990339 ,
0 ,
0.0205888688 ,
0.0249731127 ,
0.0236557842 ,
0 ,
-0.013920601 ,
0.0012873457 ,
0.0377613867 ,
0 ,
0.0011840925 ,
-0.008718097 ,
-0.011139647 ,
0 ,
0.0124758711 ,
0.0073090795 ,
0.0152499735 ,
0 ,
-0.022777983 ,
-0.00207921 ,
0.031983788 ,
0 ,
0.0040632721 ,
0.0039874628 ,
-0.00540458 ,
0 ,
0.0099682586 ,
0.0245891154 ,
0.0186492432 ,
0 ,
-0.016407079 ,
0.0271927205 ,
0.0347310682 ,
0 ,
0.0072440991 ,
-0.008408103 ,
-0.013412242 ,
0 ,
0.0140752453 ,
-0.001545216 ,
-0.001861187 ,
0 ,
-0.017966559 ,
-0.017481466 ,
0.0120441421 ,
0 ,
0.0054660191 ,
-0.00085406 ,
-0.008259238 ,
0 ,
0.011001791 ,
0.0145886958 ,
0.0131984393 ,
0 ,
-0.018312709 ,
0.0080444565 ,
0.0285497542 ,
0 ,
0.0125293694 ,
0.0005774351 ,
-0.001634064 ,
0 ,
0.0081597166 ,
0.0055184944 ,
0.0108707102 ,
0 ,
-0.00353674 ,
0.0179226577 ,
0.0441936574 ,
0 ,
0.0069513385 ,
-0.009202545 ,
-0.008583958 ,
0 ,
0.0216128809 ,
0.0064737616 ,
0.0212383611 ,
0 ,
-0.005666109 ,
0.0130585397 ,
0.0556451553 ,
0 ,
0.0095301407 ,
-0.002227226 ,
-0.004276925 ,
0 ,
0.0219113371 ,
0.0160930461 ,
0.0228900405 ,
0 ,
-0.011128643 ,
0.0172481488 ,
0.036009367 ,
0 ,
0.0104646308 ,
0.0017854599 ,
-0.007921796 ,
0 ,
0.0134948436 ,
0.0180664759 ,
0.0196783465 ,
0 ,
-0.00631211 ,
0.0197355337 ,
0.0394595944 ,
0 ,
0.0003234324 ,
-0.00891538 ,
-0.013214184 ,
0 ,
0.0028035783 ,
0.0048173451 ,
-0.003407718 ,
0 ,
-0.018177395 ,
-0.006084889 ,
0.0186375523 ,
0 ,
0.0097037908 ,
-0.001254449 ,
-0.011800323 ,
0 ,
0.0165760823 ,
0.0126410656 ,
0.0037785408 ,
0 ,
-0.012773432 ,
0.0072666821 ,
0.0201724803 ,
0 ,
0.0035539261 ,
-0.005437903 ,
-0.00712007 ,
0 ,
0.0009066454 ,
-0.006283819 ,
-0.000963137 ,
0 ,
-0.019122861 ,
0.0042765177 ,
0.0356369293 ,
0 ,
0.0116189415 ,
0.0004715172 ,
-0.002706177 ,
0 ,
0.0169840046 ,
0.0125539011 ,
0.0187321845 ,
0 ,
-0.012348082 ,
0.0054764014 ,
0.0305727607 ,
0 ,
0.0142723122 ,
-0.000375551 ,
0.0006582405 ,
0 ,
0.0248117201 ,
0.0132670145 ,
0.029648135 ,
0 ,
-0.003649489 ,
0.0110241658 ,
0.0363219662 ,
0 ,
0.0103047316 ,
-0.001490289 ,
-0.009518795 ,
0 ,
0.0116654397 ,
0.0050737835 ,
0.0120858435 ,
0 ,
-0.003619417 ,
0.011721876 ,
0.0438433581 ,
0 ,
0.0132716663 ,
-0.004549672 ,
-0.009103169 ,
0 ,
0.0216435171 ,
0.0126663568 ,
0.0092289423 ,
0 ,
-0.018466453 ,
-0.001935528 ,
0.0086290125 ,
0 ,
0.0127591765 ,
0.0036659864 ,
-0.011529297 ,
0 ,
0.0112589197 ,
0.0118586385 ,
0.0080255548 ,
0 ,
-0.019591795 ,
0.0027066946 ,
0.0252581286 ,
0 ,
0.0093077991 ,
-0.00094924 ,
-0.009889755 ,
0 ,
0.0113400754 ,
0.0084722544 ,
0.0098559291 ,
0 ,
-0.018600304 ,
0.0061644379 ,
0.0310169627 ,
0 ,
0.0056498105 ,
-0.004268878 ,
-0.006799837 ,
0 ,
0.0057526662 ,
0.0020050542 ,
0.0042579884 ,
0 ,
-0.016896045 ,
-0.002991728 ,
0.0108779917 ,
};
 
 
double INCOME_QUARTILE_Drink_cat_t [BOOTSTRAP_INDEX_39][AR_ORDER_INDEX_3][ALCOHOL5 ][INCOME_QUARTILE]={
0 ,
0 ,
0 ,
0 ,
0 ,
0 ,
0 ,
0 ,
0 ,
0 ,
0 ,
0 ,
0 ,
0 ,
0 ,
0 ,
0 ,
0 ,
0 ,
0 ,
0 ,
0 ,
0 ,
0 ,
0 ,
0 ,
0 ,
0 ,
0 ,
0 ,
0 ,
0 ,
0 ,
0 ,
0 ,
0 ,
0 ,
0 ,
0 ,
0 ,
0 ,
0 ,
0 ,
0 ,
0 ,
0 ,
0 ,
0 ,
0 ,
0 ,
0 ,
0 ,
0 ,
0 ,
0 ,
0 ,
0 ,
0 ,
0 ,
0 ,
0 ,
0 ,
0 ,
0 ,
0 ,
0 ,
0 ,
0 ,
0 ,
0 ,
0 ,
0 ,
0 ,
0 ,
0 ,
0 ,
0 ,
0 ,
0 ,
0 ,
0 ,
0 ,
0 ,
0 ,
0 ,
0 ,
0 ,
0 ,
0 ,
0 ,
0 ,
0 ,
0 ,
0 ,
0 ,
0 ,
0 ,
0 ,
0 ,
0 ,
0 ,
0 ,
0 ,
0 ,
0 ,
0 ,
0 ,
0 ,
0 ,
0 ,
0 ,
0 ,
0 ,
0 ,
0 ,
0 ,
0 ,
0 ,
0 ,
0 ,
0 ,
0 ,
0 ,
0 ,
0 ,
0 ,
0 ,
0 ,
0 ,
0 ,
0 ,
0 ,
0 ,
0 ,
0 ,
0 ,
0 ,
0 ,
0 ,
0 ,
0 ,
0 ,
0 ,
0 ,
0 ,
0 ,
0 ,
0 ,
0 ,
0 ,
0 ,
0 ,
0 ,
0 ,
0 ,
0 ,
0 ,
0 ,
0 ,
0 ,
0 ,
0 ,
0 ,
0 ,
0 ,
0 ,
0 ,
0 ,
0 ,
0 ,
0 ,
0 ,
0 ,
0 ,
0 ,
0 ,
0 ,
0 ,
0 ,
0 ,
0 ,
0 ,
0 ,
0 ,
0 ,
0 ,
0 ,
0 ,
0 ,
0 ,
0 ,
0 ,
0 ,
0 ,
0 ,
0 ,
0 ,
0 ,
0 ,
0 ,
0 ,
0 ,
0 ,
0 ,
0 ,
0 ,
0 ,
0 ,
0 ,
0 ,
0 ,
0 ,
0 ,
0 ,
0 ,
0 ,
0 ,
0 ,
0 ,
0 ,
0 ,
0 ,
0 ,
0 ,
0 ,
0 ,
0 ,
0 ,
0 ,
0 ,
0 ,
0 ,
0 ,
0 ,
0 ,
0 ,
0 ,
0 ,
0 ,
0 ,
0 ,
0 ,
0 ,
0 ,
0 ,
0 ,
0 ,
0 ,
0 ,
0 ,
0 ,
0 ,
0 ,
0 ,
0 ,
0 ,
0 ,
0 ,
0 ,
0 ,
0 ,
0 ,
0 ,
0 ,
0 ,
0 ,
0 ,
0 ,
0 ,
0 ,
0 ,
0 ,
0 ,
0 ,
0 ,
0 ,
0 ,
0 ,
0 ,
0 ,
0 ,
0 ,
0 ,
0 ,
0 ,
0 ,
0 ,
0 ,
0 ,
0 ,
0 ,
0 ,
0 ,
0 ,
0 ,
0 ,
0 ,
0 ,
0 ,
0 ,
0 ,
0 ,
0 ,
0 ,
0 ,
0 ,
0 ,
0 ,
0 ,
0 ,
0 ,
0 ,
0 ,
0 ,
0 ,
0 ,
0 ,
0 ,
0 ,
0 ,
0 ,
0 ,
0 ,
0 ,
0 ,
0 ,
0 ,
0 ,
0 ,
0 ,
0 ,
0 ,
0 ,
0 ,
0 ,
0 ,
0 ,
0 ,
0 ,
0 ,
0 ,
0 ,
0 ,
0 ,
0 ,
0 ,
0 ,
0 ,
0 ,
0 ,
0 ,
0 ,
0 ,
0 ,
0 ,
0 ,
0 ,
0 ,
0 ,
0 ,
0 ,
0 ,
0 ,
0 ,
0 ,
0 ,
0 ,
0 ,
0 ,
0 ,
0 ,
0 ,
0 ,
0 ,
0 ,
0 ,
0 ,
0 ,
0 ,
0 ,
0 ,
0 ,
0 ,
0 ,
0 ,
0 ,
0 ,
0 ,
0 ,
0 ,
0 ,
0 ,
0 ,
0 ,
0 ,
0 ,
0 ,
0 ,
0 ,
0 ,
0 ,
0 ,
0 ,
0 ,
0 ,
0 ,
0 ,
0 ,
0 ,
0 ,
0 ,
0 ,
0 ,
0 ,
0 ,
0 ,
0 ,
0 ,
0 ,
0 ,
0 ,
0 ,
0 ,
0 ,
0 ,
0 ,
0 ,
0 ,
0 ,
0 ,
0 ,
0 ,
0 ,
0 ,
0 ,
0 ,
0 ,
0 ,
0 ,
0 ,
0 ,
0 ,
0 ,
0 ,
0 ,
0 ,
0 ,
0 ,
0 ,
0 ,
0 ,
0 ,
0 ,
0 ,
0 ,
0 ,
0 ,
0 ,
0 ,
0 ,
0 ,
0 ,
0 ,
0 ,
0 ,
0 ,
0 ,
0 ,
0 ,
0 ,
0 ,
0 ,
0 ,
0 ,
0 ,
0 ,
0 ,
0 ,
0 ,
0 ,
0 ,
0 ,
0 ,
0 ,
0 ,
0 ,
0 ,
0 ,
0 ,
0 ,
0 ,
0 ,
0 ,
0 ,
0 ,
0 ,
0 ,
0 ,
0 ,
0 ,
0 ,
0 ,
0 ,
0 ,
0 ,
0 ,
0 ,
0 ,
0 ,
0 ,
0 ,
0 ,
0 ,
0 ,
0 ,
0 ,
0 ,
0 ,
0 ,
0 ,
0 ,
0 ,
0 ,
0 ,
0 ,
0 ,
0 ,
0 ,
0 ,
0 ,
0 ,
0 ,
0 ,
0 ,
0 ,
0 ,
0 ,
0 ,
0 ,
0 ,
0 ,
0 ,
0 ,
0 ,
0 ,
0 ,
0 ,
0 ,
0 ,
0 ,
0 ,
0 ,
0 ,
0 ,
0 ,
0 ,
0 ,
0 ,
0 ,
0 ,
0 ,
0 ,
0 ,
0 ,
0 ,
0 ,
0 ,
0 ,
0 ,
0 ,
0 ,
0 ,
0 ,
0 ,
0 ,
0 ,
0 ,
0 ,
0 ,
0 ,
0 ,
0 ,
0 ,
0 ,
0 ,
0 ,
0 ,
0 ,
0 ,
0 ,
0 ,
0 ,
0 ,
0 ,
0 ,
0 ,
0 ,
0 ,
0 ,
0 ,
0 ,
0 ,
0 ,
0 ,
0 ,
0 ,
0 ,
0 ,
0 ,
0 ,
0 ,
0 ,
0 ,
0 ,
0 ,
0 ,
0 ,
0 ,
0 ,
0 ,
0 ,
0 ,
0 ,
0 ,
0 ,
0 ,
0 ,
0 ,
0 ,
0 ,
0 ,
0 ,
0 ,
0 ,
0 ,
0 ,
0 ,
0 ,
0 ,
0 ,
0 ,
0 ,
0 ,
0 ,
0 ,
0 ,
0 ,
0 ,
0 ,
0 ,
0 ,
0 ,
0 ,
0 ,
0 ,
0 ,
0 ,
0 ,
0 ,
0 ,
0 ,
0 ,
0 ,
0 ,
0 ,
0 ,
0 ,
0 ,
0 ,
0 ,
0 ,
0 ,
0 ,
0 ,
0 ,
0 ,
0 ,
0 ,
0 ,
0 ,
0 ,
0 ,
0 ,
0 ,
0 ,
0 ,
0 ,
0 ,
0 ,
0 ,
0 ,
0 ,
0 ,
0 ,
0 ,
0 ,
0 ,
0 ,
0 ,
0 ,
0 ,
0 ,
0 ,
0 ,
0 ,
0 ,
0 ,
0 ,
0 ,
0 ,
0 ,
0 ,
0 ,
0 ,
0 ,
0 ,
0 ,
0 ,
0 ,
0 ,
0 ,
0 ,
0 ,
0 ,
0 ,
0 ,
0 ,
0 ,
0 ,
0 ,
0 ,
0 ,
0 ,
0 ,
0 ,
0 ,
0 ,
0 ,
0 ,
0 ,
0 ,
0 ,
0 ,
0 ,
0 ,
0 ,
0 ,
0 ,
0 ,
0 ,
0 ,
0 ,
0 ,
0 ,
0 ,
0 ,
0 ,
0 ,
0 ,
0 ,
0 ,
0 ,
0 ,
0 ,
0 ,
0 ,
0 ,
0 ,
0 ,
0 ,
0 ,
0 ,
0 ,
0 ,
0 ,
0 ,
0 ,
0 ,
0 ,
0 ,
0 ,
0 ,
0 ,
0 ,
0 ,
0 ,
0 ,
0 ,
0 ,
0 ,
0 ,
0 ,
0 ,
0 ,
0 ,
0 ,
0 ,
0 ,
0 ,
0 ,
0 ,
0 ,
0 ,
0 ,
0 ,
0 ,
0 ,
0 ,
0 ,
0 ,
0 ,
0 ,
0 ,
0 ,
0 ,
0 ,
0 ,
0 ,
0 ,
0 ,
0 ,
0 ,
0 ,
0 ,
0 ,
0 ,
0 ,
0 ,
0 ,
0 ,
0 ,
0 ,
0 ,
0 ,
0 ,
0 ,
0 ,
0 ,
0 ,
0 ,
0 ,
0 ,
0 ,
0 ,
0 ,
0 ,
0 ,
0 ,
0 ,
0 ,
0 ,
0 ,
0 ,
0 ,
0 ,
0 ,
0 ,
0 ,
0 ,
0 ,
0 ,
0 ,
0 ,
0 ,
0 ,
0 ,
0 ,
0 ,
0 ,
0 ,
0 ,
0 ,
0 ,
0 ,
0 ,
0 ,
0 ,
0 ,
0 ,
0 ,
0 ,
0 ,
0 ,
0 ,
0 ,
0 ,
0 ,
0 ,
0 ,
0 ,
0 ,
0 ,
0 ,
0 ,
0 ,
0 ,
0 ,
0 ,
0 ,
0 ,
0 ,
0 ,
0 ,
0 ,
0 ,
0 ,
0 ,
0 ,
0 ,
0 ,
0 ,
0 ,
0 ,
0 ,
0 ,
0 ,
0 ,
0 ,
0 ,
0 ,
0 ,
0 ,
0 ,
0 ,
0 ,
0 ,
0 ,
0 ,
0 ,
0 ,
0 ,
0 ,
0 ,
0 ,
0 ,
0 ,
0 ,
0 ,
0 ,
0 ,
0 ,
0 ,
0 ,
0 ,
0 ,
0 ,
0 ,
0 ,
0 ,
0 ,
0 ,
0 ,
0 ,
0 ,
0 ,
0 ,
0 ,
0 ,
0 ,
0 ,
0 ,
0 ,
0 ,
0 ,
0 ,
0 ,
0 ,
0 ,
0 ,
0 ,
0 ,
0 ,
0 ,
0 ,
0 ,
0 ,
0 ,
0 ,
0 ,
0 ,
0 ,
0 ,
0 ,
0 ,
0 ,
0 ,
0 ,
0 ,
0 ,
0 ,
0 ,
0 ,
0 ,
0 ,
0 ,
0 ,
0 ,
0 ,
0 ,
0 ,
0 ,
0 ,
0 ,
0 ,
0 ,
0 ,
0 ,
0 ,
0 ,
0 ,
0 ,
0 ,
0 ,
0 ,
0 ,
0 ,
0 ,
0 ,
0 ,
0 ,
0 ,
0 ,
0 ,
0 ,
0 ,
0 ,
0 ,
0 ,
0 ,
0 ,
0 ,
0 ,
0 ,
0 ,
0 ,
0 ,
0 ,
0 ,
0 ,
0 ,
0 ,
0 ,
0 ,
0 ,
0 ,
0 ,
0 ,
0 ,
0 ,
0 ,
0 ,
0 ,
0 ,
0 ,
0 ,
0 ,
0 ,
0 ,
0 ,
0 ,
0 ,
0 ,
0 ,
0 ,
0 ,
0 ,
0 ,
0 ,
0 ,
0 ,
0 ,
0 ,
0 ,
0 ,
0 ,
0 ,
0 ,
0 ,
0 ,
0 ,
0 ,
0 ,
0 ,
0 ,
0 ,
0 ,
0 ,
0 ,
0 ,
0 ,
0 ,
0 ,
0 ,
0 ,
0 ,
0 ,
0 ,
0 ,
0 ,
0 ,
0 ,
0 ,
0 ,
0 ,
0 ,
0 ,
0 ,
0 ,
0 ,
0 ,
0 ,
0 ,
0 ,
0 ,
0 ,
0 ,
0 ,
0 ,
0 ,
0 ,
0 ,
0 ,
0 ,
0 ,
0 ,
0 ,
0 ,
0 ,
0 ,
0 ,
0 ,
0 ,
0 ,
0 ,
0 ,
0 ,
0 ,
0 ,
0 ,
0 ,
0 ,
0 ,
0 ,
0 ,
0 ,
0 ,
0 ,
0 ,
0 ,
0 ,
0 ,
0 ,
0 ,
0 ,
0 ,
0 ,
0 ,
0 ,
0 ,
0 ,
0 ,
0 ,
0 ,
0 ,
0 ,
0 ,
0 ,
0 ,
0 ,
0 ,
0 ,
0 ,
0 ,
0 ,
0 ,
0 ,
0 ,
0 ,
0 ,
0 ,
0 ,
0 ,
0 ,
0 ,
0 ,
0 ,
0 ,
0 ,
0 ,
0 ,
0 ,
0 ,
0 ,
0 ,
0 ,
0 ,
0 ,
0 ,
0 ,
0 ,
0 ,
0 ,
0 ,
0 ,
0 ,
0 ,
0 ,
0 ,
0 ,
0 ,
0 ,
0 ,
0 ,
0 ,
0 ,
0 ,
0 ,
0 ,
0 ,
0 ,
0 ,
0 ,
0 ,
0 ,
0 ,
0 ,
0 ,
0 ,
0 ,
0 ,
0 ,
0 ,
0 ,
0 ,
0 ,
0 ,
0 ,
0 ,
0 ,
0 ,
0 ,
0 ,
0 ,
0 ,
0 ,
0 ,
0 ,
0 ,
0 ,
0 ,
0 ,
0 ,
0 ,
0 ,
0 ,
0 ,
0 ,
0 ,
0 ,
0 ,
0 ,
0 ,
0 ,
0 ,
0 ,
0 ,
0 ,
0 ,
0 ,
0 ,
0 ,
0 ,
0 ,
0 ,
0 ,
0 ,
0 ,
0 ,
0 ,
0 ,
0 ,
0 ,
0 ,
0 ,
0 ,
0 ,
0 ,
0 ,
0 ,
0 ,
0 ,
0 ,
0 ,
0 ,
0 ,
0 ,
0 ,
0 ,
0 ,
0 ,
0 ,
0 ,
0 ,
0 ,
0 ,
0 ,
0 ,
0 ,
0 ,
0 ,
0 ,
0 ,
0 ,
0 ,
0 ,
0 ,
0 ,
0 ,
0 ,
0 ,
0 ,
0 ,
0 ,
0 ,
0 ,
0 ,
0 ,
0 ,
0 ,
0 ,
0 ,
0 ,
0 ,
0 ,
0 ,
0 ,
0 ,
0 ,
0 ,
0 ,
0 ,
0 ,
0 ,
0 ,
0 ,
0 ,
0 ,
0 ,
0 ,
0 ,
0 ,
0 ,
0 ,
0 ,
0 ,
0 ,
0 ,
0 ,
0 ,
0 ,
0 ,
0 ,
0 ,
0 ,
0 ,
0 ,
0 ,
0 ,
0 ,
0 ,
0 ,
0 ,
0 ,
0 ,
0 ,
0 ,
0 ,
0 ,
0 ,
0 ,
0 ,
0 ,
0 ,
0 ,
0 ,
0 ,
0 ,
0 ,
0 ,
0 ,
0 ,
0 ,
0 ,
0 ,
0 ,
0 ,
0 ,
0 ,
0 ,
0 ,
0 ,
0 ,
0 ,
0 ,
0 ,
0 ,
0 ,
0 ,
0 ,
0 ,
0 ,
0 ,
0 ,
0 ,
0 ,
0 ,
0 ,
0 ,
0 ,
0 ,
0 ,
0 ,
0 ,
0 ,
0 ,
0 ,
0 ,
0 ,
0 ,
0 ,
0 ,
0 ,
0 ,
0 ,
0 ,
0 ,
0 ,
0 ,
0 ,
0 ,
0 ,
0 ,
0 ,
0 ,
0 ,
0 ,
0 ,
0 ,
0 ,
0 ,
0 ,
0 ,
0 ,
0 ,
0 ,
0 ,
0 ,
0 ,
0 ,
0 ,
0 ,
0 ,
0 ,
0 ,
0 ,
0 ,
0 ,
0 ,
0 ,
0 ,
0 ,
0 ,
0 ,
0 ,
0 ,
0 ,
0 ,
0 ,
0 ,
0 ,
0 ,
0 ,
0 ,
0 ,
0 ,
0 ,
0 ,
0 ,
0 ,
0 ,
0 ,
0 ,
0 ,
0 ,
0 ,
0 ,
0 ,
0 ,
0 ,
0 ,
0 ,
0 ,
0 ,
0 ,
0 ,
0 ,
0 ,
0 ,
0 ,
0 ,
0 ,
0 ,
0 ,
0 ,
0 ,
0 ,
0 ,
0 ,
0 ,
0 ,
0 ,
0 ,
0 ,
0 ,
0 ,
0 ,
0 ,
0 ,
0 ,
0 ,
0 ,
0 ,
0 ,
0 ,
0 ,
0 ,
0 ,
0 ,
0 ,
0 ,
0 ,
0 ,
0 ,
0 ,
0 ,
0 ,
0 ,
0 ,
0 ,
0 ,
0 ,
0 ,
0 ,
0 ,
0 ,
0 ,
0 ,
0 ,
0 ,
0 ,
0 ,
0 ,
0 ,
0 ,
0 ,
0 ,
0 ,
0 ,
0 ,
0 ,
0 ,
0 ,
0 ,
0 ,
0 ,
0 ,
0 ,
0 ,
0 ,
0 ,
0 ,
0 ,
0 ,
0 ,
0 ,
0 ,
0 ,
0 ,
0 ,
0 ,
0 ,
0 ,
0 ,
0 ,
0 ,
0 ,
0 ,
0 ,
0 ,
0 ,
0 ,
0 ,
0 ,
0 ,
0 ,
0 ,
0 ,
0 ,
0 ,
0 ,
0 ,
0 ,
0 ,
0 ,
0 ,
0 ,
0 ,
0 ,
0 ,
0 ,
0 ,
0 ,
0 ,
0 ,
0 ,
0 ,
0 ,
0 ,
0 ,
0 ,
0 ,
0 ,
0 ,
0 ,
0 ,
0 ,
0 ,
0 ,
0 ,
0 ,
0 ,
0 ,
0 ,
0 ,
0 ,
0 ,
0 ,
0 ,
0 ,
0 ,
0 ,
0 ,
0 ,
0 ,
0 ,
0 ,
0 ,
0 ,
0 ,
0 ,
0 ,
0 ,
0 ,
0 ,
0 ,
0 ,
0 ,
0 ,
0 ,
0 ,
0 ,
0 ,
0 ,
0 ,
0 ,
0 ,
0 ,
0 ,
0 ,
0 ,
0 ,
0 ,
0 ,
0 ,
0 ,
0 ,
0 ,
0 ,
0 ,
0 ,
0 ,
0 ,
0 ,
0 ,
0 ,
0 ,
0 ,
0 ,
0 ,
0 ,
0 ,
0 ,
0 ,
0 ,
0 ,
0 ,
0 ,
0 ,
0 ,
0 ,
0 ,
0 ,
0 ,
0 ,
0 ,
0 ,
0 ,
0 ,
0 ,
0 ,
0 ,
0 ,
0 ,
0 ,
0 ,
0 ,
0 ,
0 ,
0 ,
0 ,
0 ,
0 ,
0 ,
0 ,
0 ,
0 ,
0 ,
0 ,
0 ,
0 ,
0 ,
0 ,
0 ,
0 ,
0 ,
0 ,
0 ,
0 ,
0 ,
0 ,
0 ,
0 ,
0 ,
0 ,
0 ,
0 ,
0 ,
0 ,
0 ,
0 ,
0 ,
0 ,
0 ,
0 ,
0 ,
0 ,
0 ,
0 ,
0 ,
0 ,
0 ,
0 ,
0 ,
0 ,
0 ,
0 ,
0 ,
0 ,
0 ,
0 ,
0 ,
0 ,
0 ,
0 ,
0 ,
0 ,
0 ,
0 ,
0 ,
0 ,
0 ,
0 ,
0 ,
0 ,
0 ,
0 ,
0 ,
0 ,
0 ,
0 ,
0 ,
0 ,
0 ,
0 ,
0 ,
0 ,
0 ,
0 ,
0 ,
0 ,
0 ,
0 ,
0 ,
0 ,
0 ,
0 ,
0 ,
0 ,
0 ,
0 ,
0 ,
0 ,
0 ,
0 ,
0 ,
0 ,
0 ,
0 ,
0 ,
0 ,
0 ,
0 ,
0 ,
0 ,
0 ,
0 ,
0 ,
0 ,
0 ,
0 ,
0 ,
0 ,
0 ,
0 ,
0 ,
0 ,
0 ,
0 ,
0 ,
0 ,
0 ,
0 ,
0 ,
0 ,
0 ,
0 ,
0 ,
0 ,
0 ,
0 ,
0 ,
0 ,
0 ,
0 ,
0 ,
0 ,
0 ,
0 ,
0 ,
0 ,
0 ,
0 ,
0 ,
0 ,
0 ,
0 ,
0 ,
0 ,
0 ,
0 ,
0 ,
0 ,
0 ,
0 ,
0 ,
0 ,
0 ,
0 ,
0 ,
0 ,
0 ,
0 ,
0 ,
0 ,
0 ,
0 ,
0 ,
0 ,
0 ,
0 ,
0 ,
0 ,
0 ,
0 ,
0 ,
0 ,
0 ,
0 ,
0 ,
0 ,
0 ,
0 ,
0 ,
0 ,
0 ,
0 ,
0 ,
0 ,
0 ,
0 ,
0 ,
0 ,
0 ,
0 ,
0 ,
0 ,
0 ,
0 ,
0 ,
0 ,
0 ,
0 ,
0 ,
0 ,
0 ,
0 ,
0 ,
0 ,
0 ,
0 ,
0 ,
0 ,
0 ,
0 ,
0 ,
0 ,
0 ,
0 ,
0 ,
0 ,
0 ,
0 ,
0 ,
0 ,
0 ,
0 ,
0 ,
0 ,
0 ,
0 ,
0 ,
0 ,
0 ,
0 ,
0 ,
0 ,
0 ,
0 ,
0 ,
0 ,
0 ,
0 ,
0 ,
0 ,
0 ,
0 ,
0 ,
0 ,
0 ,
0 ,
0 ,
0 ,
0 ,
0 ,
0 ,
0 ,
0 ,
0 ,
0 ,
0 ,
0 ,
0 ,
0 ,
0 ,
0 ,
0 ,
0 ,
0 ,
0 ,
0 ,
0 ,
0 ,
0 ,
0 ,
0 ,
0 ,
0 ,
0 ,
0 ,
0 ,
0 ,
0 ,
0 ,
0 ,
0 ,
0 ,
0 ,
0 ,
0 ,
0 ,
0 ,
0 ,
0 ,
0 ,
0 ,
0 ,
0 ,
0 ,
0 ,
0 ,
0 ,
0 ,
0 ,
0 ,
0 ,
0 ,
0 ,
0 ,
0 ,
0 ,
0 ,
0 ,
0 ,
0 ,
0 ,
0 ,
0 ,
0 ,
0 ,
0 ,
0 ,
0 ,
0 ,
0 ,
0 ,
0 ,
0 ,
0 ,
0 ,
0 ,
0 ,
0 ,
0 ,
0 ,
0 ,
0 ,
0 ,
0 ,
0 ,
0 ,
0 ,
0 ,
0 ,
0 ,
0 ,
0 ,
0 ,
0 ,
0 ,
0 ,
0 ,
0 ,
0 ,
0 ,
0 ,
0 ,
0 ,
0 ,
0 ,
0 ,
0 ,
0 ,
0 ,
0 ,
0 ,
0 ,
0 ,
0 ,
0 ,
0 ,
0 ,
0 ,
0 ,
0 ,
0 ,
0 ,
0 ,
0 ,
0 ,
0 ,
0 ,
0 ,
0 ,
0 ,
0 ,
0 ,
0 ,
0 ,
0 ,
0 ,
0 ,
0 ,
0 ,
0 ,
0 ,
0 ,
0 ,
0 ,
0 ,
0 ,
0 ,
0 ,
0 ,
0 ,
0 ,
0 ,
0 ,
0 ,
0 ,
0 ,
0 ,
0 ,
0 ,
0 ,
0 ,
0 ,
0 ,
0 ,
0 ,
0 ,
0 ,
0 ,
0 ,
0 ,
0 ,
0 ,
0 ,
0 ,
0 ,
0 ,
0 ,
0 ,
0 ,
0 ,
0 ,
0 ,
0 ,
0 ,
0 ,
0 ,
0 ,
0 ,
0 ,
0 ,
0 ,
0 ,
0 ,
0 ,
0 ,
0 ,
0 ,
0 ,
0 ,
0 ,
0 ,
0 ,
0 ,
0 ,
0 ,
0 ,
0 ,
0 ,
0 ,
0 ,
0 ,
0 ,
0 ,
0 ,
0 ,
0 ,
0 ,
0 ,
0 ,
0 ,
0 ,
0 ,
0 ,
0 ,
0 ,
0 ,
0 ,
0 ,
0 ,
0 ,
0 ,
0 ,
0 ,
0 ,
0 ,
0 ,
0 ,
0 ,
0 ,
0 ,
0 ,
0 ,
0 ,
0 ,
0 ,
0 ,
0 ,
0 ,
0 ,
0 ,
0 ,
0 ,
0 ,
0 ,
0 ,
0 ,
0 ,
0 ,
0 ,
0 ,
0 ,
0 ,
0 ,
0 ,
0 ,
0 ,
0 ,
0 ,
0 ,
0 ,
0 ,
0 ,
0 ,
0 ,
0 ,
0 ,
0 ,
0 ,
0 ,
0 ,
0 ,
0 ,
0 ,
0 ,
0 ,
0 ,
0 ,
0 ,
0 ,
0 ,
0 ,
0 ,
0 ,
0 ,
0 ,
0 ,
0 ,
0 ,
0 ,
0 ,
0 ,
0 ,
0 ,
0 ,
0 ,
0 ,
0 ,
0 ,
0 ,
0 ,
0 ,
0 ,
0 ,
0 ,
0 ,
0 ,
0 ,
0 ,
0 ,
0 ,
0 ,
0 ,
0 ,
0 ,
0 ,
0 ,
0 ,
0 ,
0 ,
0 ,
0 ,
0 ,
0 ,
0 ,
0 ,
0 ,
0 ,
0 ,
0 ,
0 ,
0 ,
0 ,
0 ,
0 ,
0 ,
0 ,
0 ,
0 ,
0 ,
0 ,
0 ,
0 ,
0 ,
0 ,
0 ,
0 ,
0 ,
0 ,
0 ,
0 ,
0 ,
0 ,
0 ,
0 ,
0 ,
0 ,
0 ,
0 ,
0 ,
0 ,
0 ,
0 ,
0 ,
0 ,
0 ,
0 ,
0 ,
0 ,
0 ,
0 ,
0 ,
0 ,
0 ,
0 ,
0 ,
0 ,
0 ,
0 ,
0 ,
0 ,
0 ,
0 ,
0 ,
0 ,
0 ,
0 ,
0 ,
0 ,
0 ,
0 ,
0 ,
0 ,
0 ,
0 ,
0 ,
0 ,
0 ,
0 ,
0 ,
0 ,
0 ,
0 ,
0 ,
0 ,
0 ,
0 ,
};
 
 
double INCOME_QUARTILE_Education_t [BOOTSTRAP_INDEX_39][AR_ORDER_INDEX_3][EDUCATION ][INCOME_QUARTILE]={
0 ,
0 ,
0 ,
0 ,
0 ,
0.4124704482 ,
0.5172383999 ,
0.6530544646 ,
0 ,
0.3118185068 ,
0.5399732506 ,
0.8592772803 ,
0 ,
0.5602617208 ,
0.9887392084 ,
1.5129905389 ,
0 ,
0 ,
0 ,
0 ,
0 ,
0.3641561055 ,
0.3825701921 ,
0.4584470393 ,
0 ,
0.2651585904 ,
0.4116150655 ,
0.6826583675 ,
0 ,
0.4989800819 ,
0.853036354 ,
1.2772624085 ,
0 ,
0 ,
0 ,
0 ,
0 ,
0.2785048548 ,
0.4374358181 ,
0.4178567089 ,
0 ,
0.244779145 ,
0.4938308171 ,
0.7566796121 ,
0 ,
0.4729828906 ,
0.9477414425 ,
1.3187912556 ,
0 ,
0 ,
0 ,
0 ,
0 ,
0.3765983126 ,
0.5030487702 ,
0.7041812604 ,
0 ,
0.2127581125 ,
0.4649645165 ,
0.7378590419 ,
0 ,
0.4643804377 ,
0.952970844 ,
1.4269342725 ,
0 ,
0 ,
0 ,
0 ,
0 ,
0.3391931958 ,
0.4609541721 ,
0.5762668775 ,
0 ,
0.1624788386 ,
0.3847200578 ,
0.6158237737 ,
0 ,
0.3769062587 ,
0.8503040234 ,
1.230542492 ,
0 ,
0 ,
0 ,
0 ,
0 ,
0.3086991361 ,
0.5683078939 ,
0.5956727739 ,
0 ,
0.1168557652 ,
0.558249558 ,
0.7712587865 ,
0 ,
0.3517155156 ,
1.0372625757 ,
1.3493524729 ,
0 ,
0 ,
0 ,
0 ,
0 ,
0.4087698013 ,
0.449087559 ,
0.5152953121 ,
0 ,
0.2821401204 ,
0.5327874258 ,
0.7330502323 ,
0 ,
0.5067530877 ,
0.9534579245 ,
1.3776429195 ,
0 ,
0 ,
0 ,
0 ,
0 ,
0.3575455754 ,
0.312434846 ,
0.2853493771 ,
0 ,
0.2514603402 ,
0.3776150615 ,
0.5590403314 ,
0 ,
0.4896002408 ,
0.8324919922 ,
1.1488874874 ,
0 ,
0 ,
0 ,
0 ,
0 ,
0.286375456 ,
0.4540348675 ,
0.361428423 ,
0 ,
0.2573422544 ,
0.4527528482 ,
0.6499958222 ,
0 ,
0.4447842076 ,
0.8787296363 ,
1.229763492 ,
0 ,
0 ,
0 ,
0 ,
0 ,
0.4707215485 ,
0.6406523317 ,
0.642639304 ,
0 ,
0.3312490386 ,
0.5859199338 ,
0.8785608679 ,
0 ,
0.6047272074 ,
1.0435316911 ,
1.5527866638 ,
0 ,
0 ,
0 ,
0 ,
0 ,
0.4481911976 ,
0.5020053197 ,
0.4456585857 ,
0 ,
0.2994970048 ,
0.4581166838 ,
0.6502989679 ,
0 ,
0.5547693303 ,
0.9056326433 ,
1.28088162 ,
0 ,
0 ,
0 ,
0 ,
0 ,
0.3113952619 ,
0.5002868818 ,
0.3588241754 ,
0 ,
0.2145631657 ,
0.4759277921 ,
0.6780328982 ,
0 ,
0.5578667583 ,
0.9568484611 ,
1.3781676768 ,
0 ,
0 ,
0 ,
0 ,
0 ,
0.3923485558 ,
0.5386105241 ,
0.6454035862 ,
0 ,
0.3556858858 ,
0.5075711457 ,
0.8012136529 ,
0 ,
0.6012227729 ,
0.983947202 ,
1.480043944 ,
0 ,
0 ,
0 ,
0 ,
0 ,
0.3584417647 ,
0.4433084639 ,
0.4670148145 ,
0 ,
0.29165922 ,
0.3603648186 ,
0.6173025969 ,
0 ,
0.5093375835 ,
0.8581746073 ,
1.2081875153 ,
0 ,
0 ,
0 ,
0 ,
0 ,
0.3118982461 ,
0.6058860395 ,
0.4241392854 ,
0 ,
0.2443348728 ,
0.4506900634 ,
0.7295726589 ,
0 ,
0.5287110259 ,
1.0043361969 ,
1.3388941624 ,
0 ,
0 ,
0 ,
0 ,
0 ,
0.3910570261 ,
0.6166735558 ,
0.6582451172 ,
0 ,
0.3060590957 ,
0.6143458528 ,
0.8722184522 ,
0 ,
0.5590863159 ,
1.0358210035 ,
1.5958374496 ,
0 ,
0 ,
0 ,
0 ,
0 ,
0.2776761627 ,
0.412539398 ,
0.3286932151 ,
0 ,
0.2326785415 ,
0.4892768806 ,
0.7170240783 ,
0 ,
0.5138511482 ,
0.9312094249 ,
1.368719343 ,
0 ,
0 ,
0 ,
0 ,
0 ,
0.1393425812 ,
0.4661624592 ,
0.2292011046 ,
0 ,
0.2086419816 ,
0.5569418306 ,
0.7941429235 ,
0 ,
0.4665710703 ,
1.0726223469 ,
1.3860937168 ,
0 ,
0 ,
0 ,
0 ,
0 ,
0.3993076538 ,
0.6896396984 ,
0.6830676606 ,
0 ,
0.2343937387 ,
0.5876607965 ,
0.7855589674 ,
0 ,
0.5341344705 ,
1.0802453287 ,
1.4858933958 ,
0 ,
0 ,
0 ,
0 ,
0 ,
0.3688882892 ,
0.5191831883 ,
0.4515280202 ,
0 ,
0.1944707093 ,
0.4384944482 ,
0.5549673872 ,
0 ,
0.4840900332 ,
0.9536499384 ,
1.2474738914 ,
0 ,
0 ,
0 ,
0 ,
0 ,
0.3036853765 ,
0.5536379104 ,
0.3180432576 ,
0 ,
0.2232107996 ,
0.4629352825 ,
0.544856452 ,
0 ,
0.4920947363 ,
1.0420032395 ,
1.202114769 ,
0 ,
0 ,
0 ,
0 ,
0 ,
0.3808423469 ,
0.5431256379 ,
0.6867167986 ,
0 ,
0.3448233636 ,
0.595240478 ,
0.9133090275 ,
0 ,
0.5070848022 ,
1.0020589394 ,
1.514203184 ,
0 ,
0 ,
0 ,
0 ,
0 ,
0.2403475583 ,
0.4053536368 ,
0.3531194227 ,
0 ,
0.2626444731 ,
0.5181220589 ,
0.7049192321 ,
0 ,
0.4240778972 ,
0.9352587789 ,
1.2427352767 ,
0 ,
0 ,
0 ,
0 ,
0 ,
0.1535102787 ,
0.4112023513 ,
0.0890460462 ,
0 ,
0.2241633632 ,
0.5557451652 ,
0.6565802077 ,
0 ,
0.4215167657 ,
1.052737906 ,
1.2253689481 ,
0 ,
0 ,
0 ,
0 ,
0 ,
0.4083588984 ,
0.4959678545 ,
0.5340848251 ,
0 ,
0.3428809572 ,
0.4661145517 ,
0.7455603989 ,
0 ,
0.6504137539 ,
1.0645699189 ,
1.4696226409 ,
0 ,
0 ,
0 ,
0 ,
0 ,
0.369786087 ,
0.3631817849 ,
0.4220657887 ,
0 ,
0.3047086137 ,
0.3777157712 ,
0.6242136775 ,
0 ,
0.6150448396 ,
0.9307534274 ,
1.2564084632 ,
0 ,
0 ,
0 ,
0 ,
0 ,
0.3293485425 ,
0.5000659193 ,
0.3777876254 ,
0 ,
0.3326295483 ,
0.5772164771 ,
0.7796568318 ,
0 ,
0.6490524533 ,
1.1118074023 ,
1.3469788161 ,
0 ,
0 ,
0 ,
0 ,
0 ,
0.4013560817 ,
0.4740578669 ,
0.7040128745 ,
0 ,
0.331322532 ,
0.5478020579 ,
0.856137073 ,
0 ,
0.5334755904 ,
0.9535373192 ,
1.5427342504 ,
0 ,
0 ,
0 ,
0 ,
0 ,
0.3666290163 ,
0.4083559505 ,
0.4447445902 ,
0 ,
0.2809473194 ,
0.4505869526 ,
0.7018953082 ,
0 ,
0.4869441585 ,
0.8696254873 ,
1.3354145442 ,
0 ,
0 ,
0 ,
0 ,
0 ,
0.2601131757 ,
0.4462447382 ,
0.4125638085 ,
0 ,
0.2407788786 ,
0.5462671015 ,
0.7724402976 ,
0 ,
0.421531473 ,
0.9618430813 ,
1.3955399517 ,
0 ,
0 ,
0 ,
0 ,
0 ,
0.4011847035 ,
0.5320856902 ,
0.8040236127 ,
0 ,
0.3336672296 ,
0.5291519022 ,
0.8841773259 ,
0 ,
0.5502900511 ,
0.934785903 ,
1.5105333062 ,
0 ,
0 ,
0 ,
0 ,
0 ,
0.4192460225 ,
0.4443368375 ,
0.6636644962 ,
0 ,
0.2997728568 ,
0.3978129657 ,
0.7790663153 ,
0 ,
0.5199245317 ,
0.8246357471 ,
1.3538750493 ,
0 ,
0 ,
0 ,
0 ,
0 ,
0.3637207871 ,
0.5601464152 ,
0.617825182 ,
0 ,
0.2613249828 ,
0.4832657033 ,
0.8901342911 ,
0 ,
0.5165958966 ,
0.9856275693 ,
1.4753694059 ,
0 ,
0 ,
0 ,
0 ,
0 ,
0.4475944476 ,
0.5312137304 ,
0.6777011522 ,
0 ,
0.3701570469 ,
0.5996703419 ,
0.9043077935 ,
0 ,
0.6212259875 ,
1.0256224223 ,
1.5343801854 ,
0 ,
0 ,
0 ,
0 ,
0 ,
0.4196295264 ,
0.5003707057 ,
0.5624973374 ,
0 ,
0.3617981987 ,
0.524000856 ,
0.8116933727 ,
0 ,
0.5461311347 ,
0.9092997058 ,
1.319099118 ,
0 ,
0 ,
0 ,
0 ,
0 ,
0.4773000462 ,
0.7159615767 ,
0.7207821104 ,
0 ,
0.3414788511 ,
0.6237310519 ,
0.9599934133 ,
0 ,
0.586210539 ,
1.0466402627 ,
1.5140937977 ,
0 ,
0 ,
0 ,
0 ,
0 ,
0.4375274381 ,
0.4626982629 ,
0.7140010834 ,
0 ,
0.3256913998 ,
0.5785569765 ,
0.9405830952 ,
0 ,
0.5463081164 ,
1.0297312633 ,
1.5821897494 ,
0 ,
0 ,
0 ,
0 ,
0 ,
0.3664013978 ,
0.33983825 ,
0.5031890669 ,
0 ,
0.1989144188 ,
0.3646500434 ,
0.6551571525 ,
0 ,
0.4497861583 ,
0.8419653214 ,
1.2611202902 ,
0 ,
0 ,
0 ,
0 ,
0 ,
0.3053395598 ,
0.4259660841 ,
0.5587764623 ,
0 ,
0.17823671 ,
0.4483684039 ,
0.7698038434 ,
0 ,
0.3494331355 ,
0.8806596809 ,
1.290551009 ,
0 ,
0 ,
0 ,
0 ,
0 ,
0.3753805716 ,
0.5272095478 ,
0.7252675688 ,
0 ,
0.3308738988 ,
0.4868467247 ,
0.9304728818 ,
0 ,
0.5798783342 ,
0.9379819014 ,
1.630755566 ,
0 ,
0 ,
0 ,
0 ,
0 ,
0.4157750687 ,
0.5272504937 ,
0.5618802677 ,
0 ,
0.3446945241 ,
0.4315450375 ,
0.7487792776 ,
0 ,
0.5053802476 ,
0.8276079254 ,
1.3304624173 ,
0 ,
0 ,
0 ,
0 ,
0 ,
0.3246472639 ,
0.5492915431 ,
0.3733182802 ,
0 ,
0.3181155009 ,
0.4947657173 ,
0.6806719122 ,
0 ,
0.4990512132 ,
0.9172535664 ,
1.2594473122 ,
0 ,
0 ,
0 ,
0 ,
0 ,
0.5348836324 ,
0.6270373275 ,
0.7385077721 ,
0 ,
0.3825749319 ,
0.5635230349 ,
0.8792187712 ,
0 ,
0.6133671433 ,
1.032639324 ,
1.5670913869 ,
0 ,
0 ,
0 ,
0 ,
0 ,
0.5015255548 ,
0.5416970365 ,
0.6170023472 ,
0 ,
0.3020963392 ,
0.394087337 ,
0.7005060297 ,
0 ,
0.5599920454 ,
0.9130029229 ,
1.3712541511 ,
0 ,
0 ,
0 ,
0 ,
0 ,
0.3276137334 ,
0.5142309901 ,
0.5682551092 ,
0 ,
0.2372577275 ,
0.411106391 ,
0.8168616138 ,
0 ,
0.4934347211 ,
0.9424143016 ,
1.452481258 ,
0 ,
0 ,
0 ,
0 ,
0 ,
0.3362127844 ,
0.3573871607 ,
0.4175086208 ,
0 ,
0.2368624971 ,
0.4275047016 ,
0.6511728684 ,
0 ,
0.5321363355 ,
0.9057101402 ,
1.3300398097 ,
0 ,
0 ,
0 ,
0 ,
0 ,
0.2987934866 ,
0.2752054025 ,
0.2819116964 ,
0 ,
0.1482088166 ,
0.2873020924 ,
0.4636562304 ,
0 ,
0.4718503943 ,
0.7922855612 ,
1.1618553936 ,
0 ,
0 ,
0 ,
0 ,
0 ,
0.1721807908 ,
0.3057297171 ,
0.1435060314 ,
0 ,
0.0737935927 ,
0.3236868999 ,
0.5290525824 ,
0 ,
0.4729019961 ,
0.9246263299 ,
1.2467481313 ,
0 ,
0 ,
0 ,
0 ,
0 ,
0.441598865 ,
0.5746674816 ,
0.6962016307 ,
0 ,
0.3228246959 ,
0.5747881921 ,
0.8781525587 ,
0 ,
0.5839379429 ,
1.0250106502 ,
1.5412468044 ,
0 ,
0 ,
0 ,
0 ,
0 ,
0.330281597 ,
0.3322967699 ,
0.458427811 ,
0 ,
0.2436625212 ,
0.329429889 ,
0.6386603174 ,
0 ,
0.4979049816 ,
0.796378033 ,
1.2473915583 ,
0 ,
0 ,
0 ,
0 ,
0 ,
0.2381155996 ,
0.3940315315 ,
0.335117112 ,
0 ,
0.3125551389 ,
0.4149204882 ,
0.692349921 ,
0 ,
0.4507530684 ,
0.8505999991 ,
1.2130274352 ,
0 ,
0 ,
0 ,
0 ,
0 ,
0.3819653895 ,
0.434880346 ,
0.500743946 ,
0 ,
0.2494122629 ,
0.4782003529 ,
0.7873024033 ,
0 ,
0.5370414019 ,
0.8828618532 ,
1.4308087636 ,
0 ,
0 ,
0 ,
0 ,
0 ,
0.3469803439 ,
0.2868193845 ,
0.2863606171 ,
0 ,
0.2175073495 ,
0.3166173284 ,
0.5872867454 ,
0 ,
0.4607024945 ,
0.6903238609 ,
1.1956992097 ,
0 ,
0 ,
0 ,
0 ,
0 ,
0.1768880444 ,
0.2796982175 ,
0.2445862967 ,
0 ,
0.1654735534 ,
0.3656995508 ,
0.7095561105 ,
0 ,
0.3980245177 ,
0.7495073789 ,
1.2482818874 ,
0 ,
0 ,
0 ,
0 ,
0 ,
0.4183263595 ,
0.5090363028 ,
0.7778771825 ,
0 ,
0.3403230765 ,
0.5700440016 ,
0.9730032113 ,
0 ,
0.6059590629 ,
1.1008168646 ,
1.648027831 ,
0 ,
0 ,
0 ,
0 ,
0 ,
0.4011932432 ,
0.411230141 ,
0.5647173428 ,
0 ,
0.317606262 ,
0.4497071558 ,
0.7426174734 ,
0 ,
0.6030116202 ,
1.0182592569 ,
1.4011888239 ,
0 ,
0 ,
0 ,
0 ,
0 ,
0.2627005421 ,
0.4222735652 ,
0.4557529286 ,
0 ,
0.2230369955 ,
0.5004240048 ,
0.7319571067 ,
0 ,
0.5204648066 ,
1.0651893069 ,
1.3491373839 ,
0 ,
0 ,
0 ,
0 ,
0 ,
0.3318883891 ,
0.4627387612 ,
0.5645694933 ,
0 ,
0.3255803264 ,
0.6059940287 ,
0.9527938354 ,
0 ,
0.5909412511 ,
0.9766369078 ,
1.5761979393 ,
0 ,
0 ,
0 ,
0 ,
0 ,
0.3036918504 ,
0.3623129636 ,
0.496332133 ,
0 ,
0.2118770058 ,
0.4446406448 ,
0.7771328025 ,
0 ,
0.4896392131 ,
0.8028482627 ,
1.3565457439 ,
0 ,
0 ,
0 ,
0 ,
0 ,
0.1839447023 ,
0.4127651871 ,
0.4504527131 ,
0 ,
0.2187746744 ,
0.5493044639 ,
0.8904326046 ,
0 ,
0.5059882512 ,
0.9162884609 ,
1.3934517293 ,
0 ,
0 ,
0 ,
0 ,
0 ,
0.4018988569 ,
0.5704903215 ,
0.7883806359 ,
0 ,
0.2903636945 ,
0.5265931144 ,
0.9388117304 ,
0 ,
0.5923609708 ,
1.0815264872 ,
1.6990348561 ,
0 ,
0 ,
0 ,
0 ,
0 ,
0.3832175295 ,
0.475324352 ,
0.6685871087 ,
0 ,
0.2182504288 ,
0.3985591896 ,
0.8260324425 ,
0 ,
0.5046673075 ,
0.8943468282 ,
1.4790956199 ,
0 ,
0 ,
0 ,
0 ,
0 ,
0.3185807204 ,
0.5211266678 ,
0.6940270051 ,
0 ,
0.1419438958 ,
0.4298495783 ,
0.8502022532 ,
0 ,
0.4886063075 ,
1.0181467023 ,
1.5720138247 ,
0 ,
0 ,
0 ,
0 ,
0 ,
0.3678054196 ,
0.5294173121 ,
0.7392553514 ,
0 ,
0.2950544721 ,
0.5144473744 ,
0.9035007856 ,
0 ,
0.4618422807 ,
0.9327281502 ,
1.5005241119 ,
0 ,
0 ,
0 ,
0 ,
0 ,
0.298549069 ,
0.3369445544 ,
0.4763852922 ,
0 ,
0.2519461462 ,
0.4040661587 ,
0.7021175156 ,
0 ,
0.4089796846 ,
0.8051832194 ,
1.2224538189 ,
0 ,
0 ,
0 ,
0 ,
0 ,
0.2583029747 ,
0.4207400838 ,
0.5760586629 ,
0 ,
0.2266794366 ,
0.4679315613 ,
0.7683297903 ,
0 ,
0.3997573721 ,
0.9130026725 ,
1.3130136403 ,
0 ,
0 ,
0 ,
0 ,
0 ,
0.4309496554 ,
0.5442235752 ,
0.6513958571 ,
0 ,
0.2910184289 ,
0.5392648217 ,
0.7709751766 ,
0 ,
0.6150372611 ,
1.0296055384 ,
1.5257933228 ,
0 ,
0 ,
0 ,
0 ,
0 ,
0.3215035749 ,
0.327674474 ,
0.3476352318 ,
0 ,
0.187725139 ,
0.3290678486 ,
0.5076649989 ,
0 ,
0.5038810133 ,
0.8340105116 ,
1.2248391355 ,
0 ,
0 ,
0 ,
0 ,
0 ,
0.1915814318 ,
0.3734127034 ,
0.3150233851 ,
0 ,
0.0945443852 ,
0.3877980565 ,
0.4603914342 ,
0 ,
0.4540413189 ,
0.8987541061 ,
1.2244797445 ,
0 ,
0 ,
0 ,
0 ,
0 ,
0.4563928684 ,
0.568992371 ,
0.7143163252 ,
0 ,
0.3495690702 ,
0.6101669527 ,
0.9504507472 ,
0 ,
0.5953943961 ,
1.0314001786 ,
1.5865983164 ,
0 ,
0 ,
0 ,
0 ,
0 ,
0.4657112175 ,
0.4537627477 ,
0.5960515118 ,
0 ,
0.3585587615 ,
0.466825986 ,
0.8305936327 ,
0 ,
0.5281594221 ,
0.84639844 ,
1.3609269905 ,
0 ,
0 ,
0 ,
0 ,
0 ,
0.406577514 ,
0.5237809847 ,
0.6907825575 ,
0 ,
0.3403595341 ,
0.4901251578 ,
0.946685487 ,
0 ,
0.5362253886 ,
0.9230222111 ,
1.49109535 ,
0 ,
0 ,
0 ,
0 ,
0 ,
0.4284311628 ,
0.6281756732 ,
0.7089910564 ,
0 ,
0.254095102 ,
0.5698136466 ,
0.9011671245 ,
0 ,
0.5461305376 ,
1.0090959136 ,
1.4632865931 ,
0 ,
0 ,
0 ,
0 ,
0 ,
0.4344340979 ,
0.5356932317 ,
0.5454425956 ,
0 ,
0.2012657901 ,
0.461122624 ,
0.7431000826 ,
0 ,
0.536070697 ,
0.9177552088 ,
1.2832547974 ,
0 ,
0 ,
0 ,
0 ,
0 ,
0.273429771 ,
0.5025361478 ,
0.4894104786 ,
0 ,
0.1449456112 ,
0.482745192 ,
0.9101881053 ,
0 ,
0.5034940851 ,
1.0054322565 ,
1.4011669059 ,
0 ,
0 ,
0 ,
0 ,
0 ,
0.3776933454 ,
0.5268453148 ,
0.7357146174 ,
0 ,
0.3070675419 ,
0.5836167745 ,
0.8735995133 ,
0 ,
0.5698063933 ,
1.077551399 ,
1.6045617013 ,
0 ,
0 ,
0 ,
0 ,
0 ,
0.3312557736 ,
0.4064764474 ,
0.5508838411 ,
0 ,
0.253968224 ,
0.4546017331 ,
0.716645194 ,
0 ,
0.4964861312 ,
0.9501476856 ,
1.3699721873 ,
0 ,
0 ,
0 ,
0 ,
0 ,
0.3337997444 ,
0.5808410924 ,
0.6741980237 ,
0 ,
0.2292480344 ,
0.5510690763 ,
0.8327420565 ,
0 ,
0.4726951038 ,
1.0891358354 ,
1.4870947122 ,
0 ,
0 ,
0 ,
0 ,
0 ,
0.3238967528 ,
0.4660698172 ,
0.7110478308 ,
0 ,
0.2750194003 ,
0.54110659 ,
0.9325880183 ,
0 ,
0.4845333922 ,
0.9441675824 ,
1.5433791746 ,
0 ,
0 ,
0 ,
0 ,
0 ,
0.286874484 ,
0.3067627795 ,
0.4783697819 ,
0 ,
0.2698907902 ,
0.4157508501 ,
0.7732520102 ,
0 ,
0.4699595073 ,
0.8276065751 ,
1.3628106215 ,
0 ,
0 ,
0 ,
0 ,
0 ,
0.1520514326 ,
0.3111886229 ,
0.3393997944 ,
0 ,
0.2457414688 ,
0.492339207 ,
0.8466462357 ,
0 ,
0.3890082778 ,
0.8487387307 ,
1.3494924003 ,
0 ,
0 ,
0 ,
0 ,
0 ,
0.4571475045 ,
0.5274959343 ,
0.757178193 ,
0 ,
0.3473744673 ,
0.562729577 ,
0.9887541902 ,
0 ,
0.5684668845 ,
0.9654707456 ,
1.5977957054 ,
0 ,
0 ,
0 ,
0 ,
0 ,
0.4081185111 ,
0.424450796 ,
0.512769835 ,
0 ,
0.3258832101 ,
0.4356280705 ,
0.7763170387 ,
0 ,
0.5319478887 ,
0.7865307539 ,
1.290971365 ,
0 ,
0 ,
0 ,
0 ,
0 ,
0.3378555857 ,
0.4910258571 ,
0.5672681442 ,
0 ,
0.2815957334 ,
0.4632053821 ,
0.8649131162 ,
0 ,
0.4895096683 ,
0.8220979631 ,
1.370508458 ,
0 ,
0 ,
0 ,
0 ,
0 ,
0.3842747074 ,
0.5339443211 ,
0.6989927919 ,
0 ,
0.2287507926 ,
0.5277128494 ,
0.8769200147 ,
0 ,
0.5446626642 ,
0.9646160416 ,
1.489479566 ,
0 ,
0 ,
0 ,
0 ,
0 ,
0.3452418224 ,
0.4405068498 ,
0.4906515977 ,
0 ,
0.172605145 ,
0.3791662732 ,
0.6706733124 ,
0 ,
0.4770834407 ,
0.8351536382 ,
1.1845748215 ,
0 ,
0 ,
0 ,
0 ,
0 ,
0.2822834927 ,
0.5380734779 ,
0.467824951 ,
0 ,
0.1144986601 ,
0.4576302197 ,
0.7610496016 ,
0 ,
0.4236906268 ,
0.9090792858 ,
1.2073661349 ,
0 ,
0 ,
0 ,
0 ,
0 ,
0.4136643173 ,
0.5088989188 ,
0.5442726649 ,
0 ,
0.2921557528 ,
0.505404013 ,
0.8270028465 ,
0 ,
0.5291280077 ,
0.9740293245 ,
1.5218235262 ,
0 ,
0 ,
0 ,
0 ,
0 ,
0.3435740071 ,
0.4224115444 ,
0.4045698241 ,
0 ,
0.2631217399 ,
0.3781108934 ,
0.6435006774 ,
0 ,
0.4771166108 ,
0.8603309947 ,
1.2831721858 ,
0 ,
0 ,
0 ,
0 ,
0 ,
0.2629940865 ,
0.4802343205 ,
0.4520005987 ,
0 ,
0.182742561 ,
0.4270353776 ,
0.7708418035 ,
0 ,
0.4582265407 ,
0.9666272728 ,
1.4018282177 ,
0 ,
0 ,
0 ,
0 ,
0 ,
0.4846129538 ,
0.46210158 ,
0.5950208035 ,
0 ,
0.4021768698 ,
0.5409190336 ,
0.8821317552 ,
0 ,
0.6387977847 ,
0.9411556017 ,
1.4510250111 ,
0 ,
0 ,
0 ,
0 ,
0 ,
0.4660776667 ,
0.3571721408 ,
0.4868178739 ,
0 ,
0.3991578652 ,
0.4545364953 ,
0.7368145469 ,
0 ,
0.5870838243 ,
0.7712733505 ,
1.206016138 ,
0 ,
0 ,
0 ,
0 ,
0 ,
0.2708692745 ,
0.3380176511 ,
0.3074650999 ,
0 ,
0.2542540879 ,
0.450261161 ,
0.7405980184 ,
0 ,
0.5012396111 ,
0.8468546499 ,
1.222202851 ,
0 ,
0 ,
0 ,
0 ,
0 ,
0.4553002514 ,
0.5575060388 ,
0.6390339953 ,
0 ,
0.3205768276 ,
0.5460189638 ,
0.844019807 ,
0 ,
0.5961733821 ,
1.0173813904 ,
1.4902393733 ,
0 ,
0 ,
0 ,
0 ,
0 ,
0.4079226059 ,
0.4345326697 ,
0.4081228869 ,
0 ,
0.284145929 ,
0.4207525576 ,
0.644474118 ,
0 ,
0.5518607013 ,
0.84495706 ,
1.2075195556 ,
0 ,
0 ,
0 ,
0 ,
0 ,
0.3980560106 ,
0.5715295075 ,
0.4977102328 ,
0 ,
0.2667952779 ,
0.5339011658 ,
0.7854510224 ,
0 ,
0.5447363739 ,
1.0222073757 ,
1.3429408039 ,
0 ,
0 ,
0 ,
0 ,
0 ,
0.4074800623 ,
0.5784334793 ,
0.7065205045 ,
0 ,
0.3169303137 ,
0.5783029708 ,
0.9966324074 ,
0 ,
0.5217992126 ,
1.0557114987 ,
1.6220391777 ,
0 ,
0 ,
0 ,
0 ,
0 ,
0.3814172926 ,
0.5335040838 ,
0.581665853 ,
0 ,
0.2911982839 ,
0.5077447658 ,
0.8537318613 ,
0 ,
0.4704721509 ,
0.9704291417 ,
1.4321742536 ,
0 ,
0 ,
0 ,
0 ,
0 ,
0.3449786006 ,
0.5388920067 ,
0.6122476112 ,
0 ,
0.3283264967 ,
0.5609094893 ,
0.9819303966 ,
0 ,
0.432336215 ,
0.9845591773 ,
1.4682598058 ,
0 ,
0 ,
0 ,
0 ,
0 ,
0.4801074606 ,
0.4938593134 ,
0.6530716036 ,
0 ,
0.3349515646 ,
0.5711128912 ,
0.935859371 ,
0 ,
0.5746504987 ,
1.0009169362 ,
1.5793562083 ,
0 ,
0 ,
0 ,
0 ,
0 ,
0.4226268514 ,
0.3765523297 ,
0.5024049877 ,
0 ,
0.3097873533 ,
0.4449523356 ,
0.7859352239 ,
0 ,
0.4789382791 ,
0.8021842464 ,
1.2893847251 ,
0 ,
0 ,
0 ,
0 ,
0 ,
0.3953526828 ,
0.4561505251 ,
0.4726768153 ,
0 ,
0.3417725802 ,
0.5515912947 ,
0.869801488 ,
0 ,
0.4640347085 ,
0.8631122259 ,
1.2962177707 ,
0 ,
0 ,
0 ,
0 ,
0 ,
0.3916907301 ,
0.4896007461 ,
0.5421282812 ,
0 ,
0.2834779724 ,
0.5596844852 ,
0.825913445 ,
0 ,
0.5796151802 ,
1.0102968307 ,
1.5017993849 ,
0 ,
0 ,
0 ,
0 ,
0 ,
0.3343760161 ,
0.3607867485 ,
0.3769328435 ,
0 ,
0.2944635431 ,
0.4986093289 ,
0.7220948834 ,
0 ,
0.4966794066 ,
0.8672279691 ,
1.2873059515 ,
0 ,
0 ,
0 ,
0 ,
0 ,
0.2675051111 ,
0.378008176 ,
0.260661913 ,
0 ,
0.2517842641 ,
0.5606814354 ,
0.7969852218 ,
0 ,
0.4249060147 ,
0.9461799428 ,
1.308624095 ,
0 ,
0 ,
0 ,
0 ,
0 ,
0.400396004 ,
0.5339374568 ,
0.642596167 ,
0 ,
0.2977354067 ,
0.5768740089 ,
0.8052061242 ,
0 ,
0.4844164661 ,
0.9874502113 ,
1.5042924789 ,
0 ,
0 ,
0 ,
0 ,
0 ,
0.3316127952 ,
0.3737139295 ,
0.4360636848 ,
0 ,
0.2557121043 ,
0.3899214732 ,
0.5915403106 ,
0 ,
0.4259501871 ,
0.7852670163 ,
1.1987217327 ,
0 ,
0 ,
0 ,
0 ,
0 ,
0.2673222655 ,
0.4098344296 ,
0.3304292964 ,
0 ,
0.2467160917 ,
0.4669731034 ,
0.6020879725 ,
0 ,
0.3808971776 ,
0.8146195726 ,
1.1354206208 ,
0 ,
0 ,
0 ,
0 ,
0 ,
0.3288446199 ,
0.4815007499 ,
0.692657941 ,
0 ,
0.2464663729 ,
0.4450802798 ,
0.8137942366 ,
0 ,
0.5123754922 ,
0.9445956714 ,
1.5149236054 ,
0 ,
0 ,
0 ,
0 ,
0 ,
0.2505465392 ,
0.2570880627 ,
0.3558366381 ,
0 ,
0.2336998406 ,
0.3290481555 ,
0.6465471412 ,
0 ,
0.4420128272 ,
0.7934417209 ,
1.2597317033 ,
0 ,
0 ,
0 ,
0 ,
0 ,
0.1906519989 ,
0.2111939144 ,
0.15131949 ,
0 ,
0.2603960634 ,
0.3807454054 ,
0.7021961246 ,
0 ,
0.4661381626 ,
0.8902246239 ,
1.2729653957 ,
0 ,
0 ,
0 ,
0 ,
0 ,
0.3732037094 ,
0.4357535617 ,
0.6458349993 ,
0 ,
0.3657134462 ,
0.5997547762 ,
0.8686129253 ,
0 ,
0.5931892381 ,
0.9916765211 ,
1.5391740957 ,
0 ,
0 ,
0 ,
0 ,
0 ,
0.4225619331 ,
0.3997084117 ,
0.4705122652 ,
0 ,
0.3552493631 ,
0.4504077358 ,
0.6347724543 ,
0 ,
0.5809774544 ,
0.7997505962 ,
1.2210692867 ,
0 ,
0 ,
0 ,
0 ,
0 ,
0.4213172771 ,
0.4063381199 ,
0.4197800813 ,
0 ,
0.4262258085 ,
0.5196370027 ,
0.7217082242 ,
0 ,
0.5801507509 ,
0.7904889133 ,
1.2258089593 ,
0 ,
0 ,
0 ,
0 ,
0 ,
0.3825663248 ,
0.5508824163 ,
0.7091810021 ,
0 ,
0.2901733802 ,
0.5758964885 ,
0.8754999281 ,
0 ,
0.6106587456 ,
1.101170476 ,
1.6564561141 ,
0 ,
0 ,
0 ,
0 ,
0 ,
0.3326669783 ,
0.3948067469 ,
0.5138224066 ,
0 ,
0.2636069473 ,
0.4809675593 ,
0.6703494776 ,
0 ,
0.5437122644 ,
0.9542273801 ,
1.4169788399 ,
0 ,
0 ,
0 ,
0 ,
0 ,
0.2669686575 ,
0.4687306937 ,
0.4677468312 ,
0 ,
0.2702206743 ,
0.5560891854 ,
0.763022817 ,
0 ,
0.5316864514 ,
1.0453210053 ,
1.4750512722 ,
0 ,
0 ,
0 ,
0 ,
0 ,
0.3278498721 ,
0.4150374185 ,
0.6487321894 ,
0 ,
0.2757523425 ,
0.514327936 ,
0.8830424561 ,
0 ,
0.5011097406 ,
0.9735349692 ,
1.4889611587 ,
0 ,
0 ,
0 ,
0 ,
0 ,
0.3127338438 ,
0.2954119429 ,
0.4733894339 ,
0 ,
0.2461199783 ,
0.386458632 ,
0.6812464555 ,
0 ,
0.4489554587 ,
0.8351368101 ,
1.2652112404 ,
0 ,
0 ,
0 ,
0 ,
0 ,
0.1843940445 ,
0.4106863203 ,
0.3395280845 ,
0 ,
0.2049250516 ,
0.4866055893 ,
0.6250081812 ,
0 ,
0.3681423867 ,
0.9497723235 ,
1.1931865159 ,
};
 
 
double INCOME_QUARTILE_Inc_qrt_L2t [BOOTSTRAP_INDEX_39][AR_ORDER_INDEX_3][INCOME_QUARTILE ][INCOME_QUARTILE]={
0 ,
0 ,
0 ,
0 ,
0 ,
0 ,
0 ,
0 ,
0 ,
0 ,
0 ,
0 ,
0 ,
0 ,
0 ,
0 ,
0 ,
-0.779133613 ,
-1.880427591 ,
-2.53304656 ,
0 ,
0.0962942255 ,
-0.90033821 ,
-1.627490588 ,
0 ,
0.3755992542 ,
-0.081387251 ,
-0.727861763 ,
0 ,
0 ,
0 ,
0 ,
0 ,
-0.510494762 ,
-1.4937868 ,
-1.966037241 ,
0 ,
0.2307505306 ,
-0.699317351 ,
-1.170719475 ,
0 ,
0.4580164931 ,
0.0378166772 ,
-0.451283937 ,
0 ,
0 ,
0 ,
0 ,
0 ,
0 ,
0 ,
0 ,
0 ,
0 ,
0 ,
0 ,
0 ,
0 ,
0 ,
0 ,
0 ,
0 ,
0 ,
0 ,
0 ,
-0.813243321 ,
-1.90102682 ,
-2.449008696 ,
0 ,
0.0070051433 ,
-0.979747836 ,
-1.674769395 ,
0 ,
0.38275582 ,
-0.048122555 ,
-0.764935537 ,
0 ,
0 ,
0 ,
0 ,
0 ,
-0.572552159 ,
-1.703505521 ,
-1.97077664 ,
0 ,
0.0989471393 ,
-0.844422876 ,
-1.338961394 ,
0 ,
0.433210553 ,
0.0566100854 ,
-0.50778587 ,
0 ,
0 ,
0 ,
0 ,
0 ,
0 ,
0 ,
0 ,
0 ,
0 ,
0 ,
0 ,
0 ,
0 ,
0 ,
0 ,
0 ,
0 ,
0 ,
0 ,
0 ,
-0.699894301 ,
-1.720098426 ,
-2.556130047 ,
0 ,
0.0887654571 ,
-0.890438933 ,
-1.649790108 ,
0 ,
0.2982179629 ,
-0.13140298 ,
-0.824899611 ,
0 ,
0 ,
0 ,
0 ,
0 ,
-0.537127768 ,
-1.471078673 ,
-2.009008904 ,
0 ,
0.1517389108 ,
-0.83081718 ,
-1.284211157 ,
0 ,
0.2781324395 ,
-0.117656368 ,
-0.628990508 ,
0 ,
0 ,
0 ,
0 ,
0 ,
0 ,
0 ,
0 ,
0 ,
0 ,
0 ,
0 ,
0 ,
0 ,
0 ,
0 ,
0 ,
0 ,
0 ,
0 ,
0 ,
-0.708883195 ,
-1.711053594 ,
-2.43332496 ,
0 ,
0.2209737251 ,
-0.791289361 ,
-1.479098451 ,
0 ,
0.4641705721 ,
-0.060606443 ,
-0.704066711 ,
0 ,
0 ,
0 ,
0 ,
0 ,
-0.240533312 ,
-1.174027482 ,
-1.6559542 ,
0 ,
0.5310707773 ,
-0.491800067 ,
-0.926195934 ,
0 ,
0.7191941115 ,
0.1450787532 ,
-0.299643168 ,
0 ,
0 ,
0 ,
0 ,
0 ,
0 ,
0 ,
0 ,
0 ,
0 ,
0 ,
0 ,
0 ,
0 ,
0 ,
0 ,
0 ,
0 ,
0 ,
0 ,
0 ,
-0.727658589 ,
-1.725215856 ,
-2.356546386 ,
0 ,
0.1815902985 ,
-0.857734712 ,
-1.452760267 ,
0 ,
0.4433801905 ,
-0.051026022 ,
-0.681530469 ,
0 ,
0 ,
0 ,
0 ,
0 ,
-0.383964986 ,
-1.345694415 ,
-1.750527233 ,
0 ,
0.3080749851 ,
-0.693361702 ,
-1.023823229 ,
0 ,
0.4532629844 ,
-0.045917966 ,
-0.482332647 ,
0 ,
0 ,
0 ,
0 ,
0 ,
0 ,
0 ,
0 ,
0 ,
0 ,
0 ,
0 ,
0 ,
0 ,
0 ,
0 ,
0 ,
0 ,
0 ,
0 ,
0 ,
-0.852116394 ,
-1.857410993 ,
-2.63548203 ,
0 ,
0.0213699499 ,
-0.859277898 ,
-1.703395892 ,
0 ,
0.146991235 ,
-0.238028895 ,
-0.975112182 ,
0 ,
0 ,
0 ,
0 ,
0 ,
-0.559137142 ,
-1.389697942 ,
-2.150350666 ,
0 ,
0.2056446682 ,
-0.639472281 ,
-1.232605807 ,
0 ,
0.2453199627 ,
-0.0852029 ,
-0.691558225 ,
0 ,
0 ,
0 ,
0 ,
0 ,
0 ,
0 ,
0 ,
0 ,
0 ,
0 ,
0 ,
0 ,
0 ,
0 ,
0 ,
0 ,
0 ,
0 ,
0 ,
0 ,
-0.843953264 ,
-1.859815311 ,
-2.61913552 ,
0 ,
0.0618154778 ,
-0.828108947 ,
-1.626230167 ,
0 ,
0.3701152527 ,
0.0524772096 ,
-0.689484498 ,
0 ,
0 ,
0 ,
0 ,
0 ,
-0.59515868 ,
-1.465891753 ,
-1.9331917 ,
0 ,
0.1953489468 ,
-0.632519987 ,
-1.163963795 ,
0 ,
0.4484969473 ,
0.2047973647 ,
-0.427739381 ,
0 ,
0 ,
0 ,
0 ,
0 ,
0 ,
0 ,
0 ,
0 ,
0 ,
0 ,
0 ,
0 ,
0 ,
0 ,
0 ,
0 ,
0 ,
0 ,
0 ,
0 ,
-0.715122922 ,
-1.681539295 ,
-2.506054441 ,
0 ,
0.2045964992 ,
-0.710664834 ,
-1.635605056 ,
0 ,
0.5174313965 ,
0.1203720455 ,
-0.641407559 ,
0 ,
0 ,
0 ,
0 ,
0 ,
-0.394824539 ,
-1.262354992 ,
-2.009255363 ,
0 ,
0.4039146791 ,
-0.502964629 ,
-1.169800734 ,
0 ,
0.6451081791 ,
0.2437537113 ,
-0.330104439 ,
0 ,
0 ,
0 ,
0 ,
0 ,
0 ,
0 ,
0 ,
0 ,
0 ,
0 ,
0 ,
0 ,
0 ,
0 ,
0 ,
0 ,
0 ,
0 ,
0 ,
0 ,
-0.776900863 ,
-1.899262509 ,
-2.444732419 ,
0 ,
0.1739955921 ,
-0.843860932 ,
-1.477999601 ,
0 ,
0.3576493506 ,
-0.185073351 ,
-0.798228722 ,
0 ,
0 ,
0 ,
0 ,
0 ,
-0.405141363 ,
-1.502313541 ,
-1.829373544 ,
0 ,
0.4359787072 ,
-0.611208711 ,
-0.959835899 ,
0 ,
0.5875196819 ,
0.0498414526 ,
-0.422619841 ,
0 ,
0 ,
0 ,
0 ,
0 ,
0 ,
0 ,
0 ,
0 ,
0 ,
0 ,
0 ,
0 ,
0 ,
0 ,
0 ,
0 ,
0 ,
0 ,
0 ,
0 ,
-0.697844127 ,
-1.732942225 ,
-2.465899441 ,
0 ,
0.2113619724 ,
-0.781685573 ,
-1.508630415 ,
0 ,
0.5084855366 ,
0.086627475 ,
-0.571234523 ,
0 ,
0 ,
0 ,
0 ,
0 ,
-0.410320374 ,
-1.311403105 ,
-1.917818334 ,
0 ,
0.4156188287 ,
-0.500316915 ,
-0.955013761 ,
0 ,
0.7414228359 ,
0.3881873863 ,
-0.076934874 ,
0 ,
0 ,
0 ,
0 ,
0 ,
0 ,
0 ,
0 ,
0 ,
0 ,
0 ,
0 ,
0 ,
0 ,
0 ,
0 ,
0 ,
0 ,
0 ,
0 ,
0 ,
-0.689009859 ,
-1.943796788 ,
-2.473394553 ,
0 ,
0.2095228324 ,
-0.851510761 ,
-1.665450634 ,
0 ,
0.4586454128 ,
-0.107054749 ,
-0.750140883 ,
0 ,
0 ,
0 ,
0 ,
0 ,
-0.303033415 ,
-1.422423115 ,
-1.782042238 ,
0 ,
0.4684808984 ,
-0.577695577 ,
-1.014219639 ,
0 ,
0.6026034138 ,
0.0551290423 ,
-0.379544477 ,
0 ,
0 ,
0 ,
0 ,
0 ,
0 ,
0 ,
0 ,
0 ,
0 ,
0 ,
0 ,
0 ,
0 ,
0 ,
0 ,
0 ,
0 ,
0 ,
0 ,
0 ,
-0.858550817 ,
-1.912457769 ,
-2.571533421 ,
0 ,
0.0188144562 ,
-0.989217858 ,
-1.714827157 ,
0 ,
0.2583777353 ,
-0.199805394 ,
-0.815644048 ,
0 ,
0 ,
0 ,
0 ,
0 ,
-0.561087507 ,
-1.559905204 ,
-2.071985617 ,
0 ,
0.1186569958 ,
-0.897172556 ,
-1.294373074 ,
0 ,
0.3719655721 ,
-0.16450039 ,
-0.576860252 ,
0 ,
0 ,
0 ,
0 ,
0 ,
0 ,
0 ,
0 ,
0 ,
0 ,
0 ,
0 ,
0 ,
0 ,
0 ,
0 ,
0 ,
0 ,
0 ,
0 ,
0 ,
-0.809565052 ,
-1.869450791 ,
-2.565465847 ,
0 ,
0.1825390898 ,
-0.895383999 ,
-1.524374643 ,
0 ,
0.4201496053 ,
-0.088301318 ,
-0.720234457 ,
0 ,
0 ,
0 ,
0 ,
0 ,
-0.461386587 ,
-1.346800593 ,
-1.861371251 ,
0 ,
0.3841969376 ,
-0.61083265 ,
-0.967829802 ,
0 ,
0.580577762 ,
0.0951564868 ,
-0.335631679 ,
0 ,
0 ,
0 ,
0 ,
0 ,
0 ,
0 ,
0 ,
0 ,
0 ,
0 ,
0 ,
0 ,
0 ,
0 ,
0 ,
0 ,
0 ,
0 ,
0 ,
0 ,
-0.795609944 ,
-1.85649078 ,
-2.581729418 ,
0 ,
0.0885899432 ,
-0.874152564 ,
-1.649739412 ,
0 ,
0.4054810794 ,
-0.077114011 ,
-0.730033818 ,
0 ,
0 ,
0 ,
0 ,
0 ,
-0.472245515 ,
-1.377634043 ,
-1.81097319 ,
0 ,
0.236549322 ,
-0.577751937 ,
-1.062827646 ,
0 ,
0.5334355962 ,
0.1278907159 ,
-0.332261412 ,
0 ,
0 ,
0 ,
0 ,
0 ,
0 ,
0 ,
0 ,
0 ,
0 ,
0 ,
0 ,
0 ,
0 ,
0 ,
0 ,
0 ,
0 ,
0 ,
0 ,
0 ,
-0.732001179 ,
-1.954128084 ,
-2.55236744 ,
0 ,
0.0905081864 ,
-0.966327401 ,
-1.701858899 ,
0 ,
0.3301904546 ,
-0.16211955 ,
-0.800531599 ,
0 ,
0 ,
0 ,
0 ,
0 ,
-0.521506354 ,
-1.587112199 ,
-1.920237851 ,
0 ,
0.1395261581 ,
-0.793663654 ,
-1.227777046 ,
0 ,
0.3234847315 ,
-0.096805842 ,
-0.517053774 ,
0 ,
0 ,
0 ,
0 ,
0 ,
0 ,
0 ,
0 ,
0 ,
0 ,
0 ,
0 ,
0 ,
0 ,
0 ,
0 ,
0 ,
0 ,
0 ,
0 ,
0 ,
-0.772358562 ,
-1.869320028 ,
-2.458414986 ,
0 ,
0.0969225318 ,
-0.917957418 ,
-1.646794369 ,
0 ,
0.4285926198 ,
-0.041368525 ,
-0.750848813 ,
0 ,
0 ,
0 ,
0 ,
0 ,
-0.44536095 ,
-1.434222375 ,
-1.834736019 ,
0 ,
0.2906449404 ,
-0.686825107 ,
-1.187262013 ,
0 ,
0.5541035199 ,
0.1332442239 ,
-0.423293288 ,
0 ,
0 ,
0 ,
0 ,
0 ,
0 ,
0 ,
0 ,
0 ,
0 ,
0 ,
0 ,
0 ,
0 ,
0 ,
0 ,
0 ,
0 ,
0 ,
0 ,
0 ,
-0.701572107 ,
-1.802148631 ,
-2.525413325 ,
0 ,
0.1562591928 ,
-0.860880461 ,
-1.617494832 ,
0 ,
0.3239855198 ,
-0.056314703 ,
-0.711556957 ,
0 ,
0 ,
0 ,
0 ,
0 ,
-0.497047608 ,
-1.359650388 ,
-1.905976706 ,
0 ,
0.3017793217 ,
-0.652854019 ,
-1.204478705 ,
0 ,
0.4558516204 ,
0.0945696373 ,
-0.422004145 ,
0 ,
0 ,
0 ,
0 ,
0 ,
0 ,
0 ,
0 ,
0 ,
0 ,
0 ,
0 ,
0 ,
0 ,
0 ,
0 ,
0 ,
0 ,
0 ,
0 ,
0 ,
-0.646387523 ,
-1.838111656 ,
-2.474062163 ,
0 ,
0.1326820495 ,
-0.869359702 ,
-1.651648443 ,
0 ,
0.4794177144 ,
-0.016706054 ,
-0.695739201 ,
0 ,
0 ,
0 ,
0 ,
0 ,
-0.338794085 ,
-1.369501142 ,
-1.792850963 ,
0 ,
0.3520843265 ,
-0.570343351 ,
-1.148185269 ,
0 ,
0.677176276 ,
0.1917927331 ,
-0.319206094 ,
0 ,
0 ,
0 ,
0 ,
0 ,
0 ,
0 ,
0 ,
0 ,
0 ,
0 ,
0 ,
0 ,
0 ,
0 ,
0 ,
0 ,
0 ,
0 ,
0 ,
0 ,
-0.679392243 ,
-1.850584855 ,
-2.379554792 ,
0 ,
0.1521836933 ,
-0.841664477 ,
-1.555349532 ,
0 ,
0.3169317254 ,
-0.097181947 ,
-0.6479549 ,
0 ,
0 ,
0 ,
0 ,
0 ,
-0.431835353 ,
-1.491296563 ,
-1.7562578 ,
0 ,
0.2651182775 ,
-0.723845639 ,
-1.0965635 ,
0 ,
0.3395152813 ,
-0.028487426 ,
-0.400870641 ,
0 ,
0 ,
0 ,
0 ,
0 ,
0 ,
0 ,
0 ,
0 ,
0 ,
0 ,
0 ,
0 ,
0 ,
0 ,
0 ,
0 ,
0 ,
0 ,
0 ,
0 ,
-0.842153989 ,
-1.993996298 ,
-2.693810809 ,
0 ,
0.0456111019 ,
-0.989621822 ,
-1.728613807 ,
0 ,
0.3629673978 ,
-0.172529616 ,
-0.845094164 ,
0 ,
0 ,
0 ,
0 ,
0 ,
-0.520913014 ,
-1.738118534 ,
-2.088272388 ,
0 ,
0.2693877718 ,
-0.790220389 ,
-1.251997013 ,
0 ,
0.4800203825 ,
-0.06887933 ,
-0.568784535 ,
0 ,
0 ,
0 ,
0 ,
0 ,
0 ,
0 ,
0 ,
0 ,
0 ,
0 ,
0 ,
0 ,
0 ,
0 ,
0 ,
0 ,
0 ,
0 ,
0 ,
0 ,
-0.821549678 ,
-1.882659525 ,
-2.54340041 ,
0 ,
0.1171541411 ,
-1.003557467 ,
-1.612944796 ,
0 ,
0.4160853581 ,
-0.142376954 ,
-0.848257468 ,
0 ,
0 ,
0 ,
0 ,
0 ,
-0.443427268 ,
-1.496874848 ,
-1.938136929 ,
0 ,
0.3704683458 ,
-0.6989575 ,
-1.007529278 ,
0 ,
0.6262351215 ,
0.0940042871 ,
-0.434163808 ,
0 ,
0 ,
0 ,
0 ,
0 ,
0 ,
0 ,
0 ,
0 ,
0 ,
0 ,
0 ,
0 ,
0 ,
0 ,
0 ,
0 ,
0 ,
0 ,
0 ,
0 ,
-0.768101655 ,
-1.979931917 ,
-2.504609635 ,
0 ,
0.1964314907 ,
-0.853946888 ,
-1.596666127 ,
0 ,
0.4652079859 ,
-0.047155432 ,
-0.700269263 ,
0 ,
0 ,
0 ,
0 ,
0 ,
-0.326830091 ,
-1.417189543 ,
-1.847314879 ,
0 ,
0.4984967464 ,
-0.5277173 ,
-0.95194632 ,
0 ,
0.6317883545 ,
0.1914134198 ,
-0.334789177 ,
0 ,
0 ,
0 ,
0 ,
0 ,
0 ,
0 ,
0 ,
0 ,
0 ,
0 ,
0 ,
0 ,
0 ,
0 ,
0 ,
0 ,
0 ,
0 ,
0 ,
0 ,
-0.909527854 ,
-1.893992512 ,
-2.605908503 ,
0 ,
-0.025483778 ,
-0.925202181 ,
-1.650332755 ,
0 ,
0.2735877675 ,
-0.160039553 ,
-0.772822072 ,
0 ,
0 ,
0 ,
0 ,
0 ,
-0.671415248 ,
-1.519349693 ,
-1.8529657 ,
0 ,
0.0954977984 ,
-0.760805781 ,
-1.090092735 ,
0 ,
0.3499402926 ,
-0.057925146 ,
-0.426720112 ,
0 ,
0 ,
0 ,
0 ,
0 ,
0 ,
0 ,
0 ,
0 ,
0 ,
0 ,
0 ,
0 ,
0 ,
0 ,
0 ,
0 ,
0 ,
0 ,
0 ,
0 ,
-0.610860015 ,
-1.819103852 ,
-2.569204317 ,
0 ,
0.2371298907 ,
-0.827804103 ,
-1.628346947 ,
0 ,
0.5214761504 ,
-0.029960752 ,
-0.699265449 ,
0 ,
0 ,
0 ,
0 ,
0 ,
-0.423343537 ,
-1.518045902 ,
-2.055433486 ,
0 ,
0.2474925803 ,
-0.709429922 ,
-1.280739866 ,
0 ,
0.5979898354 ,
0.0713106247 ,
-0.370579855 ,
0 ,
0 ,
0 ,
0 ,
0 ,
0 ,
0 ,
0 ,
0 ,
0 ,
0 ,
0 ,
0 ,
0 ,
0 ,
0 ,
0 ,
0 ,
0 ,
0 ,
0 ,
-0.653003992 ,
-1.839434714 ,
-2.390209819 ,
0 ,
0.1348952736 ,
-0.929630638 ,
-1.593053629 ,
0 ,
0.4138886389 ,
-0.101698802 ,
-0.661993944 ,
0 ,
0 ,
0 ,
0 ,
0 ,
-0.355463428 ,
-1.489937834 ,
-1.731829955 ,
0 ,
0.3249906693 ,
-0.625854103 ,
-1.085891734 ,
0 ,
0.5429834839 ,
0.0985771054 ,
-0.316816999 ,
0 ,
0 ,
0 ,
0 ,
0 ,
0 ,
0 ,
0 ,
0 ,
0 ,
0 ,
0 ,
0 ,
0 ,
0 ,
0 ,
0 ,
0 ,
0 ,
0 ,
0 ,
-0.736429183 ,
-1.857262048 ,
-2.483461833 ,
0 ,
0.2009685179 ,
-0.862696466 ,
-1.493984425 ,
0 ,
0.4473293789 ,
-0.088378071 ,
-0.644750579 ,
0 ,
0 ,
0 ,
0 ,
0 ,
-0.36956253 ,
-1.338346291 ,
-1.960777214 ,
0 ,
0.3735456973 ,
-0.598670313 ,
-1.097956507 ,
0 ,
0.552318752 ,
0.0782183523 ,
-0.356554965 ,
0 ,
0 ,
0 ,
0 ,
0 ,
0 ,
0 ,
0 ,
0 ,
0 ,
0 ,
0 ,
0 ,
0 ,
0 ,
0 ,
0 ,
0 ,
0 ,
0 ,
0 ,
-0.644610966 ,
-1.693380452 ,
-2.335581213 ,
0 ,
0.2176772088 ,
-0.719843358 ,
-1.530499226 ,
0 ,
0.4048505777 ,
0.033774852 ,
-0.696017711 ,
0 ,
0 ,
0 ,
0 ,
0 ,
-0.255242377 ,
-1.156433338 ,
-1.545232017 ,
0 ,
0.4320067958 ,
-0.404502032 ,
-1.006942623 ,
0 ,
0.5702393845 ,
0.2699859015 ,
-0.359936511 ,
0 ,
0 ,
0 ,
0 ,
0 ,
0 ,
0 ,
0 ,
0 ,
0 ,
0 ,
0 ,
0 ,
0 ,
0 ,
0 ,
0 ,
0 ,
0 ,
0 ,
0 ,
-0.746177144 ,
-1.887670196 ,
-2.496563066 ,
0 ,
0.0704083213 ,
-0.892442771 ,
-1.528296843 ,
0 ,
0.2973094713 ,
-0.201947047 ,
-0.845315634 ,
0 ,
0 ,
0 ,
0 ,
0 ,
-0.553578741 ,
-1.539730644 ,
-1.995006781 ,
0 ,
0.0867212821 ,
-0.85430933 ,
-1.307989583 ,
0 ,
0.2941833966 ,
-0.207222469 ,
-0.750075819 ,
0 ,
0 ,
0 ,
0 ,
0 ,
0 ,
0 ,
0 ,
0 ,
0 ,
0 ,
0 ,
0 ,
0 ,
0 ,
0 ,
0 ,
0 ,
0 ,
0 ,
0 ,
-0.919726895 ,
-1.973347076 ,
-2.571071064 ,
0 ,
-0.082923986 ,
-1.100635366 ,
-1.870716102 ,
0 ,
0.263686189 ,
-0.168513403 ,
-0.816488091 ,
0 ,
0 ,
0 ,
0 ,
0 ,
-0.668252246 ,
-1.689444591 ,
-2.053701235 ,
0 ,
-0.003939252 ,
-0.908835039 ,
-1.474378504 ,
0 ,
0.2335394322 ,
-0.171156959 ,
-0.615129411 ,
0 ,
0 ,
0 ,
0 ,
0 ,
0 ,
0 ,
0 ,
0 ,
0 ,
0 ,
0 ,
0 ,
0 ,
0 ,
0 ,
0 ,
0 ,
0 ,
0 ,
0 ,
-0.784301108 ,
-1.858729322 ,
-2.400003367 ,
0 ,
0.1809889918 ,
-0.778994914 ,
-1.47404692 ,
0 ,
0.4750295701 ,
0.0910332287 ,
-0.649623832 ,
0 ,
0 ,
0 ,
0 ,
0 ,
-0.530389041 ,
-1.49756438 ,
-1.809285367 ,
0 ,
0.2869839404 ,
-0.585452072 ,
-1.087668645 ,
0 ,
0.4909717682 ,
0.1635768 ,
-0.377783172 ,
0 ,
0 ,
0 ,
0 ,
0 ,
0 ,
0 ,
0 ,
0 ,
0 ,
0 ,
0 ,
0 ,
0 ,
0 ,
0 ,
0 ,
0 ,
0 ,
0 ,
0 ,
-0.826845821 ,
-1.872643573 ,
-2.586040496 ,
0 ,
0.0178344988 ,
-0.965457391 ,
-1.727907254 ,
0 ,
0.39072283 ,
-0.130566401 ,
-0.808092636 ,
0 ,
0 ,
0 ,
0 ,
0 ,
-0.390364931 ,
-1.52340488 ,
-1.953492255 ,
0 ,
0.2961437072 ,
-0.707177385 ,
-1.164048029 ,
0 ,
0.5554130021 ,
-0.0193685 ,
-0.563361444 ,
0 ,
0 ,
0 ,
0 ,
0 ,
0 ,
0 ,
0 ,
0 ,
0 ,
0 ,
0 ,
0 ,
0 ,
0 ,
0 ,
0 ,
0 ,
0 ,
0 ,
0 ,
-0.80371141 ,
-1.858603039 ,
-2.607940684 ,
0 ,
0.127069983 ,
-0.861080038 ,
-1.630534566 ,
0 ,
0.3202605144 ,
-0.124299244 ,
-0.812292799 ,
0 ,
0 ,
0 ,
0 ,
0 ,
-0.589856646 ,
-1.601477708 ,
-2.095046343 ,
0 ,
0.1847581772 ,
-0.74676327 ,
-1.319834828 ,
0 ,
0.3299816631 ,
-0.101810401 ,
-0.725571599 ,
0 ,
0 ,
0 ,
0 ,
0 ,
0 ,
0 ,
0 ,
0 ,
0 ,
0 ,
0 ,
0 ,
0 ,
0 ,
0 ,
0 ,
0 ,
0 ,
0 ,
0 ,
-0.692644811 ,
-1.792906341 ,
-2.422113358 ,
0 ,
0.2089106477 ,
-0.779593051 ,
-1.566685061 ,
0 ,
0.5225733718 ,
0.0542541027 ,
-0.677182434 ,
0 ,
0 ,
0 ,
0 ,
0 ,
-0.441413015 ,
-1.340562277 ,
-1.757942295 ,
0 ,
0.3163574409 ,
-0.547606638 ,
-1.171211032 ,
0 ,
0.5262952777 ,
0.1089472082 ,
-0.478889262 ,
0 ,
0 ,
0 ,
0 ,
0 ,
0 ,
0 ,
0 ,
0 ,
0 ,
0 ,
0 ,
0 ,
0 ,
0 ,
0 ,
0 ,
0 ,
0 ,
0 ,
0 ,
-0.841954753 ,
-2.006585633 ,
-2.568031495 ,
0 ,
0.0302337139 ,
-0.999231042 ,
-1.709521966 ,
0 ,
0.2694959954 ,
-0.200520314 ,
-0.86694724 ,
0 ,
0 ,
0 ,
0 ,
0 ,
-0.518943373 ,
-1.465527257 ,
-1.743325594 ,
0 ,
0.2192484105 ,
-0.704300103 ,
-1.085031656 ,
0 ,
0.5047078943 ,
0.0913393918 ,
-0.401130335 ,
0 ,
0 ,
0 ,
0 ,
0 ,
0 ,
0 ,
0 ,
0 ,
0 ,
0 ,
0 ,
0 ,
0 ,
0 ,
0 ,
0 ,
0 ,
0 ,
0 ,
0 ,
-0.816791033 ,
-1.862905401 ,
-2.51062453 ,
0 ,
0.0744003742 ,
-0.843957144 ,
-1.686220776 ,
0 ,
0.4800912665 ,
-0.010325061 ,
-0.747118436 ,
0 ,
0 ,
0 ,
0 ,
0 ,
-0.504996474 ,
-1.52001784 ,
-1.959934245 ,
0 ,
0.2511873795 ,
-0.66752704 ,
-1.219516219 ,
0 ,
0.6678266275 ,
0.210797118 ,
-0.317157728 ,
0 ,
0 ,
0 ,
0 ,
0 ,
0 ,
0 ,
0 ,
0 ,
0 ,
0 ,
0 ,
0 ,
0 ,
0 ,
0 ,
0 ,
0 ,
0 ,
0 ,
0 ,
-0.946889565 ,
-2.074030658 ,
-2.754287843 ,
0 ,
-0.001213088 ,
-1.016919259 ,
-1.770031111 ,
0 ,
0.24824283 ,
-0.211444092 ,
-0.876368406 ,
0 ,
0 ,
0 ,
0 ,
0 ,
-0.589159301 ,
-1.6090942 ,
-2.134343885 ,
0 ,
0.1897331989 ,
-0.737677069 ,
-1.283221553 ,
0 ,
0.3668029329 ,
-0.040301416 ,
-0.548353374 ,
0 ,
0 ,
0 ,
0 ,
0 ,
0 ,
0 ,
0 ,
0 ,
0 ,
0 ,
0 ,
0 ,
0 ,
0 ,
0 ,
0 ,
0 ,
0 ,
0 ,
0 ,
-0.751990541 ,
-1.920902639 ,
-2.67174566 ,
0 ,
0.1304033755 ,
-0.867464994 ,
-1.67335616 ,
0 ,
0.3737572422 ,
-0.074000439 ,
-0.763743126 ,
0 ,
0 ,
0 ,
0 ,
0 ,
-0.527832711 ,
-1.589995286 ,
-2.235235649 ,
0 ,
0.2212514543 ,
-0.760988173 ,
-1.274610858 ,
0 ,
0.3714823754 ,
-0.067678351 ,
-0.5793393 ,
0 ,
0 ,
0 ,
0 ,
0 ,
0 ,
0 ,
0 ,
0 ,
0 ,
0 ,
0 ,
0 ,
0 ,
0 ,
0 ,
0 ,
0 ,
0 ,
0 ,
0 ,
-0.645898344 ,
-1.902308513 ,
-2.505307899 ,
0 ,
0.2401615816 ,
-0.833190565 ,
-1.523189165 ,
0 ,
0.5007946068 ,
-0.031859503 ,
-0.706255546 ,
0 ,
0 ,
0 ,
0 ,
0 ,
-0.508553894 ,
-1.555832246 ,
-1.926154452 ,
0 ,
0.336683951 ,
-0.652097874 ,
-0.992744736 ,
0 ,
0.5164009126 ,
0.0547909211 ,
-0.473010309 ,
0 ,
0 ,
0 ,
0 ,
0 ,
0 ,
0 ,
0 ,
0 ,
0 ,
0 ,
0 ,
0 ,
0 ,
0 ,
0 ,
0 ,
0 ,
0 ,
0 ,
0 ,
-0.747918773 ,
-1.85067643 ,
-2.507852263 ,
0 ,
0.1543480857 ,
-0.858926734 ,
-1.497542375 ,
0 ,
0.4454054644 ,
0.010770386 ,
-0.621169112 ,
0 ,
0 ,
0 ,
0 ,
0 ,
-0.341303979 ,
-1.449657332 ,
-1.73003104 ,
0 ,
0.4337229246 ,
-0.567162158 ,
-0.89067066 ,
0 ,
0.657906838 ,
0.1769278392 ,
-0.320460109 ,
0 ,
0 ,
0 ,
0 ,
0 ,
0 ,
0 ,
0 ,
0 ,
0 ,
0 ,
0 ,
0 ,
0 ,
0 ,
0 ,
0 ,
0 ,
0 ,
0 ,
0 ,
-0.594957245 ,
-1.776361583 ,
-2.395988633 ,
0 ,
0.3289336779 ,
-0.670925786 ,
-1.308122285 ,
0 ,
0.5243300016 ,
0.0195101882 ,
-0.575261554 ,
0 ,
0 ,
0 ,
0 ,
0 ,
-0.194033063 ,
-1.313242866 ,
-1.700826971 ,
0 ,
0.6090831703 ,
-0.327065845 ,
-0.682922159 ,
0 ,
0.7719033297 ,
0.2187628711 ,
-0.185866481 ,
0 ,
0 ,
0 ,
0 ,
};
 
 
double INCOME_QUARTILE_Inc_qrt_L3t [BOOTSTRAP_INDEX_39][AR_ORDER_INDEX_3][INCOME_QUARTILE ][INCOME_QUARTILE]={
0 ,
0 ,
0 ,
0 ,
0 ,
0 ,
0 ,
0 ,
0 ,
0 ,
0 ,
0 ,
0 ,
0 ,
0 ,
0 ,
0 ,
0 ,
0 ,
0 ,
0 ,
0 ,
0 ,
0 ,
0 ,
0 ,
0 ,
0 ,
0 ,
0 ,
0 ,
0 ,
0 ,
-0.464137773 ,
-1.202430995 ,
-1.430056587 ,
0 ,
0.1332954563 ,
-0.555829201 ,
-0.821364504 ,
0 ,
0.2974805752 ,
-0.151714637 ,
-0.44611248 ,
0 ,
0 ,
0 ,
0 ,
0 ,
0 ,
0 ,
0 ,
0 ,
0 ,
0 ,
0 ,
0 ,
0 ,
0 ,
0 ,
0 ,
0 ,
0 ,
0 ,
0 ,
0 ,
0 ,
0 ,
0 ,
0 ,
0 ,
0 ,
0 ,
0 ,
0 ,
0 ,
0 ,
0 ,
0 ,
0 ,
0 ,
-0.385413557 ,
-1.04488827 ,
-1.299249259 ,
0 ,
0.1554653088 ,
-0.659652874 ,
-0.838160341 ,
0 ,
0.3877175541 ,
-0.146255672 ,
-0.351480024 ,
0 ,
0 ,
0 ,
0 ,
0 ,
0 ,
0 ,
0 ,
0 ,
0 ,
0 ,
0 ,
0 ,
0 ,
0 ,
0 ,
0 ,
0 ,
0 ,
0 ,
0 ,
0 ,
0 ,
0 ,
0 ,
0 ,
0 ,
0 ,
0 ,
0 ,
0 ,
0 ,
0 ,
0 ,
0 ,
0 ,
0 ,
-0.458042574 ,
-1.164832351 ,
-1.364376435 ,
0 ,
0.1082481255 ,
-0.480447117 ,
-0.768253809 ,
0 ,
0.2775679462 ,
-0.119580809 ,
-0.471327344 ,
0 ,
0 ,
0 ,
0 ,
0 ,
0 ,
0 ,
0 ,
0 ,
0 ,
0 ,
0 ,
0 ,
0 ,
0 ,
0 ,
0 ,
0 ,
0 ,
0 ,
0 ,
0 ,
0 ,
0 ,
0 ,
0 ,
0 ,
0 ,
0 ,
0 ,
0 ,
0 ,
0 ,
0 ,
0 ,
0 ,
0 ,
-0.636278986 ,
-1.486281477 ,
-1.579603764 ,
0 ,
-0.006883289 ,
-0.690736025 ,
-0.938890835 ,
0 ,
0.1687994645 ,
-0.24901412 ,
-0.567516643 ,
0 ,
0 ,
0 ,
0 ,
0 ,
0 ,
0 ,
0 ,
0 ,
0 ,
0 ,
0 ,
0 ,
0 ,
0 ,
0 ,
0 ,
0 ,
0 ,
0 ,
0 ,
0 ,
0 ,
0 ,
0 ,
0 ,
0 ,
0 ,
0 ,
0 ,
0 ,
0 ,
0 ,
0 ,
0 ,
0 ,
0 ,
-0.36805347 ,
-1.093991385 ,
-1.34039351 ,
0 ,
0.2990907708 ,
-0.307846345 ,
-0.58572109 ,
0 ,
0.5149951677 ,
0.1001856582 ,
-0.261140598 ,
0 ,
0 ,
0 ,
0 ,
0 ,
0 ,
0 ,
0 ,
0 ,
0 ,
0 ,
0 ,
0 ,
0 ,
0 ,
0 ,
0 ,
0 ,
0 ,
0 ,
0 ,
0 ,
0 ,
0 ,
0 ,
0 ,
0 ,
0 ,
0 ,
0 ,
0 ,
0 ,
0 ,
0 ,
0 ,
0 ,
0 ,
-0.387772906 ,
-1.124422075 ,
-1.306289088 ,
0 ,
0.2093628871 ,
-0.450323778 ,
-0.724572269 ,
0 ,
0.3824411802 ,
-0.046819664 ,
-0.357736192 ,
0 ,
0 ,
0 ,
0 ,
0 ,
0 ,
0 ,
0 ,
0 ,
0 ,
0 ,
0 ,
0 ,
0 ,
0 ,
0 ,
0 ,
0 ,
0 ,
0 ,
0 ,
0 ,
0 ,
0 ,
0 ,
0 ,
0 ,
0 ,
0 ,
0 ,
0 ,
0 ,
0 ,
0 ,
0 ,
0 ,
0 ,
-0.308427752 ,
-1.082554685 ,
-1.426366806 ,
0 ,
0.2160770022 ,
-0.477162688 ,
-0.766896355 ,
0 ,
0.479941241 ,
0.0148953433 ,
-0.277800619 ,
0 ,
0 ,
0 ,
0 ,
0 ,
0 ,
0 ,
0 ,
0 ,
0 ,
0 ,
0 ,
0 ,
0 ,
0 ,
0 ,
0 ,
0 ,
0 ,
0 ,
0 ,
0 ,
0 ,
0 ,
0 ,
0 ,
0 ,
0 ,
0 ,
0 ,
0 ,
0 ,
0 ,
0 ,
0 ,
0 ,
0 ,
-0.483057025 ,
-1.121848712 ,
-1.37412952 ,
0 ,
0.097881009 ,
-0.533015376 ,
-0.757992187 ,
0 ,
0.3705433525 ,
-0.022309756 ,
-0.33413296 ,
0 ,
0 ,
0 ,
0 ,
0 ,
0 ,
0 ,
0 ,
0 ,
0 ,
0 ,
0 ,
0 ,
0 ,
0 ,
0 ,
0 ,
0 ,
0 ,
0 ,
0 ,
0 ,
0 ,
0 ,
0 ,
0 ,
0 ,
0 ,
0 ,
0 ,
0 ,
0 ,
0 ,
0 ,
0 ,
0 ,
0 ,
-0.479962471 ,
-1.244038991 ,
-1.771647923 ,
0 ,
0.0438510613 ,
-0.604032123 ,
-0.892651707 ,
0 ,
0.2608287596 ,
-0.198666319 ,
-0.57121304 ,
0 ,
0 ,
0 ,
0 ,
0 ,
0 ,
0 ,
0 ,
0 ,
0 ,
0 ,
0 ,
0 ,
0 ,
0 ,
0 ,
0 ,
0 ,
0 ,
0 ,
0 ,
0 ,
0 ,
0 ,
0 ,
0 ,
0 ,
0 ,
0 ,
0 ,
0 ,
0 ,
0 ,
0 ,
0 ,
0 ,
0 ,
-0.561522871 ,
-1.220200333 ,
-1.305198659 ,
0 ,
0.0383826896 ,
-0.630719533 ,
-0.777199701 ,
0 ,
0.1620685599 ,
-0.174676245 ,
-0.424792527 ,
0 ,
0 ,
0 ,
0 ,
0 ,
0 ,
0 ,
0 ,
0 ,
0 ,
0 ,
0 ,
0 ,
0 ,
0 ,
0 ,
0 ,
0 ,
0 ,
0 ,
0 ,
0 ,
0 ,
0 ,
0 ,
0 ,
0 ,
0 ,
0 ,
0 ,
0 ,
0 ,
0 ,
0 ,
0 ,
0 ,
0 ,
-0.739068792 ,
-1.485607333 ,
-1.68212548 ,
0 ,
0.0324258583 ,
-0.740858469 ,
-1.094468365 ,
0 ,
0.1173339825 ,
-0.463313407 ,
-0.768808596 ,
0 ,
0 ,
0 ,
0 ,
0 ,
0 ,
0 ,
0 ,
0 ,
0 ,
0 ,
0 ,
0 ,
0 ,
0 ,
0 ,
0 ,
0 ,
0 ,
0 ,
0 ,
0 ,
0 ,
0 ,
0 ,
0 ,
0 ,
0 ,
0 ,
0 ,
0 ,
0 ,
0 ,
0 ,
0 ,
0 ,
0 ,
-0.26628947 ,
-1.011889789 ,
-1.271942033 ,
0 ,
0.3445697296 ,
-0.366778082 ,
-0.717791982 ,
0 ,
0.4603685707 ,
0.0241550373 ,
-0.265514515 ,
0 ,
0 ,
0 ,
0 ,
0 ,
0 ,
0 ,
0 ,
0 ,
0 ,
0 ,
0 ,
0 ,
0 ,
0 ,
0 ,
0 ,
0 ,
0 ,
0 ,
0 ,
0 ,
0 ,
0 ,
0 ,
0 ,
0 ,
0 ,
0 ,
0 ,
0 ,
0 ,
0 ,
0 ,
0 ,
0 ,
0 ,
-0.561376259 ,
-1.244154837 ,
-1.402704288 ,
0 ,
0.0162324551 ,
-0.619661131 ,
-0.878735102 ,
0 ,
0.3157757869 ,
-0.156410038 ,
-0.387417943 ,
0 ,
0 ,
0 ,
0 ,
0 ,
0 ,
0 ,
0 ,
0 ,
0 ,
0 ,
0 ,
0 ,
0 ,
0 ,
0 ,
0 ,
0 ,
0 ,
0 ,
0 ,
0 ,
0 ,
0 ,
0 ,
0 ,
0 ,
0 ,
0 ,
0 ,
0 ,
0 ,
0 ,
0 ,
0 ,
0 ,
0 ,
-0.376207943 ,
-1.170887742 ,
-1.43261717 ,
0 ,
0.2186363311 ,
-0.536475309 ,
-0.83191781 ,
0 ,
0.4561306415 ,
-0.092178095 ,
-0.41958917 ,
0 ,
0 ,
0 ,
0 ,
0 ,
0 ,
0 ,
0 ,
0 ,
0 ,
0 ,
0 ,
0 ,
0 ,
0 ,
0 ,
0 ,
0 ,
0 ,
0 ,
0 ,
0 ,
0 ,
0 ,
0 ,
0 ,
0 ,
0 ,
0 ,
0 ,
0 ,
0 ,
0 ,
0 ,
0 ,
0 ,
0 ,
-0.459535989 ,
-1.282035042 ,
-1.473941165 ,
0 ,
0.1455839958 ,
-0.46390118 ,
-0.835586787 ,
0 ,
0.3410887743 ,
-0.083665898 ,
-0.465607361 ,
0 ,
0 ,
0 ,
0 ,
0 ,
0 ,
0 ,
0 ,
0 ,
0 ,
0 ,
0 ,
0 ,
0 ,
0 ,
0 ,
0 ,
0 ,
0 ,
0 ,
0 ,
0 ,
0 ,
0 ,
0 ,
0 ,
0 ,
0 ,
0 ,
0 ,
0 ,
0 ,
0 ,
0 ,
0 ,
0 ,
0 ,
-0.505329311 ,
-1.245226048 ,
-1.633812145 ,
0 ,
-0.014116141 ,
-0.656960793 ,
-0.904399553 ,
0 ,
0.243361749 ,
-0.159065188 ,
-0.516158292 ,
0 ,
0 ,
0 ,
0 ,
0 ,
0 ,
0 ,
0 ,
0 ,
0 ,
0 ,
0 ,
0 ,
0 ,
0 ,
0 ,
0 ,
0 ,
0 ,
0 ,
0 ,
0 ,
0 ,
0 ,
0 ,
0 ,
0 ,
0 ,
0 ,
0 ,
0 ,
0 ,
0 ,
0 ,
0 ,
0 ,
0 ,
-0.242354964 ,
-1.286348195 ,
-1.428610871 ,
0 ,
0.2519922653 ,
-0.539102807 ,
-0.743698754 ,
0 ,
0.4252097484 ,
-0.172498288 ,
-0.323332906 ,
0 ,
0 ,
0 ,
0 ,
0 ,
0 ,
0 ,
0 ,
0 ,
0 ,
0 ,
0 ,
0 ,
0 ,
0 ,
0 ,
0 ,
0 ,
0 ,
0 ,
0 ,
0 ,
0 ,
0 ,
0 ,
0 ,
0 ,
0 ,
0 ,
0 ,
0 ,
0 ,
0 ,
0 ,
0 ,
0 ,
0 ,
-0.458950418 ,
-1.205570887 ,
-1.593176229 ,
0 ,
0.0827335645 ,
-0.662432697 ,
-0.956646451 ,
0 ,
0.2334248509 ,
-0.278864155 ,
-0.531609611 ,
0 ,
0 ,
0 ,
0 ,
0 ,
0 ,
0 ,
0 ,
0 ,
0 ,
0 ,
0 ,
0 ,
0 ,
0 ,
0 ,
0 ,
0 ,
0 ,
0 ,
0 ,
0 ,
0 ,
0 ,
0 ,
0 ,
0 ,
0 ,
0 ,
0 ,
0 ,
0 ,
0 ,
0 ,
0 ,
0 ,
0 ,
-0.519549196 ,
-1.175057587 ,
-1.481365228 ,
0 ,
0.1921673668 ,
-0.481340999 ,
-0.947329023 ,
0 ,
0.2835268007 ,
-0.121935633 ,
-0.475007991 ,
0 ,
0 ,
0 ,
0 ,
0 ,
0 ,
0 ,
0 ,
0 ,
0 ,
0 ,
0 ,
0 ,
0 ,
0 ,
0 ,
0 ,
0 ,
0 ,
0 ,
0 ,
0 ,
0 ,
0 ,
0 ,
0 ,
0 ,
0 ,
0 ,
0 ,
0 ,
0 ,
0 ,
0 ,
0 ,
0 ,
0 ,
-0.557382128 ,
-1.091414512 ,
-1.414600693 ,
0 ,
-0.008023644 ,
-0.626098724 ,
-1.075109636 ,
0 ,
0.2890230915 ,
-0.208336223 ,
-0.538492072 ,
0 ,
0 ,
0 ,
0 ,
0 ,
0 ,
0 ,
0 ,
0 ,
0 ,
0 ,
0 ,
0 ,
0 ,
0 ,
0 ,
0 ,
0 ,
0 ,
0 ,
0 ,
0 ,
0 ,
0 ,
0 ,
0 ,
0 ,
0 ,
0 ,
0 ,
0 ,
0 ,
0 ,
0 ,
0 ,
0 ,
0 ,
-0.55369418 ,
-1.218084339 ,
-1.563651825 ,
0 ,
0.0217132799 ,
-0.752643626 ,
-0.965072076 ,
0 ,
0.1808202779 ,
-0.372667727 ,
-0.592274699 ,
0 ,
0 ,
0 ,
0 ,
0 ,
0 ,
0 ,
0 ,
0 ,
0 ,
0 ,
0 ,
0 ,
0 ,
0 ,
0 ,
0 ,
0 ,
0 ,
0 ,
0 ,
0 ,
0 ,
0 ,
0 ,
0 ,
0 ,
0 ,
0 ,
0 ,
0 ,
0 ,
0 ,
0 ,
0 ,
0 ,
0 ,
-0.699541407 ,
-1.400716884 ,
-1.668134665 ,
0 ,
-0.045280431 ,
-0.664498696 ,
-1.066642735 ,
0 ,
0.1429564542 ,
-0.224853626 ,
-0.623860542 ,
0 ,
0 ,
0 ,
0 ,
0 ,
0 ,
0 ,
0 ,
0 ,
0 ,
0 ,
0 ,
0 ,
0 ,
0 ,
0 ,
0 ,
0 ,
0 ,
0 ,
0 ,
0 ,
0 ,
0 ,
0 ,
0 ,
0 ,
0 ,
0 ,
0 ,
0 ,
0 ,
0 ,
0 ,
0 ,
0 ,
0 ,
-0.573598341 ,
-1.278586526 ,
-1.619329887 ,
0 ,
0.0536455461 ,
-0.607827662 ,
-0.949830903 ,
0 ,
0.1502365135 ,
-0.31093973 ,
-0.61266302 ,
0 ,
0 ,
0 ,
0 ,
0 ,
0 ,
0 ,
0 ,
0 ,
0 ,
0 ,
0 ,
0 ,
0 ,
0 ,
0 ,
0 ,
0 ,
0 ,
0 ,
0 ,
0 ,
0 ,
0 ,
0 ,
0 ,
0 ,
0 ,
0 ,
0 ,
0 ,
0 ,
0 ,
0 ,
0 ,
0 ,
0 ,
-0.379651177 ,
-1.25293409 ,
-1.382346334 ,
0 ,
0.3218238797 ,
-0.581871382 ,
-0.799762482 ,
0 ,
0.2564976573 ,
-0.320412226 ,
-0.640860346 ,
0 ,
0 ,
0 ,
0 ,
0 ,
0 ,
0 ,
0 ,
0 ,
0 ,
0 ,
0 ,
0 ,
0 ,
0 ,
0 ,
0 ,
0 ,
0 ,
0 ,
0 ,
0 ,
0 ,
0 ,
0 ,
0 ,
0 ,
0 ,
0 ,
0 ,
0 ,
0 ,
0 ,
0 ,
0 ,
0 ,
0 ,
-0.460447546 ,
-1.289758924 ,
-1.510296639 ,
0 ,
0.1724332031 ,
-0.62500185 ,
-0.86282892 ,
0 ,
0.3080256208 ,
-0.300964574 ,
-0.54270486 ,
0 ,
0 ,
0 ,
0 ,
0 ,
0 ,
0 ,
0 ,
0 ,
0 ,
0 ,
0 ,
0 ,
0 ,
0 ,
0 ,
0 ,
0 ,
0 ,
0 ,
0 ,
0 ,
0 ,
0 ,
0 ,
0 ,
0 ,
0 ,
0 ,
0 ,
0 ,
0 ,
0 ,
0 ,
0 ,
0 ,
0 ,
-0.576960593 ,
-1.278538761 ,
-1.398733735 ,
0 ,
0.1094139855 ,
-0.606959136 ,
-0.675838308 ,
0 ,
0.2223951836 ,
-0.188686107 ,
-0.393573789 ,
0 ,
0 ,
0 ,
0 ,
0 ,
0 ,
0 ,
0 ,
0 ,
0 ,
0 ,
0 ,
0 ,
0 ,
0 ,
0 ,
0 ,
0 ,
0 ,
0 ,
0 ,
0 ,
0 ,
0 ,
0 ,
0 ,
0 ,
0 ,
0 ,
0 ,
0 ,
0 ,
0 ,
0 ,
0 ,
0 ,
0 ,
-0.534293146 ,
-1.378020464 ,
-1.767007929 ,
0 ,
0.0828762723 ,
-0.598498644 ,
-0.873093585 ,
0 ,
0.342053004 ,
-0.200782903 ,
-0.554567002 ,
0 ,
0 ,
0 ,
0 ,
0 ,
0 ,
0 ,
0 ,
0 ,
0 ,
0 ,
0 ,
0 ,
0 ,
0 ,
0 ,
0 ,
0 ,
0 ,
0 ,
0 ,
0 ,
0 ,
0 ,
0 ,
0 ,
0 ,
0 ,
0 ,
0 ,
0 ,
0 ,
0 ,
0 ,
0 ,
0 ,
0 ,
-0.345078263 ,
-1.131404813 ,
-1.337020071 ,
0 ,
0.2816950723 ,
-0.469995158 ,
-0.569619386 ,
0 ,
0.416730297 ,
-0.160302502 ,
-0.35011256 ,
0 ,
0 ,
0 ,
0 ,
0 ,
0 ,
0 ,
0 ,
0 ,
0 ,
0 ,
0 ,
0 ,
0 ,
0 ,
0 ,
0 ,
0 ,
0 ,
0 ,
0 ,
0 ,
0 ,
0 ,
0 ,
0 ,
0 ,
0 ,
0 ,
0 ,
0 ,
0 ,
0 ,
0 ,
0 ,
0 ,
0 ,
-0.519535875 ,
-1.300312627 ,
-1.620720484 ,
0 ,
0.0647702486 ,
-0.658714007 ,
-0.804428272 ,
0 ,
0.2976567147 ,
-0.156610105 ,
-0.461555127 ,
0 ,
0 ,
0 ,
0 ,
0 ,
0 ,
0 ,
0 ,
0 ,
0 ,
0 ,
0 ,
0 ,
0 ,
0 ,
0 ,
0 ,
0 ,
0 ,
0 ,
0 ,
0 ,
0 ,
0 ,
0 ,
0 ,
0 ,
0 ,
0 ,
0 ,
0 ,
0 ,
0 ,
0 ,
0 ,
0 ,
0 ,
-0.332856551 ,
-1.166276951 ,
-1.462091894 ,
0 ,
0.2327880086 ,
-0.469941617 ,
-0.60869238 ,
0 ,
0.4101301519 ,
-0.075890917 ,
-0.339782065 ,
0 ,
0 ,
0 ,
0 ,
0 ,
0 ,
0 ,
0 ,
0 ,
0 ,
0 ,
0 ,
0 ,
0 ,
0 ,
0 ,
0 ,
0 ,
0 ,
0 ,
0 ,
0 ,
0 ,
0 ,
0 ,
0 ,
0 ,
0 ,
0 ,
0 ,
0 ,
0 ,
0 ,
0 ,
0 ,
0 ,
0 ,
-0.549075979 ,
-1.215189301 ,
-1.38058237 ,
0 ,
0.027520137 ,
-0.561034202 ,
-0.866691604 ,
0 ,
0.2416383029 ,
-0.119031246 ,
-0.42825906 ,
0 ,
0 ,
0 ,
0 ,
0 ,
0 ,
0 ,
0 ,
0 ,
0 ,
0 ,
0 ,
0 ,
0 ,
0 ,
0 ,
0 ,
0 ,
0 ,
0 ,
0 ,
0 ,
0 ,
0 ,
0 ,
0 ,
0 ,
0 ,
0 ,
0 ,
0 ,
0 ,
0 ,
0 ,
0 ,
0 ,
0 ,
-0.41526226 ,
-1.120537278 ,
-1.339864567 ,
0 ,
0.220974413 ,
-0.319172999 ,
-0.57729708 ,
0 ,
0.4144098388 ,
0.0467126973 ,
-0.216933878 ,
0 ,
0 ,
0 ,
0 ,
0 ,
0 ,
0 ,
0 ,
0 ,
0 ,
0 ,
0 ,
0 ,
0 ,
0 ,
0 ,
0 ,
0 ,
0 ,
0 ,
0 ,
0 ,
0 ,
0 ,
0 ,
0 ,
0 ,
0 ,
0 ,
0 ,
0 ,
0 ,
0 ,
0 ,
0 ,
0 ,
0 ,
-0.436392547 ,
-1.188583633 ,
-1.33278767 ,
0 ,
0.1405277371 ,
-0.544064532 ,
-0.60401015 ,
0 ,
0.3809341618 ,
-0.100965597 ,
-0.307097366 ,
0 ,
0 ,
0 ,
0 ,
0 ,
0 ,
0 ,
0 ,
0 ,
0 ,
0 ,
0 ,
0 ,
0 ,
0 ,
0 ,
0 ,
0 ,
0 ,
0 ,
0 ,
0 ,
0 ,
0 ,
0 ,
0 ,
0 ,
0 ,
0 ,
0 ,
0 ,
0 ,
0 ,
0 ,
0 ,
0 ,
0 ,
-0.542237709 ,
-1.383620445 ,
-1.78173776 ,
0 ,
0.104084911 ,
-0.594192268 ,
-0.934338422 ,
0 ,
0.1361615435 ,
-0.306858738 ,
-0.651249016 ,
0 ,
0 ,
0 ,
0 ,
0 ,
0 ,
0 ,
0 ,
0 ,
0 ,
0 ,
0 ,
0 ,
0 ,
0 ,
0 ,
0 ,
0 ,
0 ,
0 ,
0 ,
0 ,
0 ,
0 ,
0 ,
0 ,
0 ,
0 ,
0 ,
0 ,
0 ,
0 ,
0 ,
0 ,
0 ,
0 ,
0 ,
-0.574393202 ,
-1.178876244 ,
-1.415956527 ,
0 ,
0.0700373156 ,
-0.643832371 ,
-1.097786768 ,
0 ,
0.1866328189 ,
-0.263100418 ,
-0.559565809 ,
0 ,
0 ,
0 ,
0 ,
0 ,
0 ,
0 ,
0 ,
0 ,
0 ,
0 ,
0 ,
0 ,
0 ,
0 ,
0 ,
0 ,
0 ,
0 ,
0 ,
0 ,
0 ,
0 ,
0 ,
0 ,
0 ,
0 ,
0 ,
0 ,
0 ,
0 ,
0 ,
0 ,
0 ,
0 ,
0 ,
0 ,
-0.423887659 ,
-1.232931819 ,
-1.429873367 ,
0 ,
0.1533810413 ,
-0.537275738 ,
-0.840214572 ,
0 ,
0.2960797177 ,
-0.172136025 ,
-0.553544561 ,
0 ,
0 ,
0 ,
0 ,
0 ,
0 ,
0 ,
0 ,
0 ,
0 ,
0 ,
0 ,
0 ,
0 ,
0 ,
0 ,
0 ,
0 ,
0 ,
0 ,
0 ,
0 ,
0 ,
0 ,
0 ,
0 ,
0 ,
0 ,
0 ,
0 ,
0 ,
0 ,
0 ,
0 ,
0 ,
0 ,
0 ,
-0.446805339 ,
-1.238741794 ,
-1.267815505 ,
0 ,
0.1081761306 ,
-0.401181817 ,
-0.738848421 ,
0 ,
0.4262125357 ,
0.0309318546 ,
-0.36512116 ,
0 ,
0 ,
0 ,
0 ,
0 ,
0 ,
0 ,
0 ,
0 ,
0 ,
0 ,
0 ,
0 ,
0 ,
0 ,
0 ,
0 ,
0 ,
0 ,
0 ,
0 ,
0 ,
0 ,
0 ,
0 ,
0 ,
0 ,
0 ,
0 ,
0 ,
0 ,
0 ,
0 ,
0 ,
0 ,
0 ,
0 ,
-0.263756184 ,
-1.180155805 ,
-1.625142582 ,
0 ,
0.201637095 ,
-0.508807988 ,
-0.848076901 ,
0 ,
0.3183063303 ,
-0.132959798 ,
-0.568231995 ,
0 ,
0 ,
0 ,
0 ,
0 ,
0 ,
0 ,
0 ,
0 ,
0 ,
0 ,
0 ,
0 ,
0 ,
0 ,
0 ,
0 ,
0 ,
0 ,
0 ,
0 ,
0 ,
0 ,
0 ,
0 ,
0 ,
0 ,
0 ,
0 ,
0 ,
0 ,
0 ,
0 ,
0 ,
0 ,
0 ,
0 ,
-0.464498842 ,
-1.122676739 ,
-1.708295627 ,
0 ,
0.2083077632 ,
-0.460209258 ,
-0.847552596 ,
0 ,
0.3497855496 ,
-0.088219751 ,
-0.39363688 ,
0 ,
0 ,
0 ,
0 ,
0 ,
0 ,
0 ,
0 ,
0 ,
0 ,
0 ,
0 ,
0 ,
0 ,
0 ,
0 ,
0 ,
0 ,
0 ,
0 ,
0 ,
0 ,
0 ,
0 ,
0 ,
0 ,
0 ,
0 ,
0 ,
0 ,
0 ,
0 ,
0 ,
0 ,
0 ,
0 ,
0 ,
-0.619454376 ,
-1.338545286 ,
-1.716845997 ,
0 ,
0.0691199338 ,
-0.626465392 ,
-0.967281535 ,
0 ,
0.1170553655 ,
-0.242582026 ,
-0.598565447 ,
0 ,
0 ,
0 ,
0 ,
};
 
 
double INCOME_QUARTILE_Inc_qrt_Lt [BOOTSTRAP_INDEX_39][AR_ORDER_INDEX_3][INCOME_QUARTILE ][INCOME_QUARTILE]={
0 ,
-1.560157439 ,
-3.564761625 ,
-5.3652331 ,
0 ,
0.1320663925 ,
-1.605943689 ,
-3.683608277 ,
0 ,
0.5488861472 ,
0.1925679017 ,
-1.619526799 ,
0 ,
0 ,
0 ,
0 ,
0 ,
-1.257560741 ,
-2.844790189 ,
-4.278691353 ,
0 ,
0.127223907 ,
-1.238646773 ,
-2.943114624 ,
0 ,
0.5649644027 ,
0.4015742056 ,
-1.175533977 ,
0 ,
0 ,
0 ,
0 ,
0 ,
-1.268876127 ,
-2.687087609 ,
-4.050383248 ,
0 ,
0.0998179801 ,
-1.192236059 ,
-2.940310289 ,
0 ,
0.5423201357 ,
0.467885458 ,
-1.225308413 ,
0 ,
0 ,
0 ,
0 ,
0 ,
-1.526816782 ,
-3.580124743 ,
-5.440369748 ,
0 ,
0.1353662467 ,
-1.650926496 ,
-3.734565557 ,
0 ,
0.5183963243 ,
0.1720479185 ,
-1.634584051 ,
0 ,
0 ,
0 ,
0 ,
0 ,
-1.250153205 ,
-2.853256784 ,
-4.354023422 ,
0 ,
0.1480339662 ,
-1.290737886 ,
-2.944025946 ,
0 ,
0.5673293301 ,
0.432724014 ,
-1.144357066 ,
0 ,
0 ,
0 ,
0 ,
0 ,
-1.223301673 ,
-2.68828739 ,
-4.104227445 ,
0 ,
0.1254684823 ,
-1.2188934 ,
-2.962958602 ,
0 ,
0.5504739639 ,
0.4685813423 ,
-1.243255565 ,
0 ,
0 ,
0 ,
0 ,
0 ,
-1.491126499 ,
-3.517733189 ,
-5.332336165 ,
0 ,
0.2436763862 ,
-1.532122538 ,
-3.610208566 ,
0 ,
0.6361784733 ,
0.1696842678 ,
-1.684823709 ,
0 ,
0 ,
0 ,
0 ,
0 ,
-1.259412514 ,
-3.021082358 ,
-4.284601416 ,
0 ,
0.1943067794 ,
-1.248192403 ,
-2.913353324 ,
0 ,
0.6236177036 ,
0.2692725526 ,
-1.318598495 ,
0 ,
0 ,
0 ,
0 ,
0 ,
-1.308497478 ,
-2.862749182 ,
-4.029128491 ,
0 ,
0.1466019844 ,
-1.233321935 ,
-2.977742234 ,
0 ,
0.5428438293 ,
0.2725324527 ,
-1.392438108 ,
0 ,
0 ,
0 ,
0 ,
0 ,
-1.712822531 ,
-3.744164189 ,
-5.593717155 ,
0 ,
-0.043641117 ,
-1.800698754 ,
-3.864478595 ,
0 ,
0.4555374939 ,
0.0717058412 ,
-1.690228637 ,
0 ,
0 ,
0 ,
0 ,
0 ,
-1.286249714 ,
-3.015725785 ,
-4.375686001 ,
0 ,
0.0429064652 ,
-1.368191699 ,
-3.045675467 ,
0 ,
0.6391767756 ,
0.4467119466 ,
-1.109065221 ,
0 ,
0 ,
0 ,
0 ,
0 ,
-1.411007317 ,
-2.944881775 ,
-4.24954338 ,
0 ,
-0.08607901 ,
-1.365365194 ,
-3.08847278 ,
0 ,
0.5409698833 ,
0.4829184406 ,
-1.203965481 ,
0 ,
0 ,
0 ,
0 ,
0 ,
-1.45337822 ,
-3.485622783 ,
-5.373823068 ,
0 ,
0.1886933735 ,
-1.539497641 ,
-3.546329652 ,
0 ,
0.6302124191 ,
0.2829118497 ,
-1.477590457 ,
0 ,
0 ,
0 ,
0 ,
0 ,
-1.177582163 ,
-2.807886631 ,
-4.446500233 ,
0 ,
0.150592415 ,
-1.171519241 ,
-2.853216129 ,
0 ,
0.6601565992 ,
0.5282534546 ,
-1.006119221 ,
0 ,
0 ,
0 ,
0 ,
0 ,
-1.255072832 ,
-2.743459386 ,
-4.365537245 ,
0 ,
-0.011839312 ,
-1.252974608 ,
-3.000387901 ,
0 ,
0.5577330086 ,
0.5093018476 ,
-1.118036435 ,
0 ,
0 ,
0 ,
0 ,
0 ,
-1.574728248 ,
-3.582414213 ,
-5.328292002 ,
0 ,
0.1655421235 ,
-1.613929508 ,
-3.729578913 ,
0 ,
0.5860889315 ,
0.1744288365 ,
-1.671613097 ,
0 ,
0 ,
0 ,
0 ,
0 ,
-1.278641849 ,
-2.883610284 ,
-4.273844597 ,
0 ,
0.1826022273 ,
-1.327457685 ,
-3.055550079 ,
0 ,
0.6215338669 ,
0.364973158 ,
-1.263292821 ,
0 ,
0 ,
0 ,
0 ,
0 ,
-1.45960656 ,
-2.850615448 ,
-4.073536735 ,
0 ,
-0.034559809 ,
-1.356461321 ,
-3.120971839 ,
0 ,
0.4747059411 ,
0.4252635663 ,
-1.314452598 ,
0 ,
0 ,
0 ,
0 ,
0 ,
-1.524791551 ,
-3.593886891 ,
-5.433535195 ,
0 ,
0.1166420993 ,
-1.629625648 ,
-3.701897173 ,
0 ,
0.5519682798 ,
0.1617037756 ,
-1.692823061 ,
0 ,
0 ,
0 ,
0 ,
0 ,
-1.111794881 ,
-2.815268106 ,
-4.230739583 ,
0 ,
0.2338895577 ,
-1.23823429 ,
-2.911814077 ,
0 ,
0.6647488741 ,
0.3840693179 ,
-1.245224082 ,
0 ,
0 ,
0 ,
0 ,
0 ,
-1.323160748 ,
-2.769825923 ,
-4.230187017 ,
0 ,
0.0310000407 ,
-1.309531555 ,
-2.978245966 ,
0 ,
0.4487218715 ,
0.3434227436 ,
-1.41205599 ,
0 ,
0 ,
0 ,
0 ,
0 ,
-1.59152266 ,
-3.532153397 ,
-5.400064697 ,
0 ,
0.115523316 ,
-1.620141351 ,
-3.65471782 ,
0 ,
0.491249923 ,
0.1279908289 ,
-1.662786239 ,
0 ,
0 ,
0 ,
0 ,
0 ,
-1.323472624 ,
-2.872916162 ,
-4.244920465 ,
0 ,
0.0626329005 ,
-1.359812828 ,
-2.914227778 ,
0 ,
0.4592819519 ,
0.2454623954 ,
-1.253903689 ,
0 ,
0 ,
0 ,
0 ,
0 ,
-1.345002376 ,
-2.733867975 ,
-3.999839178 ,
0 ,
0.0123796864 ,
-1.332151764 ,
-2.98044771 ,
0 ,
0.3745691581 ,
0.2387862047 ,
-1.400317285 ,
0 ,
0 ,
0 ,
0 ,
0 ,
-1.497676234 ,
-3.489666482 ,
-5.321720506 ,
0 ,
0.1726377632 ,
-1.572161723 ,
-3.573214174 ,
0 ,
0.5540588068 ,
0.2075844911 ,
-1.605461845 ,
0 ,
0 ,
0 ,
0 ,
0 ,
-1.225208257 ,
-2.870682004 ,
-4.34115093 ,
0 ,
0.0892669527 ,
-1.29597311 ,
-2.929205066 ,
0 ,
0.5273338631 ,
0.3666964206 ,
-1.234233599 ,
0 ,
0 ,
0 ,
0 ,
0 ,
-1.193810786 ,
-2.660788809 ,
-3.92301091 ,
0 ,
0.0953813197 ,
-1.220236869 ,
-2.872652244 ,
0 ,
0.5613658853 ,
0.4786707818 ,
-1.220093045 ,
0 ,
0 ,
0 ,
0 ,
0 ,
-1.481639013 ,
-3.495772193 ,
-5.448592091 ,
0 ,
0.2489859476 ,
-1.501668021 ,
-3.705148231 ,
0 ,
0.621814466 ,
0.2574528097 ,
-1.616578309 ,
0 ,
0 ,
0 ,
0 ,
0 ,
-1.217268804 ,
-2.731361696 ,
-4.295495758 ,
0 ,
0.1937467555 ,
-1.151182864 ,
-2.977338776 ,
0 ,
0.5240654413 ,
0.4209719752 ,
-1.238403354 ,
0 ,
0 ,
0 ,
0 ,
0 ,
-1.174154729 ,
-2.450373751 ,
-4.014875938 ,
0 ,
0.2118407531 ,
-1.040598039 ,
-2.89440892 ,
0 ,
0.5874918223 ,
0.5526563962 ,
-1.261407032 ,
0 ,
0 ,
0 ,
0 ,
0 ,
-1.593692406 ,
-3.544116385 ,
-5.303353322 ,
0 ,
0.1303488518 ,
-1.631509033 ,
-3.662051416 ,
0 ,
0.5453004785 ,
0.1785856694 ,
-1.60930051 ,
0 ,
0 ,
0 ,
0 ,
0 ,
-1.341514224 ,
-2.849158844 ,
-4.303589828 ,
0 ,
0.0831444765 ,
-1.293908014 ,
-2.946588034 ,
0 ,
0.5041474289 ,
0.3774524753 ,
-1.167165345 ,
0 ,
0 ,
0 ,
0 ,
0 ,
-1.391508035 ,
-2.727835953 ,
-4.146228223 ,
0 ,
0.0039231059 ,
-1.280599053 ,
-3.016667371 ,
0 ,
0.4136991527 ,
0.3883215995 ,
-1.294796236 ,
0 ,
0 ,
0 ,
0 ,
0 ,
-1.559356011 ,
-3.495748298 ,
-5.128327327 ,
0 ,
0.1530672446 ,
-1.590582953 ,
-3.487985389 ,
0 ,
0.5454061738 ,
0.2518936696 ,
-1.523729274 ,
0 ,
0 ,
0 ,
0 ,
0 ,
-1.208402049 ,
-2.753953176 ,
-4.014146049 ,
0 ,
0.1773585283 ,
-1.211802491 ,
-2.750243921 ,
0 ,
0.6049744579 ,
0.4768259989 ,
-1.054930688 ,
0 ,
0 ,
0 ,
0 ,
0 ,
-1.327005131 ,
-2.729470235 ,
-3.913300481 ,
0 ,
0.0265008305 ,
-1.252950871 ,
-2.838533151 ,
0 ,
0.5295107652 ,
0.4643830347 ,
-1.215207903 ,
0 ,
0 ,
0 ,
0 ,
0 ,
-1.524109567 ,
-3.601846013 ,
-5.412851634 ,
0 ,
0.2145478536 ,
-1.570619107 ,
-3.645132903 ,
0 ,
0.6481000995 ,
0.2124794369 ,
-1.542304749 ,
0 ,
0 ,
0 ,
0 ,
0 ,
-1.101454587 ,
-2.785316507 ,
-4.324903141 ,
0 ,
0.3160841495 ,
-1.114849755 ,
-2.816154571 ,
0 ,
0.7270409878 ,
0.4586350493 ,
-1.096573929 ,
0 ,
0 ,
0 ,
0 ,
0 ,
-1.085263247 ,
-2.563744485 ,
-4.020584103 ,
0 ,
0.2751884373 ,
-0.982771521 ,
-2.75096834 ,
0 ,
0.7104350892 ,
0.618612779 ,
-1.081340005 ,
0 ,
0 ,
0 ,
0 ,
0 ,
-1.570099887 ,
-3.547429811 ,
-5.340761888 ,
0 ,
0.1006524418 ,
-1.654899959 ,
-3.702191693 ,
0 ,
0.5011437519 ,
0.2100650843 ,
-1.605503066 ,
0 ,
0 ,
0 ,
0 ,
0 ,
-1.261839954 ,
-2.873405307 ,
-4.242255443 ,
0 ,
0.1078527592 ,
-1.275253002 ,
-2.99234397 ,
0 ,
0.5120595412 ,
0.3716206848 ,
-1.192548419 ,
0 ,
0 ,
0 ,
0 ,
0 ,
-1.334330375 ,
-2.821417528 ,
-4.061457022 ,
0 ,
-0.011931037 ,
-1.319539986 ,
-3.078973344 ,
0 ,
0.4065579603 ,
0.3584760524 ,
-1.295169824 ,
0 ,
0 ,
0 ,
0 ,
0 ,
-1.473749845 ,
-3.569073771 ,
-5.29578572 ,
0 ,
0.2646675747 ,
-1.535602484 ,
-3.59277329 ,
0 ,
0.6445540285 ,
0.2182214131 ,
-1.534073378 ,
0 ,
0 ,
0 ,
0 ,
0 ,
-1.141866113 ,
-2.828031001 ,
-4.211044715 ,
0 ,
0.3040377093 ,
-1.126164919 ,
-2.832700061 ,
0 ,
0.7179178799 ,
0.4580556203 ,
-1.079314247 ,
0 ,
0 ,
0 ,
0 ,
0 ,
-1.243797173 ,
-2.793632353 ,
-4.087674789 ,
0 ,
0.2242918336 ,
-1.186442197 ,
-2.891415173 ,
0 ,
0.6232725883 ,
0.418458587 ,
-1.19211191 ,
0 ,
0 ,
0 ,
0 ,
0 ,
-1.573981034 ,
-3.48165775 ,
-5.451367544 ,
0 ,
0.0238587551 ,
-1.637764707 ,
-3.727519252 ,
0 ,
0.4745853734 ,
0.2331772739 ,
-1.591920738 ,
0 ,
0 ,
0 ,
0 ,
0 ,
-1.327410567 ,
-2.765188321 ,
-4.386472315 ,
0 ,
-0.04915931 ,
-1.296358937 ,
-3.029635965 ,
0 ,
0.3772345521 ,
0.4132469479 ,
-1.14415903 ,
0 ,
0 ,
0 ,
0 ,
0 ,
-1.304876938 ,
-2.561507928 ,
-4.059099231 ,
0 ,
-0.014211354 ,
-1.186899852 ,
-2.972280743 ,
0 ,
0.5207664852 ,
0.628601948 ,
-1.069082078 ,
0 ,
0 ,
0 ,
0 ,
0 ,
-1.576220676 ,
-3.429888778 ,
-5.353027239 ,
0 ,
0.1398057644 ,
-1.57349637 ,
-3.709629493 ,
0 ,
0.4985838078 ,
0.220373955 ,
-1.688668943 ,
0 ,
0 ,
0 ,
0 ,
0 ,
-1.319432011 ,
-2.654268973 ,
-4.132137735 ,
0 ,
0.0941758822 ,
-1.197118559 ,
-2.961627519 ,
0 ,
0.4740281317 ,
0.4144558559 ,
-1.22621807 ,
0 ,
0 ,
0 ,
0 ,
0 ,
-1.362193779 ,
-2.493600343 ,
-3.95664626 ,
0 ,
0.0111646609 ,
-1.181244133 ,
-2.994509822 ,
0 ,
0.4005341256 ,
0.4520897759 ,
-1.348566566 ,
0 ,
0 ,
0 ,
0 ,
0 ,
-1.621954195 ,
-3.520257365 ,
-5.434302768 ,
0 ,
0.1097865378 ,
-1.610783603 ,
-3.744808026 ,
0 ,
0.5434146537 ,
0.2031118986 ,
-1.647140697 ,
0 ,
0 ,
0 ,
0 ,
0 ,
-1.402804463 ,
-2.801572965 ,
-4.403731527 ,
0 ,
0.0411846382 ,
-1.246146797 ,
-3.0450986 ,
0 ,
0.455828007 ,
0.3845097688 ,
-1.222246159 ,
0 ,
0 ,
0 ,
0 ,
0 ,
-1.351594876 ,
-2.640007316 ,
-4.100462016 ,
0 ,
0.078191283 ,
-1.168008617 ,
-2.945977177 ,
0 ,
0.4765711862 ,
0.4792775938 ,
-1.261901642 ,
0 ,
0 ,
0 ,
0 ,
0 ,
-1.574469168 ,
-3.45921384 ,
-5.37276515 ,
0 ,
0.1477354289 ,
-1.532197886 ,
-3.587327944 ,
0 ,
0.4743399544 ,
0.19140523 ,
-1.640400258 ,
0 ,
0 ,
0 ,
0 ,
0 ,
-1.285141376 ,
-2.685707076 ,
-4.351526596 ,
0 ,
0.1070096121 ,
-1.183756857 ,
-2.876587452 ,
0 ,
0.5144506076 ,
0.4279510567 ,
-1.200577438 ,
0 ,
0 ,
0 ,
0 ,
0 ,
-1.28482446 ,
-2.462095534 ,
-4.093254937 ,
0 ,
0.0633416235 ,
-1.18148259 ,
-2.933081459 ,
0 ,
0.4451118255 ,
0.3946727472 ,
-1.319128234 ,
0 ,
0 ,
0 ,
0 ,
0 ,
-1.585698587 ,
-3.593965882 ,
-5.440818489 ,
0 ,
0.0693995578 ,
-1.603791238 ,
-3.75722601 ,
0 ,
0.5161351904 ,
0.1591881577 ,
-1.657612329 ,
0 ,
0 ,
0 ,
0 ,
0 ,
-1.311373783 ,
-2.92005977 ,
-4.33882734 ,
0 ,
0.0433659401 ,
-1.220544869 ,
-3.025097079 ,
0 ,
0.4535887125 ,
0.3322393112 ,
-1.231076483 ,
0 ,
0 ,
0 ,
0 ,
0 ,
-1.220372422 ,
-2.707540523 ,
-4.004130317 ,
0 ,
0.1374507794 ,
-1.072737603 ,
-2.900690375 ,
0 ,
0.5629191816 ,
0.4959568263 ,
-1.153123997 ,
0 ,
0 ,
0 ,
0 ,
0 ,
-1.552034765 ,
-3.540494568 ,
-5.493403377 ,
0 ,
0.1254794238 ,
-1.597941289 ,
-3.744782532 ,
0 ,
0.4923484756 ,
0.1025544568 ,
-1.820875365 ,
0 ,
0 ,
0 ,
0 ,
0 ,
-1.314308184 ,
-2.845594116 ,
-4.413989784 ,
0 ,
0.1037730257 ,
-1.165993784 ,
-2.971586846 ,
0 ,
0.4272178197 ,
0.3006351414 ,
-1.410603176 ,
0 ,
0 ,
0 ,
0 ,
0 ,
-1.407533154 ,
-2.621428254 ,
-4.29666541 ,
0 ,
0.0048860696 ,
-1.090417822 ,
-2.952490292 ,
0 ,
0.3495467164 ,
0.3850678278 ,
-1.497024377 ,
0 ,
0 ,
0 ,
0 ,
0 ,
-1.645060793 ,
-3.669408953 ,
-5.447444228 ,
0 ,
0.0382078147 ,
-1.616398952 ,
-3.671327446 ,
0 ,
0.459267152 ,
0.1487600245 ,
-1.642959277 ,
0 ,
0 ,
0 ,
0 ,
0 ,
-1.354143349 ,
-2.9181938 ,
-4.239995599 ,
0 ,
-0.008349075 ,
-1.220770395 ,
-2.909968532 ,
0 ,
0.5009555254 ,
0.4233061066 ,
-1.10766106 ,
0 ,
0 ,
0 ,
0 ,
0 ,
-1.510791832 ,
-2.943795767 ,
-4.058814978 ,
0 ,
-0.170628661 ,
-1.305648973 ,
-2.972358195 ,
0 ,
0.2057562638 ,
0.1978516334 ,
-1.429173317 ,
0 ,
0 ,
0 ,
0 ,
0 ,
-1.6235186 ,
-3.720065025 ,
-5.435109902 ,
0 ,
0.0538281911 ,
-1.643668045 ,
-3.720464741 ,
0 ,
0.4662039567 ,
0.122468262 ,
-1.76688436 ,
0 ,
0 ,
0 ,
0 ,
0 ,
-1.348550519 ,
-3.068793413 ,
-4.417052844 ,
0 ,
0.0409293588 ,
-1.335591723 ,
-3.029505613 ,
0 ,
0.4200701863 ,
0.2703048815 ,
-1.42256581 ,
0 ,
0 ,
0 ,
0 ,
0 ,
-1.418772459 ,
-2.982455838 ,
-4.312256505 ,
0 ,
0.0236902257 ,
-1.301495511 ,
-3.084296829 ,
0 ,
0.3637690655 ,
0.2635084187 ,
-1.564763367 ,
0 ,
0 ,
0 ,
0 ,
0 ,
-1.704071333 ,
-3.645467182 ,
-5.537500146 ,
0 ,
0.0086053313 ,
-1.763754356 ,
-3.836574883 ,
0 ,
0.4336561172 ,
0.0577160126 ,
-1.761532824 ,
0 ,
0 ,
0 ,
0 ,
0 ,
-1.437319835 ,
-2.891042957 ,
-4.339817281 ,
0 ,
-0.020879106 ,
-1.357174467 ,
-2.985037805 ,
0 ,
0.4662256239 ,
0.3349407585 ,
-1.244127126 ,
0 ,
0 ,
0 ,
0 ,
0 ,
-1.424439027 ,
-2.680751592 ,
-4.10678785 ,
0 ,
-0.096253906 ,
-1.268834425 ,
-2.941150602 ,
0 ,
0.4643208898 ,
0.4801745655 ,
-1.194102853 ,
0 ,
0 ,
0 ,
0 ,
0 ,
-1.616240077 ,
-3.676490961 ,
-5.539773869 ,
0 ,
0.0147701803 ,
-1.754502441 ,
-3.847905726 ,
0 ,
0.4562574158 ,
0.0891514643 ,
-1.701658617 ,
0 ,
0 ,
0 ,
0 ,
0 ,
-1.401954109 ,
-3.019605542 ,
-4.498275016 ,
0 ,
-0.044878214 ,
-1.412737097 ,
-3.122898283 ,
0 ,
0.4558170686 ,
0.3227698989 ,
-1.273913825 ,
0 ,
0 ,
0 ,
0 ,
0 ,
-1.432914197 ,
-2.797310101 ,
-4.2858118 ,
0 ,
-0.111358047 ,
-1.373708363 ,
-3.100562437 ,
0 ,
0.443356687 ,
0.4374928315 ,
-1.288274254 ,
0 ,
0 ,
0 ,
0 ,
0 ,
-1.589192718 ,
-3.622616542 ,
-5.283947926 ,
0 ,
0.1296361406 ,
-1.584319187 ,
-3.653955183 ,
0 ,
0.5822467295 ,
0.230528231 ,
-1.542860298 ,
0 ,
0 ,
0 ,
0 ,
0 ,
-1.335274638 ,
-2.990306791 ,
-4.330698732 ,
0 ,
0.054062667 ,
-1.321322809 ,
-3.007297391 ,
0 ,
0.6002988591 ,
0.4408367824 ,
-1.127784161 ,
0 ,
0 ,
0 ,
0 ,
0 ,
-1.323109896 ,
-2.854058995 ,
-4.130679889 ,
0 ,
0.0183748468 ,
-1.23147102 ,
-3.062454478 ,
0 ,
0.5929700571 ,
0.516836574 ,
-1.168566704 ,
0 ,
0 ,
0 ,
0 ,
0 ,
-1.587523224 ,
-3.477100085 ,
-5.371586022 ,
0 ,
0.1021061567 ,
-1.544118777 ,
-3.644902242 ,
0 ,
0.4718572239 ,
0.1486885322 ,
-1.686964752 ,
0 ,
0 ,
0 ,
0 ,
0 ,
-1.39179137 ,
-2.935876375 ,
-4.425360441 ,
0 ,
0.0404101168 ,
-1.257330738 ,
-2.970860566 ,
0 ,
0.4773739505 ,
0.2642785175 ,
-1.309046223 ,
0 ,
0 ,
0 ,
0 ,
0 ,
-1.474137681 ,
-2.888422713 ,
-4.243756394 ,
0 ,
-0.008910409 ,
-1.229042605 ,
-2.952546368 ,
0 ,
0.4033334984 ,
0.2707605104 ,
-1.37613859 ,
0 ,
0 ,
0 ,
0 ,
0 ,
-1.656023522 ,
-3.580094733 ,
-5.566649505 ,
0 ,
0.0343314793 ,
-1.628016977 ,
-3.714566896 ,
0 ,
0.4925885935 ,
0.1504580102 ,
-1.716033689 ,
0 ,
0 ,
0 ,
0 ,
0 ,
-1.410638173 ,
-2.832238795 ,
-4.546438018 ,
0 ,
-0.054857164 ,
-1.285053842 ,
-3.018301359 ,
0 ,
0.4654195634 ,
0.4015868958 ,
-1.252299598 ,
0 ,
0 ,
0 ,
0 ,
0 ,
-1.486179533 ,
-2.776141288 ,
-4.277038602 ,
0 ,
-0.140247751 ,
-1.228922235 ,
-3.021167036 ,
0 ,
0.4073981636 ,
0.4929306756 ,
-1.254805123 ,
0 ,
0 ,
0 ,
0 ,
0 ,
-1.603263488 ,
-3.622694981 ,
-5.501932583 ,
0 ,
0.0788841745 ,
-1.588954081 ,
-3.731558977 ,
0 ,
0.5311498261 ,
0.1358126131 ,
-1.633124062 ,
0 ,
0 ,
0 ,
0 ,
0 ,
-1.238173535 ,
-2.891812581 ,
-4.449619132 ,
0 ,
0.1304765485 ,
-1.150719872 ,
-2.986236236 ,
0 ,
0.6177766023 ,
0.463307665 ,
-1.098034275 ,
0 ,
0 ,
0 ,
0 ,
0 ,
-1.283992962 ,
-2.81031642 ,
-4.116998289 ,
0 ,
0.0617464192 ,
-1.095292982 ,
-3.015241705 ,
0 ,
0.604705757 ,
0.5891340659 ,
-1.069361132 ,
0 ,
0 ,
0 ,
0 ,
0 ,
-1.668555501 ,
-3.609251587 ,
-5.438120198 ,
0 ,
0.0554358889 ,
-1.636934535 ,
-3.671614918 ,
0 ,
0.4659016901 ,
0.1571719441 ,
-1.650362848 ,
0 ,
0 ,
0 ,
0 ,
0 ,
-1.424325554 ,
-2.92604792 ,
-4.358636866 ,
0 ,
-0.0167726 ,
-1.323282889 ,
-3.004530829 ,
0 ,
0.4262785035 ,
0.3409460601 ,
-1.249013536 ,
0 ,
0 ,
0 ,
0 ,
0 ,
-1.506362333 ,
-2.863484386 ,
-4.182732884 ,
0 ,
-0.134399216 ,
-1.364872538 ,
-3.132913863 ,
0 ,
0.3628843381 ,
0.3286082303 ,
-1.356698418 ,
0 ,
0 ,
0 ,
0 ,
0 ,
-1.429531347 ,
-3.50312482 ,
-5.269076239 ,
0 ,
0.2345617874 ,
-1.638677597 ,
-3.60449791 ,
0 ,
0.6230263496 ,
0.1921003663 ,
-1.556013209 ,
0 ,
0 ,
0 ,
0 ,
0 ,
-1.098224249 ,
-2.776025742 ,
-4.178294966 ,
0 ,
0.28055739 ,
-1.193160768 ,
-2.787399867 ,
0 ,
0.67155345 ,
0.4338785539 ,
-1.084889755 ,
0 ,
0 ,
0 ,
0 ,
0 ,
-1.232547501 ,
-2.70870101 ,
-4.099974885 ,
0 ,
0.160980767 ,
-1.229684002 ,
-3.020986602 ,
0 ,
0.5456059264 ,
0.4057413717 ,
-1.228792762 ,
0 ,
0 ,
0 ,
0 ,
0 ,
-1.57667007 ,
-3.528929492 ,
-5.386572709 ,
0 ,
0.1295024526 ,
-1.606492445 ,
-3.686361268 ,
0 ,
0.5867620197 ,
0.2618246449 ,
-1.564550597 ,
0 ,
0 ,
0 ,
0 ,
0 ,
-1.327676579 ,
-2.850323986 ,
-4.365551272 ,
0 ,
0.092495262 ,
-1.302645271 ,
-2.947222229 ,
0 ,
0.5824537198 ,
0.4134489216 ,
-1.142892342 ,
0 ,
0 ,
0 ,
0 ,
0 ,
-1.228679465 ,
-2.765840646 ,
-4.208475311 ,
0 ,
0.0889598405 ,
-1.306346839 ,
-2.975992651 ,
0 ,
0.7233340734 ,
0.5811400955 ,
-1.059550346 ,
0 ,
0 ,
0 ,
0 ,
0 ,
-1.591857133 ,
-3.655674878 ,
-5.443218681 ,
0 ,
0.0751607996 ,
-1.622274107 ,
-3.691685174 ,
0 ,
0.5237919982 ,
0.2196563174 ,
-1.621935765 ,
0 ,
0 ,
0 ,
0 ,
0 ,
-1.305984572 ,
-2.898042553 ,
-4.33312227 ,
0 ,
0.0148749852 ,
-1.280073493 ,
-2.985186907 ,
0 ,
0.5335831356 ,
0.4288587327 ,
-1.157298154 ,
0 ,
0 ,
0 ,
0 ,
0 ,
-1.283107149 ,
-2.688702468 ,
-4.066095631 ,
0 ,
0.0123194312 ,
-1.187680912 ,
-2.952925448 ,
0 ,
0.6135666915 ,
0.6440882341 ,
-1.073102699 ,
0 ,
0 ,
0 ,
0 ,
0 ,
-1.520628197 ,
-3.582534296 ,
-5.402163169 ,
0 ,
0.1476507611 ,
-1.59889129 ,
-3.680162654 ,
0 ,
0.5795997505 ,
0.17455319 ,
-1.688880047 ,
0 ,
0 ,
0 ,
0 ,
0 ,
-1.21983597 ,
-2.826571834 ,
-4.327715319 ,
0 ,
0.1495852703 ,
-1.184312488 ,
-2.894318572 ,
0 ,
0.5953989193 ,
0.405252586 ,
-1.24527532 ,
0 ,
0 ,
0 ,
0 ,
0 ,
-1.248423638 ,
-2.720406838 ,
-4.14407468 ,
0 ,
0.0823009844 ,
-1.169088361 ,
-2.972564154 ,
0 ,
0.4846818537 ,
0.3920619843 ,
-1.409815428 ,
0 ,
0 ,
0 ,
0 ,
0 ,
-1.519303955 ,
-3.53357565 ,
-5.325664374 ,
0 ,
0.2211857273 ,
-1.42007579 ,
-3.636041365 ,
0 ,
0.6878387887 ,
0.3527345472 ,
-1.521751056 ,
0 ,
0 ,
0 ,
0 ,
0 ,
-1.153841821 ,
-2.785910145 ,
-4.221678666 ,
0 ,
0.2705123982 ,
-1.020637635 ,
-2.745532421 ,
0 ,
0.7154917032 ,
0.5484278797 ,
-1.042082786 ,
0 ,
0 ,
0 ,
0 ,
0 ,
-1.081643355 ,
-2.510131892 ,
-3.842294913 ,
0 ,
0.3504663988 ,
-0.805602317 ,
-2.580718099 ,
0 ,
0.7864006648 ,
0.7937801291 ,
-0.935530649 ,
0 ,
0 ,
0 ,
0 ,
0 ,
-1.594580744 ,
-3.524748375 ,
-5.362401837 ,
0 ,
0.1651445063 ,
-1.574806325 ,
-3.654526696 ,
0 ,
0.5101648393 ,
0.1404098418 ,
-1.694828666 ,
0 ,
0 ,
0 ,
0 ,
0 ,
-1.241680297 ,
-2.744368075 ,
-4.246459573 ,
0 ,
0.2132045607 ,
-1.133732671 ,
-2.868407902 ,
0 ,
0.5740083081 ,
0.3894859096 ,
-1.235584641 ,
0 ,
0 ,
0 ,
0 ,
0 ,
-1.187555508 ,
-2.541122931 ,
-4.022348778 ,
0 ,
0.1511820409 ,
-1.117457304 ,
-2.871651591 ,
0 ,
0.5223440466 ,
0.4602428076 ,
-1.277686922 ,
0 ,
0 ,
0 ,
0 ,
0 ,
-1.563051187 ,
-3.542487622 ,
-5.37825725 ,
0 ,
0.1704685271 ,
-1.586253497 ,
-3.649114944 ,
0 ,
0.6570741128 ,
0.2437481561 ,
-1.518707656 ,
0 ,
0 ,
0 ,
0 ,
0 ,
-1.286233898 ,
-2.876498161 ,
-4.336782113 ,
0 ,
0.1653415813 ,
-1.261780633 ,
-2.868790678 ,
0 ,
0.6599622866 ,
0.3779028783 ,
-1.114837974 ,
0 ,
0 ,
0 ,
0 ,
0 ,
-1.137235345 ,
-2.58540568 ,
-4.015778265 ,
0 ,
0.2746462676 ,
-1.11606404 ,
-2.796231199 ,
0 ,
0.8002813411 ,
0.5620856097 ,
-1.075840953 ,
0 ,
0 ,
0 ,
0 ,
0 ,
-1.656401896 ,
-3.628832387 ,
-5.525939005 ,
0 ,
0.1150857295 ,
-1.604417143 ,
-3.686493849 ,
0 ,
0.4832433788 ,
0.1187517446 ,
-1.664531664 ,
0 ,
0 ,
0 ,
0 ,
0 ,
-1.389252109 ,
-2.854810616 ,
-4.440642519 ,
0 ,
0.0335057719 ,
-1.234554953 ,
-3.04601341 ,
0 ,
0.4734593101 ,
0.3060320043 ,
-1.258865876 ,
0 ,
0 ,
0 ,
0 ,
0 ,
-1.431611496 ,
-2.720959629 ,
-4.283100578 ,
0 ,
0.0079633595 ,
-1.214682747 ,
-3.0916906 ,
0 ,
0.5073221195 ,
0.3785838284 ,
-1.316655655 ,
0 ,
0 ,
0 ,
0 ,
0 ,
-1.654270591 ,
-3.670157534 ,
-5.386089797 ,
0 ,
0.0739707148 ,
-1.667232082 ,
-3.707317056 ,
0 ,
0.5247421094 ,
0.2150736461 ,
-1.582345762 ,
0 ,
0 ,
0 ,
0 ,
0 ,
-1.355035536 ,
-2.951002311 ,
-4.35999385 ,
0 ,
0.0573670696 ,
-1.284951122 ,
-3.012448925 ,
0 ,
0.5853045271 ,
0.4263186437 ,
-1.178185011 ,
0 ,
0 ,
0 ,
0 ,
0 ,
-1.420791039 ,
-2.761577258 ,
-4.059397722 ,
0 ,
-0.019345327 ,
-1.318367156 ,
-2.952440185 ,
0 ,
0.4666725993 ,
0.4513929525 ,
-1.268940912 ,
0 ,
0 ,
0 ,
0 ,
0 ,
-1.699854301 ,
-3.578133596 ,
-5.416182476 ,
0 ,
-0.015270732 ,
-1.743516186 ,
-3.73433752 ,
0 ,
0.3913648877 ,
0.0965166986 ,
-1.722637984 ,
0 ,
0 ,
0 ,
0 ,
0 ,
-1.487401799 ,
-2.929520618 ,
-4.303649752 ,
0 ,
-0.12469803 ,
-1.494694401 ,
-3.125714295 ,
0 ,
0.393891336 ,
0.2879978998 ,
-1.307437907 ,
0 ,
0 ,
0 ,
0 ,
0 ,
-1.442077862 ,
-2.753071556 ,
-4.052129862 ,
0 ,
-0.104521233 ,
-1.458947234 ,
-3.091892363 ,
0 ,
0.3728327617 ,
0.3554169968 ,
-1.378051925 ,
0 ,
0 ,
0 ,
0 ,
};
 
 
double INCOME_QUARTILE_Intercept [BOOTSTRAP_INDEX_39][AR_ORDER_INDEX_3][INCOME_QUARTILE]={
0 ,
-0.354009067 ,
0.1157950752 ,
0.4862723601 ,
0 ,
-0.272354253 ,
0.6128629668 ,
1.1681509306 ,
0 ,
-0.12797226 ,
0.7676958571 ,
1.1636598102 ,
0 ,
-0.333867375 ,
0.0934400945 ,
0.421677451 ,
0 ,
-0.158112648 ,
0.6267376147 ,
1.0569885401 ,
0 ,
0.0468735399 ,
0.977257441 ,
1.2528463944 ,
0 ,
-0.302487726 ,
-0.003894789 ,
0.473278244 ,
0 ,
-0.236059778 ,
0.6611798965 ,
1.5295266775 ,
0 ,
0.1615233779 ,
1.0340994736 ,
1.6426270798 ,
0 ,
-0.22987621 ,
0.1976462497 ,
0.7698649191 ,
0 ,
-0.384990543 ,
0.5451079009 ,
1.3125375458 ,
0 ,
0.1674606314 ,
1.0144238995 ,
1.8276756483 ,
0 ,
-0.572390891 ,
0.1096800027 ,
0.357500902 ,
0 ,
-0.54275896 ,
0.5404115831 ,
0.9341300663 ,
0 ,
-0.542851403 ,
0.55945549 ,
0.6532874015 ,
0 ,
-0.315614326 ,
0.1140624451 ,
0.513907437 ,
0 ,
-0.112701512 ,
0.7542295301 ,
1.5390433649 ,
0 ,
-0.045267908 ,
0.7780402668 ,
1.374337426 ,
0 ,
-0.324130231 ,
0.1863677869 ,
0.5082670275 ,
0 ,
-0.338531766 ,
0.6018868602 ,
0.9367175779 ,
0 ,
-0.409343247 ,
0.7533222425 ,
0.5557155578 ,
0 ,
-0.243604259 ,
0.0882885444 ,
0.6580459694 ,
0 ,
-0.133622663 ,
0.4940665293 ,
1.4239198634 ,
0 ,
-0.251105064 ,
0.3191318984 ,
1.1119740302 ,
0 ,
-0.500989991 ,
-0.054898591 ,
0.2174806935 ,
0 ,
-0.405032517 ,
0.4815625809 ,
0.8430031134 ,
0 ,
-0.433585078 ,
0.5171538337 ,
0.8679063361 ,
0 ,
-0.657502251 ,
-0.218359578 ,
0.4823751388 ,
0 ,
-0.769671847 ,
0.0608921438 ,
0.7731371937 ,
0 ,
-0.635856496 ,
0.194463281 ,
0.6178637094 ,
0 ,
-0.273401439 ,
0.2161124092 ,
0.4484334133 ,
0 ,
-0.217159186 ,
0.7848730771 ,
1.1890887901 ,
0 ,
0.0167559178 ,
0.9944335343 ,
1.1274320706 ,
0 ,
-0.470926309 ,
-0.002960796 ,
0.2529896365 ,
0 ,
-0.352560005 ,
0.567733894 ,
1.0511976454 ,
0 ,
-0.080291303 ,
0.8510543721 ,
1.184480707 ,
0 ,
-0.546057989 ,
0.0877938691 ,
0.498421536 ,
0 ,
-0.566957488 ,
0.5329834862 ,
1.0170493541 ,
0 ,
-0.393133037 ,
0.6606002395 ,
0.8692911164 ,
0 ,
-0.365038651 ,
0.0601961296 ,
0.1833694219 ,
0 ,
-0.249737472 ,
0.585651698 ,
1.0658669775 ,
0 ,
-0.094136264 ,
0.7914719335 ,
1.036861743 ,
0 ,
-0.523995445 ,
-0.076369564 ,
0.39203435 ,
0 ,
-0.405975044 ,
0.563966774 ,
1.2075219976 ,
0 ,
-0.08001166 ,
0.8536016303 ,
1.1041352003 ,
0 ,
-0.249651047 ,
0.262186835 ,
0.6119553394 ,
0 ,
-0.143197615 ,
0.7027017678 ,
1.2641270333 ,
0 ,
-0.029779517 ,
0.6726091219 ,
1.4113723596 ,
0 ,
-0.346487878 ,
0.0317295788 ,
0.3223824656 ,
0 ,
-0.092106681 ,
0.6417538381 ,
0.9383410284 ,
0 ,
-0.134263396 ,
0.6483294051 ,
0.8758742111 ,
0 ,
-0.23721788 ,
0.2186526573 ,
0.6403654677 ,
0 ,
-0.098934383 ,
0.7582419388 ,
1.4695781801 ,
0 ,
-0.126152251 ,
0.6577776418 ,
1.3943409898 ,
0 ,
-0.350843494 ,
-0.057483661 ,
0.4348030275 ,
0 ,
-0.194326866 ,
0.4730287879 ,
1.2161487729 ,
0 ,
-0.100648554 ,
0.5467767522 ,
1.513686377 ,
0 ,
-0.377771809 ,
0.2697102714 ,
0.3728367013 ,
0 ,
-0.263895014 ,
0.9325441255 ,
1.2406631614 ,
0 ,
-0.235997914 ,
1.1445592312 ,
1.2599592487 ,
0 ,
-0.417597571 ,
0.1754787765 ,
0.3425855445 ,
0 ,
-0.302484337 ,
0.6726640182 ,
1.1395225511 ,
0 ,
-0.044933684 ,
1.0458525867 ,
1.4065610666 ,
0 ,
-0.195538897 ,
0.2029018969 ,
0.5647834044 ,
0 ,
-0.218535796 ,
0.5797617327 ,
1.0900131661 ,
0 ,
0.104697112 ,
1.0644828949 ,
1.1904673068 ,
0 ,
-0.279800869 ,
0.0153795943 ,
0.6540330019 ,
0 ,
-0.140001219 ,
0.4543605415 ,
1.317574162 ,
0 ,
0.4261297725 ,
0.9137333116 ,
1.5814053827 ,
0 ,
-0.22802619 ,
0.2181594119 ,
0.6678341368 ,
0 ,
-0.261680407 ,
0.5407558232 ,
1.0924730525 ,
0 ,
-0.067555447 ,
0.7240033543 ,
1.1952284946 ,
0 ,
-0.366306853 ,
0.0744088547 ,
0.7247652947 ,
0 ,
-0.352209487 ,
0.6169508523 ,
1.4274819957 ,
0 ,
-0.180019972 ,
0.8749279682 ,
1.2748956003 ,
0 ,
-0.265300511 ,
0.1459118412 ,
0.2878143353 ,
0 ,
-0.13131269 ,
0.7885161261 ,
0.9258220654 ,
0 ,
-0.047379146 ,
0.8757210158 ,
0.809927313 ,
0 ,
-0.303801811 ,
0.0037594319 ,
0.2084864115 ,
0 ,
-0.187106498 ,
0.5344981065 ,
0.9115278925 ,
0 ,
-0.237718702 ,
0.5209432467 ,
0.7086438059 ,
0 ,
-0.149675764 ,
0.2937009903 ,
0.694861363 ,
0 ,
-0.093237321 ,
0.753912949 ,
1.2309686514 ,
0 ,
-0.020330073 ,
0.7820277978 ,
0.9123569004 ,
0 ,
-0.230993726 ,
0.0839544524 ,
0.6968649438 ,
0 ,
-0.146648225 ,
0.5763056032 ,
1.3981314354 ,
0 ,
0.2182182076 ,
0.6319080623 ,
1.3872405414 ,
0 ,
-0.235974831 ,
0.0612348089 ,
0.6092568629 ,
0 ,
-0.09296391 ,
0.4149873965 ,
1.0655186425 ,
0 ,
-0.035631296 ,
0.4593360216 ,
0.9470095755 ,
0 ,
-0.442409874 ,
0.1198025745 ,
0.426016726 ,
0 ,
-0.363693578 ,
0.6227118458 ,
1.2681139085 ,
0 ,
-0.133109015 ,
1.041147054 ,
1.5583076745 ,
0 ,
-0.327963247 ,
0.1623325167 ,
0.5793693753 ,
0 ,
-0.224073573 ,
0.649404583 ,
1.4628392647 ,
0 ,
-0.135030948 ,
0.617687829 ,
1.3413709914 ,
0 ,
-0.317818686 ,
0.0682109014 ,
0.487091488 ,
0 ,
-0.195170075 ,
0.5583786787 ,
1.1243766386 ,
0 ,
-0.246229458 ,
0.4886527832 ,
0.6851707318 ,
0 ,
-0.309194284 ,
0.2380575155 ,
0.585355999 ,
0 ,
-0.112874128 ,
0.8069577477 ,
1.3751706152 ,
0 ,
0.098397422 ,
0.9414910031 ,
1.4260236398 ,
0 ,
-0.421123735 ,
0.1035438801 ,
0.4949961321 ,
0 ,
-0.411021498 ,
0.4487634855 ,
1.0611703301 ,
0 ,
-0.198203129 ,
0.579035079 ,
1.2856582257 ,
0 ,
-0.292043101 ,
0.0628647739 ,
0.166427908 ,
0 ,
-0.069341175 ,
0.8024424876 ,
1.1390317922 ,
0 ,
-0.119941791 ,
0.7903458809 ,
1.0562008695 ,
0 ,
-0.395616177 ,
0.2407079757 ,
0.4325530883 ,
0 ,
-0.316240161 ,
0.6968266396 ,
1.1313906692 ,
0 ,
-0.293968963 ,
0.8416307953 ,
1.2489730543 ,
0 ,
-0.283212845 ,
0.1203439874 ,
0.4306091879 ,
0 ,
-0.191376191 ,
0.5533184023 ,
1.1051575 ,
0 ,
-0.099597782 ,
0.7838032192 ,
1.2811082094 ,
0 ,
-0.411438112 ,
0.0374768414 ,
0.4831035092 ,
0 ,
-0.302161916 ,
0.5247673957 ,
1.1502421266 ,
0 ,
-0.21038496 ,
0.5064361885 ,
1.0900919872 ,
0 ,
-0.011580155 ,
0.380171859 ,
0.5265447047 ,
0 ,
0.0804696865 ,
0.8871635547 ,
1.1716563907 ,
0 ,
0.1700755792 ,
1.0603217852 ,
1.3801079338 ,
};
 
 
double INCOME_QUARTILE_Malesex [BOOTSTRAP_INDEX_39][AR_ORDER_INDEX_3][SEX ][INCOME_QUARTILE]={
0 ,
0 ,
0 ,
0 ,
0 ,
0.2107142729 ,
0.3230150921 ,
0.4869631392 ,
0 ,
0 ,
0 ,
0 ,
0 ,
0.1874611207 ,
0.2909289287 ,
0.4075738909 ,
0 ,
0 ,
0 ,
0 ,
0 ,
0.1666633301 ,
0.3224790244 ,
0.4568541373 ,
0 ,
0 ,
0 ,
0 ,
0 ,
0.1936076034 ,
0.2999770665 ,
0.4199324784 ,
0 ,
0 ,
0 ,
0 ,
0 ,
0.1514646912 ,
0.2783396247 ,
0.3725806865 ,
0 ,
0 ,
0 ,
0 ,
0 ,
0.1461011896 ,
0.337519457 ,
0.4134851761 ,
0 ,
0 ,
0 ,
0 ,
0 ,
0.2433751685 ,
0.3759445677 ,
0.4773123535 ,
0 ,
0 ,
0 ,
0 ,
0 ,
0.2096555059 ,
0.3070473304 ,
0.3709743429 ,
0 ,
0 ,
0 ,
0 ,
0 ,
0.1742011127 ,
0.3267483206 ,
0.3762797867 ,
0 ,
0 ,
0 ,
0 ,
0 ,
0.2562661845 ,
0.3826205473 ,
0.502965016 ,
0 ,
0 ,
0 ,
0 ,
0 ,
0.1809913974 ,
0.3447980497 ,
0.4128701746 ,
0 ,
0 ,
0 ,
0 ,
0 ,
0.1071487992 ,
0.3488480784 ,
0.4412970083 ,
0 ,
0 ,
0 ,
0 ,
0 ,
0.2045854915 ,
0.3915074056 ,
0.5133865392 ,
0 ,
0 ,
0 ,
0 ,
0 ,
0.1890877642 ,
0.3944491939 ,
0.4756853391 ,
0 ,
0 ,
0 ,
0 ,
0 ,
0.2631910016 ,
0.5272539691 ,
0.5625565592 ,
0 ,
0 ,
0 ,
0 ,
0 ,
0.1673243093 ,
0.2538168752 ,
0.4415869744 ,
0 ,
0 ,
0 ,
0 ,
0 ,
0.1090860894 ,
0.2217790167 ,
0.349562585 ,
0 ,
0 ,
0 ,
0 ,
0 ,
0.1108238326 ,
0.2947801591 ,
0.4035166938 ,
0 ,
0 ,
0 ,
0 ,
0 ,
0.1638260706 ,
0.2870189595 ,
0.5176013248 ,
0 ,
0 ,
0 ,
0 ,
0 ,
0.1182433781 ,
0.2495004765 ,
0.4348864806 ,
0 ,
0 ,
0 ,
0 ,
0 ,
0.1255758097 ,
0.2921629484 ,
0.4970140374 ,
0 ,
0 ,
0 ,
0 ,
0 ,
0.2035987813 ,
0.2755719336 ,
0.4158502461 ,
0 ,
0 ,
0 ,
0 ,
0 ,
0.1907636093 ,
0.260595427 ,
0.3414365938 ,
0 ,
0 ,
0 ,
0 ,
0 ,
0.2351110483 ,
0.3590877592 ,
0.4453625318 ,
0 ,
0 ,
0 ,
0 ,
0 ,
0.220079569 ,
0.304898824 ,
0.4973764358 ,
0 ,
0 ,
0 ,
0 ,
0 ,
0.2474867661 ,
0.3173304303 ,
0.4536613939 ,
0 ,
0 ,
0 ,
0 ,
0 ,
0.2899085954 ,
0.4425337694 ,
0.5701164681 ,
0 ,
0 ,
0 ,
0 ,
0 ,
0.1683640555 ,
0.248008243 ,
0.4357905764 ,
0 ,
0 ,
0 ,
0 ,
0 ,
0.1572449081 ,
0.21774079 ,
0.3310155035 ,
0 ,
0 ,
0 ,
0 ,
0 ,
0.1577714249 ,
0.264628125 ,
0.3903663955 ,
0 ,
0 ,
0 ,
0 ,
0 ,
0.2420489755 ,
0.3945371475 ,
0.4901187457 ,
0 ,
0 ,
0 ,
0 ,
0 ,
0.207999846 ,
0.3682621632 ,
0.4337393474 ,
0 ,
0 ,
0 ,
0 ,
0 ,
0.2220285843 ,
0.4070558702 ,
0.456478772 ,
0 ,
0 ,
0 ,
0 ,
0 ,
0.1881030525 ,
0.3136549023 ,
0.4286762016 ,
0 ,
0 ,
0 ,
0 ,
0 ,
0.1902307092 ,
0.2822225161 ,
0.338804794 ,
0 ,
0 ,
0 ,
0 ,
0 ,
0.2097681552 ,
0.3514304697 ,
0.4196660293 ,
0 ,
0 ,
0 ,
0 ,
0 ,
0.2529041006 ,
0.3344090863 ,
0.4725044779 ,
0 ,
0 ,
0 ,
0 ,
0 ,
0.1825342595 ,
0.2474415007 ,
0.3648905727 ,
0 ,
0 ,
0 ,
0 ,
0 ,
0.1530237923 ,
0.2727118736 ,
0.4487070363 ,
0 ,
0 ,
0 ,
0 ,
0 ,
0.2480865095 ,
0.2983643885 ,
0.4785682059 ,
0 ,
0 ,
0 ,
0 ,
0 ,
0.1501695933 ,
0.1612928427 ,
0.3292002456 ,
0 ,
0 ,
0 ,
0 ,
0 ,
0.1212416877 ,
0.2030240109 ,
0.3387102642 ,
0 ,
0 ,
0 ,
0 ,
0 ,
0.1962301908 ,
0.3320467733 ,
0.5057309471 ,
0 ,
0 ,
0 ,
0 ,
0 ,
0.1984523722 ,
0.3093576059 ,
0.4521408306 ,
0 ,
0 ,
0 ,
0 ,
0 ,
0.1538011157 ,
0.2875414756 ,
0.4551291061 ,
0 ,
0 ,
0 ,
0 ,
0 ,
0.1969445091 ,
0.3418824242 ,
0.4633622887 ,
0 ,
0 ,
0 ,
0 ,
0 ,
0.1730030805 ,
0.2900062624 ,
0.3838961415 ,
0 ,
0 ,
0 ,
0 ,
0 ,
0.1927348926 ,
0.3488267357 ,
0.4645951363 ,
0 ,
0 ,
0 ,
0 ,
0 ,
0.185718527 ,
0.3627139676 ,
0.5586779588 ,
0 ,
0 ,
0 ,
0 ,
0 ,
0.1636508283 ,
0.3349212283 ,
0.4796215643 ,
0 ,
0 ,
0 ,
0 ,
0 ,
0.1163815039 ,
0.3463219222 ,
0.5575306127 ,
0 ,
0 ,
0 ,
0 ,
0 ,
0.177735511 ,
0.3216190351 ,
0.5363230399 ,
0 ,
0 ,
0 ,
0 ,
0 ,
0.1516006447 ,
0.2607251084 ,
0.4314908312 ,
0 ,
0 ,
0 ,
0 ,
0 ,
0.107888197 ,
0.2791972871 ,
0.4359710246 ,
0 ,
0 ,
0 ,
0 ,
0 ,
0.2326124623 ,
0.3300375548 ,
0.5525834472 ,
0 ,
0 ,
0 ,
0 ,
0 ,
0.1928497638 ,
0.2962914144 ,
0.4533570124 ,
0 ,
0 ,
0 ,
0 ,
0 ,
0.1225819618 ,
0.2723687121 ,
0.4374289934 ,
0 ,
0 ,
0 ,
0 ,
0 ,
0.2873175944 ,
0.3995887441 ,
0.5332633966 ,
0 ,
0 ,
0 ,
0 ,
0 ,
0.2441767183 ,
0.336169409 ,
0.3959558885 ,
0 ,
0 ,
0 ,
0 ,
0 ,
0.1796029884 ,
0.3391403952 ,
0.4298263068 ,
0 ,
0 ,
0 ,
0 ,
0 ,
0.2190869333 ,
0.3111361374 ,
0.4455621753 ,
0 ,
0 ,
0 ,
0 ,
0 ,
0.1979363063 ,
0.2806223524 ,
0.3801803921 ,
0 ,
0 ,
0 ,
0 ,
0 ,
0.1849665829 ,
0.3106037006 ,
0.3873526948 ,
0 ,
0 ,
0 ,
0 ,
0 ,
0.2043082917 ,
0.2677869707 ,
0.472195398 ,
0 ,
0 ,
0 ,
0 ,
0 ,
0.2128624596 ,
0.2652348772 ,
0.3958457055 ,
0 ,
0 ,
0 ,
0 ,
0 ,
0.1614574628 ,
0.2847189259 ,
0.4017479498 ,
0 ,
0 ,
0 ,
0 ,
0 ,
0.2544382235 ,
0.3939564939 ,
0.5145205488 ,
0 ,
0 ,
0 ,
0 ,
0 ,
0.2072870181 ,
0.3603649674 ,
0.3986910702 ,
0 ,
0 ,
0 ,
0 ,
0 ,
0.1381050783 ,
0.3105950723 ,
0.3404215145 ,
0 ,
0 ,
0 ,
0 ,
0 ,
0.2247687156 ,
0.3348280143 ,
0.4440314538 ,
0 ,
0 ,
0 ,
0 ,
0 ,
0.1430649412 ,
0.2745754241 ,
0.3419477656 ,
0 ,
0 ,
0 ,
0 ,
0 ,
0.1025730278 ,
0.2783129886 ,
0.3453579691 ,
0 ,
0 ,
0 ,
0 ,
0 ,
0.2308652294 ,
0.3107134716 ,
0.4851369224 ,
0 ,
0 ,
0 ,
0 ,
0 ,
0.2155653367 ,
0.3030469344 ,
0.4038210315 ,
0 ,
0 ,
0 ,
0 ,
0 ,
0.2476651641 ,
0.3542998876 ,
0.5065631321 ,
0 ,
0 ,
0 ,
0 ,
0 ,
0.2011003651 ,
0.3029980216 ,
0.5069187461 ,
0 ,
0 ,
0 ,
0 ,
0 ,
0.1313394114 ,
0.2114631788 ,
0.3893917285 ,
0 ,
0 ,
0 ,
0 ,
0 ,
0.0802600528 ,
0.2287783266 ,
0.3809338077 ,
0 ,
0 ,
0 ,
0 ,
0 ,
0.1849743721 ,
0.2619338154 ,
0.4977686821 ,
0 ,
0 ,
0 ,
0 ,
0 ,
0.1738331189 ,
0.2232749729 ,
0.4382247728 ,
0 ,
0 ,
0 ,
0 ,
0 ,
0.1772206871 ,
0.2276516041 ,
0.4598797308 ,
0 ,
0 ,
0 ,
0 ,
0 ,
0.1540067097 ,
0.3200904909 ,
0.4350561861 ,
0 ,
0 ,
0 ,
0 ,
0 ,
0.0958212779 ,
0.2773094782 ,
0.3295645958 ,
0 ,
0 ,
0 ,
0 ,
0 ,
0.1456775795 ,
0.3634951037 ,
0.4593518411 ,
0 ,
0 ,
0 ,
0 ,
0 ,
0.2342900079 ,
0.307809971 ,
0.5290695758 ,
0 ,
0 ,
0 ,
0 ,
0 ,
0.1931640115 ,
0.2367513674 ,
0.4038374718 ,
0 ,
0 ,
0 ,
0 ,
0 ,
0.1701316656 ,
0.2580043631 ,
0.3936988365 ,
0 ,
0 ,
0 ,
0 ,
0 ,
0.2182928773 ,
0.2917612829 ,
0.4646946415 ,
0 ,
0 ,
0 ,
0 ,
0 ,
0.1491934098 ,
0.2084208387 ,
0.371547241 ,
0 ,
0 ,
0 ,
0 ,
0 ,
0.1260124969 ,
0.1938722157 ,
0.3705618995 ,
0 ,
0 ,
0 ,
0 ,
0 ,
0.1773999001 ,
0.2790347379 ,
0.4594972252 ,
0 ,
0 ,
0 ,
0 ,
0 ,
0.165248987 ,
0.2391732935 ,
0.3930955537 ,
0 ,
0 ,
0 ,
0 ,
0 ,
0.1178525153 ,
0.2374808642 ,
0.4146990731 ,
0 ,
0 ,
0 ,
0 ,
0 ,
0.1892241296 ,
0.2805928585 ,
0.4413516641 ,
0 ,
0 ,
0 ,
0 ,
0 ,
0.1540935906 ,
0.2616747627 ,
0.3494129438 ,
0 ,
0 ,
0 ,
0 ,
0 ,
0.1410963001 ,
0.3121991935 ,
0.4519614008 ,
0 ,
0 ,
0 ,
0 ,
0 ,
0.2129142509 ,
0.3466488699 ,
0.4843129496 ,
0 ,
0 ,
0 ,
0 ,
0 ,
0.1785986077 ,
0.330805654 ,
0.4299780386 ,
0 ,
0 ,
0 ,
0 ,
0 ,
0.1534427223 ,
0.3346602139 ,
0.4751247377 ,
0 ,
0 ,
0 ,
0 ,
0 ,
0.1813830083 ,
0.2628599226 ,
0.4337325758 ,
0 ,
0 ,
0 ,
0 ,
0 ,
0.183743053 ,
0.2211507659 ,
0.3406348694 ,
0 ,
0 ,
0 ,
0 ,
0 ,
0.2135665909 ,
0.294088931 ,
0.3758192238 ,
0 ,
0 ,
0 ,
0 ,
0 ,
0.2054129338 ,
0.2989973205 ,
0.4440547083 ,
0 ,
0 ,
0 ,
0 ,
0 ,
0.2164405147 ,
0.3088287787 ,
0.369732493 ,
0 ,
0 ,
0 ,
0 ,
0 ,
0.1541086716 ,
0.312815932 ,
0.4320877535 ,
0 ,
0 ,
0 ,
0 ,
0 ,
0.2516421949 ,
0.3294092759 ,
0.5027884731 ,
0 ,
0 ,
0 ,
0 ,
0 ,
0.2411587637 ,
0.2814682211 ,
0.4525277084 ,
0 ,
0 ,
0 ,
0 ,
0 ,
0.244521293 ,
0.3011934338 ,
0.497454821 ,
0 ,
0 ,
0 ,
0 ,
0 ,
0.2558192801 ,
0.3571685933 ,
0.5344132729 ,
0 ,
0 ,
0 ,
0 ,
0 ,
0.2425131075 ,
0.3716114451 ,
0.4435330186 ,
0 ,
0 ,
0 ,
0 ,
0 ,
0.2594614225 ,
0.4507569913 ,
0.529585167 ,
0 ,
0 ,
0 ,
0 ,
0 ,
0.172019174 ,
0.3462354939 ,
0.4938084251 ,
0 ,
0 ,
0 ,
0 ,
0 ,
0.1632690288 ,
0.3139095599 ,
0.3853587441 ,
0 ,
0 ,
0 ,
0 ,
0 ,
0.1625175592 ,
0.3430717123 ,
0.4578577915 ,
0 ,
0 ,
0 ,
0 ,
0 ,
0.1846861983 ,
0.3170966172 ,
0.4773150453 ,
0 ,
0 ,
0 ,
0 ,
0 ,
0.1473427704 ,
0.2656808887 ,
0.3990569391 ,
0 ,
0 ,
0 ,
0 ,
0 ,
0.1409899797 ,
0.3069440027 ,
0.4104967666 ,
0 ,
0 ,
0 ,
0 ,
0 ,
0.1875653883 ,
0.2968124338 ,
0.4560283272 ,
0 ,
0 ,
0 ,
0 ,
0 ,
0.1596703479 ,
0.2625512772 ,
0.3699144079 ,
0 ,
0 ,
0 ,
0 ,
0 ,
0.0942107132 ,
0.2821406069 ,
0.4379572363 ,
};
 
 



};

